folder_name,material_name,indirect_band_gap,direct_band_gap,conc,temp,conductivity,seebeck,mobility,ke_ave,id,kappa-ave,PF,ZT
mp-947-done,Au4S2,,2.0,1e+21,300.0,152000.0,108.0,9.5,1.042201930379322,947,2.5948,0.001772928,0.1462408902116055
mp-947-done,Au4S2,,2.0,5e+20,300.0,88700.0,147.0,11.1,0.5876234302008605,947,2.5948,0.0019167182999999,0.1806847839741041
mp-947-done,Au4S2,,2.0,1e+20,300.0,21800.0,272.0,13.6,0.1328899363741298,947,2.5948,0.0016128511999999,0.177386496004436
mp-947-done,Au4S2,,2.0,5e+19,300.0,11600.0,332.0,14.5,0.0692541130700005,947,2.5948,0.0012785983999999,0.1439833816130487
mp-947-done,Au4S2,,2.0,1e+19,300.0,2850.0,467.0,17.8,0.0161828051786964,947,2.5948,0.0006215536499999,0.0714160562950196
mp-947-done,Au4S2,,2.0,5e+18,300.0,1550.0,524.0,19.3,0.0086600811419068,947,2.5948,0.0004255927999999,0.0490415969596772
mp-947-done,Au4S2,,2.0,1e+18,300.0,364.0,655.0,22.7,0.0019779673241056,947,2.5948,0.0001561651,0.0180414076942731
mp-947-done,Au4S2,,2.0,-1e+18,300.0,3860.0,-417.0,240.9,0.0292601714235267,947,2.5948,0.00067121154,0.0767373645592746
mp-947-done,Au4S2,,2.0,-5e+18,300.0,13600.0,-296.0,169.5,0.1114411564081724,947,2.5948,0.0011915775999999,0.1320921748431401
mp-947-done,Au4S2,,2.0,-1e+19,300.0,22900.0,-247.0,142.9,0.1996050311815138,947,2.5948,0.0013971060999999,0.1499896490748712
mp-947-done,Au4S2,,2.0,-5e+19,300.0,84700.0,-171.0,105.7,0.8338012741434803,947,2.5948,0.0024767126999999,0.2167104747942984
mp-947-done,Au4S2,,2.0,-1e+20,300.0,204000.0,-151.0,127.1,1.7094399134265217,947,2.5948,0.0046514039999999,0.3241968914528052
mp-947-done,Au4S2,,2.0,-5e+20,300.0,1530000.0,-68.1,190.9,9.989208605303174,947,2.5948,0.0070955432999999,0.1691561931309316
mp-947-done,Au4S2,,2.0,-1e+21,300.0,2410000.0,-29.3,150.4,15.943732748234362,947,2.5948,0.0020689609,0.0334809813931534
mp-23070-done,Ba2Br2F2,,4.832,1e+21,300.0,371000.0,148.0,23.2,2.322160791918041,23070,4.040933333333333,0.008126384,0.3831336063889657
mp-23070-done,Ba2Br2F2,,4.832,5e+20,300.0,223000.0,191.0,27.9,1.322327298110446,23070,4.040933333333333,0.0081352629999999,0.4550550621559055
mp-23070-done,Ba2Br2F2,,4.832,1e+20,300.0,61600.0,306.0,38.5,0.333247831446167,23070,4.040933333333333,0.0057679776,0.3955925040172011
mp-23070-done,Ba2Br2F2,,4.832,5e+19,300.0,34000.0,360.0,42.4,0.1793547116551124,23070,4.040933333333333,0.0044063999999999,0.3132298046740525
mp-23070-done,Ba2Br2F2,,4.832,1e+19,300.0,8080.0,486.0,50.4,0.0413466002604326,23070,4.040933333333333,0.00190846368,0.1402498391373114
mp-23070-done,Ba2Br2F2,,4.832,5e+18,300.0,4270.0,542.0,53.3,0.0216681166020374,23070,4.040933333333333,0.0012543722799999,0.0926282552294063
mp-23070-done,Ba2Br2F2,,4.832,1e+18,300.0,943.0,672.0,58.9,0.0047200804798416,23070,4.040933333333333,0.000425843712,0.0315778690195777
mp-23070-done,Ba2Br2F2,,4.832,-1e+18,300.0,42300.0,-386.0,2639.8,0.2001429394663064,23070,4.040933333333333,0.0063025308,0.4458206168388155
mp-23070-done,Ba2Br2F2,,4.832,-5e+18,300.0,168000.0,-265.0,2097.4,0.8430894896356856,23070,4.040933333333333,0.0117977999999999,0.7246772032585199
mp-23070-done,Ba2Br2F2,,4.832,-1e+19,300.0,295000.0,-215.0,1838.7,1.529613840333093,23070,4.040933333333333,0.013636375,0.734382525174352
mp-23070-done,Ba2Br2F2,,4.832,-5e+19,300.0,1000000.0,-113.0,1252.4,5.828573943051701,23070,4.040933333333333,0.0127689999999999,0.3881348777325248
mp-23070-done,Ba2Br2F2,,4.832,-1e+20,300.0,1630000.0,-76.0,1019.9,10.190301892857232,23070,4.040933333333333,0.0094148799999999,0.1984693496459074
mp-23070-done,Ba2Br2F2,,4.832,-5e+20,300.0,4370000.0,-18.3,546.0,30.267849263479423,23070,4.040933333333333,0.0014634693,0.0127967463946326
mp-23070-done,Ba2Br2F2,,4.832,-1e+21,300.0,5130000.0,-7.52,320.1,38.25761905129493,23070,4.040933333333333,0.0002901035519999,0.0020575424144207
mp-1018098-done,Ba2BrN,,1.112,1e+21,300.0,14100.0,122.0,0.9,0.0724462375652783,1018098,1.1418866666666667,0.0002098643999999,0.0518468368769033
mp-1018098-done,Ba2BrN,,1.112,1e+21,300.0,14100.0,122.0,0.9,0.0724938947585433,1018098,1.1418866666666667,0.0002098643999999,0.0518448021978219
mp-1018098-done,Ba2BrN,,1.112,1e+21,300.0,14100.0,122.0,0.9,0.0724462375652783,1018098,1.1418866666666667,0.0002098643999999,0.0518468368769033
mp-1018098-done,Ba2BrN,,1.112,1e+21,300.0,14100.0,122.0,0.9,0.0724938947585433,1018098,1.1418866666666667,0.0002098643999999,0.0518448021978219
mp-1018098-done,Ba2BrN,,1.112,5e+20,300.0,8110.0,169.0,1.0,0.0395077950384521,1018098,1.1418866666666667,0.0002316297099999,0.0588193996606992
mp-1018098-done,Ba2BrN,,1.112,5e+20,300.0,8110.0,169.0,1.0,0.0395097192696688,1018098,1.1418866666666667,0.0002316297099999,0.0588193038570161
mp-1018098-done,Ba2BrN,,1.112,5e+20,300.0,8120.0,169.0,1.0,0.0395077950384521,1018098,1.1418866666666667,0.0002319153199999,0.05889192666398
mp-1018098-done,Ba2BrN,,1.112,5e+20,300.0,8120.0,169.0,1.0,0.0395097192696688,1018098,1.1418866666666667,0.0002319153199999,0.0588918307421666
mp-1018098-done,Ba2BrN,,1.112,1e+20,300.0,1900.0,293.0,1.2,0.0087495334260378,1018098,1.1418866666666667,0.0001631130999999,0.0425277164024802
mp-1018098-done,Ba2BrN,,1.112,5e+19,300.0,973.0,350.0,1.2,0.0044444455417305,1018098,1.1418866666666667,0.0001191924999999,0.0311932125187486
mp-1018098-done,Ba2BrN,,1.112,5e+19,300.0,973.0,350.0,1.2,0.0044446424725463,1018098,1.1418866666666667,0.0001191924999999,0.0311932071599969
mp-1018098-done,Ba2BrN,,1.112,5e+19,300.0,973.0,350.0,1.2,0.0044444455417305,1018098,1.1418866666666667,0.0001191924999999,0.0311932125187486
mp-1018098-done,Ba2BrN,,1.112,5e+19,300.0,973.0,350.0,1.2,0.0044446424725463,1018098,1.1418866666666667,0.0001191924999999,0.0311932071599969
mp-1018098-done,Ba2BrN,,1.112,1e+19,300.0,201.0,487.0,1.3,0.0009086340747997,1018098,1.1418866666666667,4.767096899999999e-05,0.0125143065347932
mp-1018098-done,Ba2BrN,,1.112,5e+18,300.0,102.0,546.0,1.3,0.000458303070339,1018098,1.1418866666666667,3.040783199999999e-05,0.0079856346739988
mp-1018098-done,Ba2BrN,,1.112,5e+18,300.0,102.0,546.0,1.3,0.0004583158869916,1018098,1.1418866666666667,3.040783199999999e-05,0.0079856345844032
mp-1018098-done,Ba2BrN,,1.112,5e+18,300.0,102.0,546.0,1.3,0.000458303070339,1018098,1.1418866666666667,3.040783199999999e-05,0.0079856346739988
mp-1018098-done,Ba2BrN,,1.112,5e+18,300.0,102.0,546.0,1.3,0.0004583158869916,1018098,1.1418866666666667,3.040783199999999e-05,0.0079856345844032
mp-1018098-done,Ba2BrN,,1.112,1e+18,300.0,20.8,683.0,1.3,9.341431593312558e-05,1018098,1.1418866666666667,9.7029712e-06,0.0025489861062159
mp-1018098-done,Ba2BrN,,1.112,1e+18,300.0,20.8,683.0,1.3,9.341044758653773e-05,1018098,1.1418866666666667,9.7029712e-06,0.0025489861148503
mp-1018098-done,Ba2BrN,,1.112,1e+18,300.0,20.8,683.0,1.3,9.341431593312558e-05,1018098,1.1418866666666667,9.7029712e-06,0.0025489861062159
mp-1018098-done,Ba2BrN,,1.112,1e+18,300.0,20.8,683.0,1.3,9.341044758653773e-05,1018098,1.1418866666666667,9.7029712e-06,0.0025489861148503
mp-1018098-done,Ba2BrN,,1.112,-1e+18,300.0,281.0,-509.0,17.5,0.0015583940025319,1018098,1.1418866666666667,7.280176099999999e-05,0.0191006363587052
mp-1018098-done,Ba2BrN,,1.112,-1e+18,300.0,281.0,-509.0,17.5,0.0015582219819099,1018098,1.1418866666666667,7.280176099999999e-05,0.0191006392322178
mp-1018098-done,Ba2BrN,,1.112,-1e+18,300.0,281.0,-509.0,17.5,0.0015583940025319,1018098,1.1418866666666667,7.280176099999999e-05,0.0191006363587052
mp-1018098-done,Ba2BrN,,1.112,-1e+18,300.0,281.0,-509.0,17.5,0.0015582219819099,1018098,1.1418866666666667,7.280176099999999e-05,0.0191006392322178
mp-1018098-done,Ba2BrN,,1.112,-5e+18,300.0,1380.0,-373.0,17.2,0.0077058128888198,1018098,1.1418866666666667,0.0001919980199999,0.0501041952033663
mp-1018098-done,Ba2BrN,,1.112,-5e+18,300.0,1380.0,-373.0,17.2,0.0077058185737212,1018098,1.1418866666666667,0.0001919980199999,0.0501041949555938
mp-1018098-done,Ba2BrN,,1.112,-5e+18,300.0,1380.0,-373.0,17.2,0.0077058128888198,1018098,1.1418866666666667,0.0001919980199999,0.0501041952033663
mp-1018098-done,Ba2BrN,,1.112,-5e+18,300.0,1380.0,-373.0,17.2,0.0077058185737212,1018098,1.1418866666666667,0.0001919980199999,0.0501041949555938
mp-1018098-done,Ba2BrN,,1.112,-1e+19,300.0,2710.0,-315.0,16.9,0.0153114691522337,1018098,1.1418866666666667,0.0002688997499999,0.0697114197672668
mp-1018098-done,Ba2BrN,,1.112,-5e+19,300.0,12600.0,-192.0,15.7,0.0741889551454086,1018098,1.1418866666666667,0.0004644864,0.1145865581881828
mp-1018098-done,Ba2BrN,,1.112,-5e+19,300.0,12600.0,-192.0,15.7,0.0741891475844089,1018098,1.1418866666666667,0.0004644864,0.1145865400553308
mp-1018098-done,Ba2BrN,,1.112,-5e+19,300.0,12600.0,-192.0,15.7,0.0741889551454086,1018098,1.1418866666666667,0.0004644864,0.1145865581881828
mp-1018098-done,Ba2BrN,,1.112,-5e+19,300.0,12600.0,-192.0,15.7,0.0741891475844089,1018098,1.1418866666666667,0.0004644864,0.1145865400553308
mp-1018098-done,Ba2BrN,,1.112,-1e+20,300.0,23900.0,-147.0,14.9,0.1461508250977946,1018098,1.1418866666666667,0.0005164551,0.1202888355274154
mp-1018098-done,Ba2BrN,,1.112,-5e+20,300.0,108000.0,-65.5,13.5,0.720238018731394,1018098,1.1418866666666667,0.0004633469999999,0.0746481162566487
mp-1018098-done,Ba2BrN,,1.112,-5e+20,300.0,108000.0,-65.5,13.5,0.7202856473268131,1018098,1.1418866666666667,0.0004633469999999,0.0746462069892296
mp-1018098-done,Ba2BrN,,1.112,-5e+20,300.0,108000.0,-65.5,13.5,0.720238018731394,1018098,1.1418866666666667,0.0004633469999999,0.0746481162566487
mp-1018098-done,Ba2BrN,,1.112,-5e+20,300.0,108000.0,-65.5,13.5,0.7202856473268131,1018098,1.1418866666666667,0.0004633469999999,0.0746462069892296
mp-1018098-done,Ba2BrN,,1.112,-1e+21,300.0,202000.0,-42.8,12.6,1.394012247008642,1018098,1.1418866666666667,0.0003700316799999,0.0437752086257581
mp-23432-done,Ba2Cl2F2,,5.404,1e+21,300.0,202000.0,148.0,12.6,1.405267767384195,23432,3.9373,0.004424608,0.2484540127134236
mp-23432-done,Ba2Cl2F2,,5.404,5e+20,300.0,127000.0,184.0,15.8,0.8817901021535001,23432,3.9373,0.004299712,0.2676674585153695
mp-23432-done,Ba2Cl2F2,,5.404,1e+20,300.0,39700.0,287.0,24.8,0.2608683611889936,23432,3.9373,0.0032700492999999,0.2336768575241536
mp-23432-done,Ba2Cl2F2,,5.404,5e+19,300.0,23000.0,336.0,28.8,0.1468694476149363,23432,3.9373,0.002596608,0.1907321451745613
mp-23432-done,Ba2Cl2F2,,5.404,1e+19,300.0,6100.0,455.0,38.1,0.0368919516744177,23432,3.9373,0.0012628525,0.0953290013685371
mp-23432-done,Ba2Cl2F2,,5.404,5e+18,300.0,3360.0,506.0,42.0,0.0199052534352256,23432,3.9373,0.0008602809599999,0.0652188278017493
mp-23432-done,Ba2Cl2F2,,5.404,1e+18,300.0,799.0,631.0,49.9,0.0045295553184343,23432,3.9373,0.0003181306389999,0.0242119022044473
mp-23432-done,Ba2Cl2F2,,5.404,-1e+18,300.0,26600.0,-401.0,1663.2,0.121346532293408,23432,3.9373,0.0042773066,0.3161625359069912
mp-23432-done,Ba2Cl2F2,,5.404,-5e+18,300.0,107000.0,-277.0,1330.5,0.509060240194214,23432,3.9373,0.008210003,0.5539364259636367
mp-23432-done,Ba2Cl2F2,,5.404,-1e+19,300.0,188000.0,-226.0,1171.1,0.9280386022760996,23432,3.9373,0.0096022879999999,0.5920834366291237
mp-23432-done,Ba2Cl2F2,,5.404,-5e+19,300.0,622000.0,-118.0,775.9,3.761927428265421,23432,3.9373,0.008660728,0.3374648202313669
mp-23432-done,Ba2Cl2F2,,5.404,-1e+20,300.0,1010000.0,-86.3,629.6,6.630403866842996,23432,3.9373,0.0075221668999999,0.2135421372925094
mp-23432-done,Ba2Cl2F2,,5.404,-5e+20,300.0,3070000.0,-24.0,382.8,21.388391303265053,23432,3.9373,0.00176832,0.0209469504167733
mp-23432-done,Ba2Cl2F2,,5.404,-1e+21,300.0,3940000.0,-5.81,245.7,28.24292309066713,23432,3.9373,0.0001329990339999,0.001239882958162
mp-24424-done,Ba2H2Br2,,3.212,1e+21,300.0,61500.0,41.6,3.8,0.3196415936462758,24424,4.042533333333333,0.00010642944,0.0073194753842913
mp-24424-done,Ba2H2Br2,,3.212,5e+20,300.0,44600.0,60.2,5.6,0.2224782238950373,24424,4.042533333333333,0.0001616321839999,0.0113691732248156
mp-24424-done,Ba2H2Br2,,3.212,1e+20,300.0,15900.0,132.0,9.9,0.066509098331886,24424,4.042533333333333,0.0002770415999999,0.0202267271224765
mp-24424-done,Ba2H2Br2,,3.212,5e+19,300.0,9380.0,179.0,11.7,0.0348598478718309,24424,4.042533333333333,0.0003005445799999,0.0221129947476196
mp-24424-done,Ba2H2Br2,,3.212,1e+19,300.0,2350.0,309.0,14.7,0.0073329747639217,24424,4.042533333333333,0.0002243803499999,0.0166213153420356
mp-24424-done,Ba2H2Br2,,3.212,5e+18,300.0,1290.0,366.0,16.1,0.003798588507642,24424,4.042533333333333,0.00017280324,0.0128118436651666
mp-24424-done,Ba2H2Br2,,3.212,1e+18,300.0,326.0,499.0,20.4,0.0008454884744699,24424,4.042533333333333,8.1174326e-05,0.0060227593983172
mp-24424-done,Ba2H2Br2,,3.212,-1e+18,300.0,824.0,-367.0,51.4,0.0028326122987131,24424,4.042533333333333,0.0001109837359999,0.0082304348351773
mp-24424-done,Ba2H2Br2,,3.212,-5e+18,300.0,3220.0,-239.0,40.2,0.0125815365773531,24424,4.042533333333333,0.0001839296199999,0.0136072313041986
mp-24424-done,Ba2H2Br2,,3.212,-1e+19,300.0,5740.0,-187.0,35.8,0.0241131716446565,24424,4.042533333333333,0.0002007220599999,0.0148074384941643
mp-24424-done,Ba2H2Br2,,3.212,-5e+19,300.0,19100.0,-93.2,23.9,0.102002886239274,24424,4.042533333333333,0.000165907184,0.0120091012753008
mp-24424-done,Ba2H2Br2,,3.212,-1e+20,300.0,31800.0,-68.2,19.8,0.1810657691900188,24424,4.042533333333333,0.000147909432,0.0105059283617826
mp-24424-done,Ba2H2Br2,,3.212,-5e+20,300.0,108000.0,-26.8,13.5,0.691651707601277,24424,4.042533333333333,7.756992000000001e-05,0.0049155188905345
mp-24424-done,Ba2H2Br2,,3.212,-1e+21,300.0,178000.0,-18.8,11.1,1.1799498672844737,24424,4.042533333333333,6.291231999999999e-05,0.0036139313952732
mp-23861-done,Ba2H2Cl2,,3.436,1e+21,300.0,52700.0,90.5,3.3,0.2439331792949839,23861,4.3172,0.0004316261749999,0.028389403994554
mp-23861-done,Ba2H2Cl2,,3.436,5e+20,300.0,34400.0,127.0,4.3,0.1439551749302183,23861,4.3172,0.0005548376,0.0373112508920077
mp-23861-done,Ba2H2Cl2,,3.436,1e+20,300.0,9740.0,246.0,6.1,0.0317144326522525,23861,4.3172,0.0005894258399999,0.0406602049174209
mp-23861-done,Ba2H2Cl2,,3.436,5e+19,300.0,5190.0,305.0,6.5,0.0160534365985527,23861,4.3172,0.0004827997499999,0.0334252143612592
mp-23861-done,Ba2H2Cl2,,3.436,1e+19,300.0,1300.0,443.0,8.1,0.0034935519097013,23861,4.3172,0.0002551236999999,0.0177140797143878
mp-23861-done,Ba2H2Cl2,,3.436,5e+18,300.0,747.0,501.0,9.3,0.0018522767757455,23861,4.3172,0.0001874977469999,0.0130235339827748
mp-23861-done,Ba2H2Cl2,,3.436,1e+18,300.0,201.0,635.0,12.5,0.0004230953708236,23861,4.3172,8.104822499999998e-05,0.0056314474336745
mp-23861-done,Ba2H2Cl2,,3.436,-1e+18,300.0,1010.0,-374.0,62.9,0.0034243743574652,23861,4.3172,0.0001412747599999,0.0098093294690244
mp-23861-done,Ba2H2Cl2,,3.436,-5e+18,300.0,3860.0,-246.0,48.2,0.014868337235741,23861,4.3172,0.0002335917599999,0.0161764594980248
mp-23861-done,Ba2H2Cl2,,3.436,-1e+19,300.0,6860.0,-193.0,42.8,0.028321935043724,23861,4.3172,0.0002555281399999,0.0176407904840546
mp-23861-done,Ba2H2Cl2,,3.436,-5e+19,300.0,22700.0,-94.2,28.3,0.1208104625627902,23861,4.3172,0.000201431628,0.0136163465385577
mp-23861-done,Ba2H2Cl2,,3.436,-1e+20,300.0,37100.0,-68.0,23.2,0.2139692205179648,23861,4.3172,0.0001715504,0.0113580220678928
mp-23861-done,Ba2H2Cl2,,3.436,-5e+20,300.0,127000.0,-26.7,15.8,0.8039560650449129,23861,4.3172,9.053703e-05,0.0053037065566877
mp-23861-done,Ba2H2Cl2,,3.436,-1e+21,300.0,192000.0,-20.7,12.0,1.311149382592112,23861,4.3172,8.227007999999999e-05,0.0043851264948717
mp-23862-done,Ba2H2I2,,2.767,1e+21,300.0,75100.0,47.7,4.7,0.4373370621283193,23862,1.8706333333333327,0.000170874279,0.0222109797425483
mp-23862-done,Ba2H2I2,,2.767,5e+20,300.0,49900.0,53.8,6.2,0.2973611691841778,23862,1.8706333333333327,0.0001444325559999,0.0199861054765843
mp-23862-done,Ba2H2I2,,2.767,1e+20,300.0,16100.0,102.0,10.1,0.0857351626937976,23862,1.8706333333333327,0.0001675044,0.0256860198383112
mp-23862-done,Ba2H2I2,,2.767,5e+19,300.0,9430.0,135.0,11.8,0.0475227803182615,23862,1.8706333333333327,0.00017186175,0.0268792120897021
mp-23862-done,Ba2H2I2,,2.767,1e+19,300.0,2640.0,242.0,16.5,0.0110367370898285,23862,1.8706333333333327,0.00015460896,0.0246497453135177
mp-23862-done,Ba2H2I2,,2.767,5e+18,300.0,1510.0,295.0,18.9,0.0057959456681987,23862,1.8706333333333327,0.0001314077499999,0.0210092250430813
mp-23862-done,Ba2H2I2,,2.767,1e+18,300.0,409.0,422.0,25.6,0.0013168711209842,23862,1.8706333333333327,7.283635599999999e-05,0.0116728034474451
mp-23862-done,Ba2H2I2,,2.767,-1e+18,300.0,844.0,-373.0,52.7,0.0029549195167126,23862,1.8706333333333327,0.0001174248759999,0.0188021368870044
mp-23862-done,Ba2H2I2,,2.767,-5e+18,300.0,3250.0,-246.0,40.6,0.0130143933371351,23862,1.8706333333333327,0.0001966769999999,0.0313238506141823
mp-23862-done,Ba2H2I2,,2.767,-1e+19,300.0,5770.0,-194.0,36.0,0.024985452042715,23862,1.8706333333333327,0.00021715972,0.0343676252327685
mp-23862-done,Ba2H2I2,,2.767,-5e+19,300.0,20200.0,-98.8,25.3,0.1109498775357068,23862,1.8706333333333327,0.0001971810879999,0.0298520526796487
mp-23862-done,Ba2H2I2,,2.767,-1e+20,300.0,35500.0,-70.1,22.2,0.2056939783517817,23862,1.8706333333333327,0.0001744473549999,0.025205181382263
mp-23862-done,Ba2H2I2,,2.767,-5e+20,300.0,120000.0,-22.2,15.0,0.7829518710067397,23862,1.8706333333333327,5.914079999999999e-05,0.0066861391791684
mp-23862-done,Ba2H2I2,,2.767,-1e+21,300.0,224000.0,-36.4,14.0,1.477028701371352,23862,1.8706333333333327,0.0002967910399999,0.0265968640433037
mp-22951-done,Ba2I2F2,,3.896,1e+21,300.0,139000.0,92.5,8.7,0.6633681253876375,22951,2.5331,0.0011893187499999,0.1116218310347459
mp-22951-done,Ba2I2F2,,3.896,5e+20,300.0,81900.0,141.0,10.2,0.3659302748724831,22951,2.5331,0.0016282538999999,0.16849640179127
mp-22951-done,Ba2I2F2,,3.896,1e+20,300.0,19900.0,259.0,12.4,0.0902894944207457,22951,2.5331,0.0013349119,0.1526550178125288
mp-22951-done,Ba2I2F2,,3.896,5e+19,300.0,10700.0,314.0,13.4,0.0486087192541241,22951,2.5331,0.0010549772,0.1225905764037692
mp-22951-done,Ba2I2F2,,3.896,1e+19,300.0,2510.0,442.0,15.7,0.0113169875095059,22951,2.5331,0.0004903636399999,0.0578164242426165
mp-22951-done,Ba2I2F2,,3.896,5e+18,300.0,1320.0,499.0,16.5,0.0059467823264405,22951,2.5331,0.00032868132,0.0388352025202356
mp-22951-done,Ba2I2F2,,3.896,1e+18,300.0,287.0,632.0,17.9,0.0012897163964622,22951,2.5331,0.0001146346879999,0.0135695020294148
mp-22951-done,Ba2I2F2,,3.896,-1e+18,300.0,2370.0,-401.0,148.2,0.0136250294853525,22951,2.5331,0.0003810983699999,0.0448927582193959
mp-22951-done,Ba2I2F2,,3.896,-5e+18,300.0,10200.0,-277.0,127.9,0.0610514706135144,22951,2.5331,0.0007826358,0.0905077219505891
mp-22951-done,Ba2I2F2,,3.896,-1e+19,300.0,18900.0,-226.0,118.0,0.1154855753815667,22951,2.5331,0.0009653363999999,0.1093417266528187
mp-22951-done,Ba2I2F2,,3.896,-5e+19,300.0,77800.0,-125.0,97.2,0.509597036957855,22951,2.5331,0.001215625,0.1198566586059522
mp-22951-done,Ba2I2F2,,3.896,-1e+20,300.0,148000.0,-88.4,92.3,0.9764397485235922,22951,2.5331,0.00115655488,0.0988638080380663
mp-22951-done,Ba2I2F2,,3.896,-5e+20,300.0,515000.0,-22.5,64.3,3.64292890802879,22951,2.5331,0.0002607187499999,0.0126643877748516
mp-22951-done,Ba2I2F2,,3.896,-1e+21,300.0,754000.0,-18.5,47.1,5.472098239008368,22951,2.5331,0.0002580565,0.0096708348361389
mp-10485-done,Ba2Li2Sb2,0.702,0.861,1e+21,300.0,325000.0,21.5,20.3,2.2364743695058817,10485,5.288033333333334,0.0001502312499999,0.0059896775682698
mp-10485-done,Ba2Li2Sb2,0.702,0.861,5e+20,300.0,232000.0,36.2,29.0,1.566480077224276,10485,5.288033333333334,0.00030402208,0.0133060683577509
mp-10485-done,Ba2Li2Sb2,0.702,0.861,1e+20,300.0,66600.0,108.0,41.6,0.4085040455075635,10485,5.288033333333334,0.0007768224,0.0409102415206865
mp-10485-done,Ba2Li2Sb2,0.702,0.861,5e+19,300.0,34700.0,153.0,43.3,0.2076033435414265,10485,5.288033333333334,0.0008122923,0.0443420306559602
mp-10485-done,Ba2Li2Sb2,0.702,0.861,1e+19,300.0,7370.0,274.0,46.0,0.0429478729448505,10485,5.288033333333334,0.00055331012,0.0311374265969111
mp-10485-done,Ba2Li2Sb2,0.702,0.861,5e+18,300.0,3780.0,330.0,47.2,0.0219207232147686,10485,5.288033333333334,0.000411642,0.0232568113932571
mp-10485-done,Ba2Li2Sb2,0.702,0.861,1e+18,300.0,801.0,462.0,50.0,0.0046129925793171,10485,5.288033333333334,0.0001709686439999,0.0096909164228209
mp-10485-done,Ba2Li2Sb2,0.702,0.861,-1e+18,300.0,1070.0,-494.0,67.0,0.0059557350615148,10485,5.288033333333334,0.0002611185199999,0.0147970755110987
mp-10485-done,Ba2Li2Sb2,0.702,0.861,-5e+18,300.0,4950.0,-362.0,61.8,0.0278864053415414,10485,5.288033333333334,0.0006486677999999,0.0366070876849767
mp-10485-done,Ba2Li2Sb2,0.702,0.861,-1e+19,300.0,9560.0,-305.0,59.7,0.0543623317604401,10485,5.288033333333334,0.0008893189999999,0.0499393374667405
mp-10485-done,Ba2Li2Sb2,0.702,0.861,-5e+19,300.0,43600.0,-180.0,54.4,0.2576668758550247,10485,5.288033333333334,0.0014126399999999,0.0764181228725297
mp-10485-done,Ba2Li2Sb2,0.702,0.861,-1e+20,300.0,82100.0,-134.0,51.2,0.498765220432098,10485,5.288033333333334,0.0014741876,0.0764250346527488
mp-10485-done,Ba2Li2Sb2,0.702,0.861,-5e+20,300.0,312000.0,-51.6,39.0,2.000709428418159,10485,5.288033333333334,0.00083071872,0.0341918523051447
mp-10485-done,Ba2Li2Sb2,0.702,0.861,-1e+21,300.0,455000.0,-27.7,28.4,3.0818421821683017,10485,5.288033333333334,0.0003491169499999,0.0125133384368731
mp-1018099-done,Ba2NCl,,1.086,1e+21,300.0,13000.0,124.0,0.8,0.0615749630223606,1018099,1.3385033333333334,0.000199888,0.0428307475061133
mp-1018099-done,Ba2NCl,,1.086,5e+20,300.0,7490.0,172.0,0.9,0.0335989155850928,1018099,1.3385033333333334,0.0002215841599999,0.0484477363493644
mp-1018099-done,Ba2NCl,,1.086,1e+20,300.0,1750.0,298.0,1.1,0.0074158903022923,1018099,1.3385033333333334,0.0001554069999999,0.0346395973705118
mp-1018099-done,Ba2NCl,,1.086,5e+19,300.0,900.0,356.0,1.1,0.0037693770214583,1018099,1.3385033333333334,0.0001140623999999,0.0254931205380203
mp-1018099-done,Ba2NCl,,1.086,1e+19,300.0,187.0,492.0,1.2,0.0007758259538012,1018099,1.3385033333333334,4.526596799999999e-05,0.0101396264593769
mp-1018099-done,Ba2NCl,,1.086,5e+18,300.0,94.7,551.0,1.2,0.0003919160399512,1018099,1.3385033333333334,2.87510147e-05,0.0064421054701907
mp-1018099-done,Ba2NCl,,1.086,1e+18,300.0,19.3,688.0,1.2,7.97009934201101e-05,1018099,1.3385033333333334,9.135539199999996e-06,0.0020474350038198
mp-1018099-done,Ba2NCl,,1.086,-1e+18,300.0,269.0,-514.0,16.8,0.0014697498261234,1018099,1.3385033333333334,7.106872400000001e-05,0.0159112279701388
mp-1018099-done,Ba2NCl,,1.086,-5e+18,300.0,1320.0,-378.0,16.5,0.0072496267106049,1018099,1.3385033333333334,0.0001886068799999,0.0420449114212779
mp-1018099-done,Ba2NCl,,1.086,-1e+19,300.0,2610.0,-321.0,16.3,0.014425835819416,1018099,1.3385033333333334,0.00026893701,0.0596343879927766
mp-1018099-done,Ba2NCl,,1.086,-5e+19,300.0,12500.0,-195.0,15.5,0.0716779488942416,1018099,1.3385033333333334,0.0004753125,0.1011173186008777
mp-1018099-done,Ba2NCl,,1.086,-1e+20,300.0,24300.0,-147.0,15.2,0.1444552841082035,1018099,1.3385033333333334,0.0005250987,0.1062265717648795
mp-1018099-done,Ba2NCl,,1.086,-5e+20,300.0,114000.0,-62.1,14.2,0.7514808757647593,1018099,1.3385033333333334,0.00043963074,0.0631053676988857
mp-1018099-done,Ba2NCl,,1.086,-1e+21,300.0,213000.0,-40.6,13.3,1.469108966302559,1018099,1.3385033333333334,0.0003511006799999,0.0375159362329442
mp-27869-done,Ba2PCl,,1.237,1e+21,300.0,13600.0,147.0,0.9,0.0535085830357587,27869,2.3117,0.0002938824,0.0372756638177086
mp-27869-done,Ba2PCl,,1.237,5e+20,300.0,7770.0,200.0,1.0,0.0279808578571151,27869,2.3117,0.0003107999999999,0.0398515890262774
mp-27869-done,Ba2PCl,,1.237,1e+20,300.0,1710.0,336.0,1.1,0.0057288917782926,27869,2.3117,0.00019305216,0.0249913376869821
mp-27869-done,Ba2PCl,,1.237,5e+19,300.0,862.0,396.0,1.1,0.0028685606446124,27869,2.3117,0.000135175392,0.0175205946756254
mp-27869-done,Ba2PCl,,1.237,1e+19,300.0,178.0,536.0,1.1,0.0005848923600516,27869,2.3117,5.1138688000000006e-05,0.0066348253412413
mp-27869-done,Ba2PCl,,1.237,5e+18,300.0,90.7,595.0,1.1,0.000296747212902,27869,2.3117,3.211006749999999e-05,0.0041665371119628
mp-27869-done,Ba2PCl,,1.237,1e+18,300.0,18.9,732.0,1.2,6.137898235247911e-05,27869,2.3117,1.01270736e-05,0.0013142022821306
mp-27869-done,Ba2PCl,,1.237,-1e+18,300.0,445.0,-501.0,27.8,0.0024795206736477,27869,2.3117,0.0001116954449999,0.0144797035841954
mp-27869-done,Ba2PCl,,1.237,-5e+18,300.0,2170.0,-365.0,27.1,0.012211652594243,27869,2.3117,0.0002890982499999,0.0373204699512357
mp-27869-done,Ba2PCl,,1.237,-1e+19,300.0,4280.0,-307.0,26.7,0.0243122166520523,27869,2.3117,0.0004033857199999,0.0518044020220957
mp-27869-done,Ba2PCl,,1.237,-5e+19,300.0,20100.0,-183.0,25.1,0.1196294074948648,27869,2.3117,0.0006731289,0.0830568944617293
mp-27869-done,Ba2PCl,,1.237,-1e+20,300.0,38700.0,-137.0,24.1,0.2386647523073041,27869,2.3117,0.0007263602999999,0.0854419313170124
mp-27869-done,Ba2PCl,,1.237,-5e+20,300.0,178000.0,-60.0,22.2,1.2229778362233077,27869,2.3117,0.0006408,0.0543868519020116
mp-27869-done,Ba2PCl,,1.237,-1e+21,300.0,344000.0,-40.2,21.5,2.409606092936374,27869,2.3117,0.00055591776,0.0353239812706732
mp-684-done,Ba2S4,1.555,1.609,1e+21,300.0,26700.0,125.0,1.7,0.1590440148177579,684,3.1877,0.0004171874999999,0.0373964215505694
mp-684-done,Ba2S4,1.555,1.609,5e+20,300.0,14800.0,165.0,1.9,0.0852473675416516,684,3.1877,0.00040293,0.0369327662273999
mp-684-done,Ba2S4,1.555,1.609,1e+20,300.0,3370.0,283.0,2.1,0.0181655599481533,684,3.1877,0.00026989993,0.0252568229970658
mp-684-done,Ba2S4,1.555,1.609,5e+19,300.0,1710.0,342.0,2.1,0.0091323893566106,684,3.1877,0.0002000084399999,0.018769370643184
mp-684-done,Ba2S4,1.555,1.609,1e+19,300.0,361.0,480.0,2.3,0.0018845981339259,684,3.1877,8.317439999999999e-05,0.0078230626065219
mp-684-done,Ba2S4,1.555,1.609,5e+18,300.0,186.0,539.0,2.3,0.0009653356586033,684,3.1877,5.4036906e-05,0.0050839677713157
mp-684-done,Ba2S4,1.555,1.609,1e+18,300.0,39.8,673.0,2.5,0.000204709463,684,3.1877,1.80265742e-05,0.0016964033598453
mp-684-done,Ba2S4,1.555,1.609,-1e+18,300.0,184.0,-588.0,11.5,0.0016154221262638,684,3.1877,6.361689599999999e-05,0.0059840643755694
mp-684-done,Ba2S4,1.555,1.609,-5e+18,300.0,891.0,-453.0,11.1,0.0078590617478526,684,3.1877,0.0001828412189999,0.0171651860097268
mp-684-done,Ba2S4,1.555,1.609,-1e+19,300.0,1760.0,-395.0,11.0,0.0154885351442714,684,3.1877,0.000274604,0.0257184986447541
mp-684-done,Ba2S4,1.555,1.609,-5e+19,300.0,8330.0,-271.0,10.4,0.0705523485671379,684,3.1877,0.0006117635299999,0.0563274539127331
mp-684-done,Ba2S4,1.555,1.609,-1e+20,300.0,15900.0,-227.0,9.9,0.1292639923521126,684,3.1877,0.0008193111,0.0741018987745188
mp-684-done,Ba2S4,1.555,1.609,-5e+20,300.0,70000.0,-137.0,8.7,0.4858614891622074,684,3.1877,0.0013138299999999,0.107293426600533
mp-684-done,Ba2S4,1.555,1.609,-1e+21,300.0,142000.0,-100.0,8.9,0.9175950801018816,684,3.1877,0.0014199999999999,0.103768423874027
mp-8279-done,BaCd2P2,,0.721,1e+21,300.0,1170000.0,42.5,73.2,8.129966543863015,8279,2.0559,0.0021133124999999,0.0622424952525959
mp-8279-done,BaCd2P2,,0.721,5e+20,300.0,741000.0,61.9,92.5,5.072551236971151,8279,2.0559,0.0028392230099999,0.1194883537369727
mp-8279-done,BaCd2P2,,0.721,1e+20,300.0,208000.0,143.0,129.9,1.330728183649833,8279,2.0559,0.004253392,0.3767811317936921
mp-8279-done,BaCd2P2,,0.721,5e+19,300.0,113000.0,187.0,140.6,0.7355562774755682,8279,2.0559,0.0039514969999999,0.4246704881482227
mp-8279-done,BaCd2P2,,0.721,1e+19,300.0,26700.0,299.0,166.9,0.1807562334475857,8279,2.0559,0.0023870067,0.3201663265419197
mp-8279-done,BaCd2P2,,0.721,5e+18,300.0,14300.0,352.0,178.5,0.0967809843956164,8279,2.0559,0.0017718272,0.2469237958866612
mp-8279-done,BaCd2P2,,0.721,1e+18,300.0,3260.0,479.0,203.4,0.021952337019098,8279,2.0559,0.00074797766,0.1079928992076098
mp-8279-done,BaCd2P2,,0.721,-1e+18,300.0,16100.0,-337.0,1006.3,0.0753232730638143,8279,2.0559,0.0018284609,0.2573818881075889
mp-8279-done,BaCd2P2,,0.721,-5e+18,300.0,65000.0,-210.0,811.9,0.3349121707869682,8279,2.0559,0.0028664999999999,0.3596894856516084
mp-8279-done,BaCd2P2,,0.721,-1e+19,300.0,111000.0,-161.0,694.0,0.6139637039756198,8279,2.0559,0.0028772309999999,0.3233008856274755
mp-8279-done,BaCd2P2,,0.721,-5e+19,300.0,345000.0,-77.1,430.8,2.118193593272298,8279,2.0559,0.0020508214499999,0.1473964158330347
mp-8279-done,BaCd2P2,,0.721,-1e+20,300.0,526000.0,-68.1,328.1,3.520117735958364,8279,2.0559,0.0024393828599999,0.1312432801783747
mp-8279-done,BaCd2P2,,0.721,-5e+20,300.0,1350000.0,-40.6,168.6,10.461656864576495,8279,2.0559,0.002225286,0.053331956644767
mp-8279-done,BaCd2P2,,0.721,-1e+21,300.0,1870000.0,-39.7,116.9,14.135519297541466,8279,2.0559,0.0029472883,0.0546083375244476
mp-3915-done,BaHgO2,2.299,2.792,1e+21,300.0,186000.0,146.0,11.6,1.207718139319244,3915,8.1158,0.003964776,0.1275733883097101
mp-3915-done,BaHgO2,2.299,2.792,5e+20,300.0,108000.0,180.0,13.5,0.7021355241532814,3915,8.1158,0.0034991999999999,0.1190482735017242
mp-3915-done,BaHgO2,2.299,2.792,1e+20,300.0,24400.0,301.0,15.3,0.1581878626872851,3915,8.1158,0.0022106644,0.0801547368700878
mp-3915-done,BaHgO2,2.299,2.792,5e+19,300.0,12400.0,363.0,15.5,0.0805539991196572,3915,8.1158,0.0016339356,0.0598047229356673
mp-3915-done,BaHgO2,2.299,2.792,1e+19,300.0,2830.0,499.0,17.7,0.0176819819526419,3915,8.1158,0.00070467283,0.025991555580879
mp-3915-done,BaHgO2,2.299,2.792,5e+18,300.0,1530.0,555.0,19.1,0.0093515979807144,3915,8.1158,0.0004712782499999,0.0174007184106087
mp-3915-done,BaHgO2,2.299,2.792,1e+18,300.0,364.0,683.0,22.7,0.0021003299915687,3915,8.1158,0.000169801996,0.0062750953730978
mp-3915-done,BaHgO2,2.299,2.792,-1e+18,300.0,1140.0,-408.0,70.9,0.0057158894839796,3915,8.1158,0.00018976896,0.0070098598309357
mp-3915-done,BaHgO2,2.299,2.792,-5e+18,300.0,4610.0,-285.0,57.5,0.0247806914875997,3915,8.1158,0.0003744472499999,0.013799282785494
mp-3915-done,BaHgO2,2.299,2.792,-1e+19,300.0,8290.0,-234.0,51.8,0.0461408803994552,3915,8.1158,0.00045392724,0.0166845330045241
mp-3915-done,BaHgO2,2.299,2.792,-5e+19,300.0,30700.0,-128.0,38.3,0.185620968828785,3915,8.1158,0.0005029888,0.0181772061152669
mp-3915-done,BaHgO2,2.299,2.792,-1e+20,300.0,52300.0,-91.2,32.6,0.326270761329054,3915,8.1158,0.0004350021119999,0.0154583676552155
mp-3915-done,BaHgO2,2.299,2.792,-5e+20,300.0,145000.0,-33.3,18.1,0.9866105889058966,3915,8.1158,0.0001607890499999,0.0052993341191136
mp-3915-done,BaHgO2,2.299,2.792,-1e+21,300.0,199000.0,-16.8,12.4,1.4010185320366364,3915,8.1158,5.616575999999999e-05,0.0017705210983353
mp-8280-done,BaMg2As2,1.075,1.337,1e+21,300.0,486000.0,53.4,30.3,3.3849953457585342,8280,5.281533333333333,0.0013858581599999,0.0479727770362072
mp-8280-done,BaMg2As2,1.075,1.337,5e+20,300.0,302000.0,77.4,37.7,1.9696807711626927,8280,5.281533333333333,0.0018092095199999,0.074851307405671
mp-8280-done,BaMg2As2,1.075,1.337,1e+20,300.0,78200.0,179.0,48.8,0.4784795632290636,8280,5.281533333333333,0.0025056061999999,0.1305000307288508
mp-8280-done,BaMg2As2,1.075,1.337,5e+19,300.0,41600.0,229.0,51.9,0.2593601004420621,8280,5.281533333333333,0.0021815455999999,0.1181151898736371
mp-8280-done,BaMg2As2,1.075,1.337,1e+19,300.0,9530.0,353.0,59.5,0.0607981693962,8280,5.281533333333333,0.0011875237699999,0.0666857028280534
mp-8280-done,BaMg2As2,1.075,1.337,5e+18,300.0,5040.0,409.0,63.0,0.0321652237734659,8280,5.281533333333333,0.0008430962399999,0.0475994016750706
mp-8280-done,BaMg2As2,1.075,1.337,1e+18,300.0,1140.0,539.0,71.0,0.0072334920536867,8280,5.281533333333333,0.0003311939399999,0.0187866444637024
mp-8280-done,BaMg2As2,1.075,1.337,-1e+18,300.0,2920.0,-512.0,182.0,0.0151381728152855,8280,5.281533333333333,0.00076546048,0.043355179518576
mp-8280-done,BaMg2As2,1.075,1.337,-5e+18,300.0,12800.0,-382.0,159.2,0.0683840628100883,8280,5.281533333333333,0.0018678271999999,0.1047395910082474
mp-8280-done,BaMg2As2,1.075,1.337,-1e+19,300.0,24000.0,-325.0,149.6,0.1302378916326594,8280,5.281533333333333,0.002535,0.1405270046323473
mp-8280-done,BaMg2As2,1.075,1.337,-5e+19,300.0,103000.0,-197.0,129.1,0.58544757754554,8280,5.281533333333333,0.0039973269999999,0.2043978186082644
mp-8280-done,BaMg2As2,1.075,1.337,-1e+20,300.0,189000.0,-147.0,117.7,1.09819982596488,8280,5.281533333333333,0.004084101,0.1920503991948745
mp-8280-done,BaMg2As2,1.075,1.337,-5e+20,300.0,629000.0,-55.4,78.5,4.263359453828241,8280,5.281533333333333,0.0019305016399999,0.0606764795492475
mp-8280-done,BaMg2As2,1.075,1.337,-1e+21,300.0,978000.0,-36.6,61.0,7.146708573167284,8280,5.281533333333333,0.00131008968,0.031623692792335
mp-9567-done,BaMg2Sb2,0.854,1.416,1e+21,300.0,646000.0,39.7,40.3,4.487998098147212,9567,1.6398,0.00101815414,0.0498460029373934
mp-9567-done,BaMg2Sb2,0.854,1.416,5e+20,300.0,414000.0,60.6,51.6,2.7803081799121885,9567,1.6398,0.0015203570399999,0.103189128735087
mp-9567-done,BaMg2Sb2,0.854,1.416,1e+20,300.0,108000.0,155.0,67.6,0.677413483871041,9567,1.6398,0.0025946999999999,0.3359250260789914
mp-9567-done,BaMg2Sb2,0.854,1.416,5e+19,300.0,56900.0,203.0,71.0,0.3697245749658225,9567,1.6398,0.0023447921,0.3500517678476084
mp-9567-done,BaMg2Sb2,0.854,1.416,1e+19,300.0,13000.0,321.0,81.4,0.0898960907865554,9567,1.6398,0.001339533,0.2323297729240168
mp-9567-done,BaMg2Sb2,0.854,1.416,5e+18,300.0,6950.0,375.0,86.8,0.0479802264992538,9567,1.6398,0.00097734375,0.1737211518398658
mp-9567-done,BaMg2Sb2,0.854,1.416,1e+18,300.0,1580.0,503.0,98.9,0.0109077743732483,9567,1.6398,0.00039975422,0.072651421324731
mp-9567-done,BaMg2Sb2,0.854,1.416,-1e+18,300.0,3120.0,-501.0,194.6,0.0169039665484906,9567,1.6398,0.0007831231199999,0.141809846987587
mp-9567-done,BaMg2Sb2,0.854,1.416,-5e+18,300.0,13600.0,-371.0,170.0,0.0763234347146144,9567,1.6398,0.0018719175999999,0.3272347831398026
mp-9567-done,BaMg2Sb2,0.854,1.416,-1e+19,300.0,25500.0,-315.0,159.4,0.1452162065331099,9567,1.6398,0.0025302374999999,0.4252461390668556
mp-9567-done,BaMg2Sb2,0.854,1.416,-5e+19,300.0,109000.0,-189.0,135.9,0.6455603106997162,9567,1.6398,0.0038935889999999,0.5111127092437937
mp-9567-done,BaMg2Sb2,0.854,1.416,-1e+20,300.0,196000.0,-141.0,122.5,1.198847125872533,9567,1.6398,0.0038966759999999,0.4118168790143813
mp-9567-done,BaMg2Sb2,0.854,1.416,-5e+20,300.0,660000.0,-57.3,82.4,4.6416619509572525,9567,1.6398,0.0021669714,0.103493649261209
mp-9567-done,BaMg2Sb2,0.854,1.416,-1e+21,300.0,1080000.0,-37.6,67.5,7.774755066445895,9567,1.6398,0.0015268608,0.0486542631879174
mp-28554-done,Ca2AsI,1.556,1.853,1e+21,300.0,52200.0,77.6,3.3,0.3982129258166501,28554,2.1382,0.0003143358719999,0.0371787892421372
mp-28554-done,Ca2AsI,1.556,1.853,5e+20,300.0,31200.0,108.0,3.9,0.2155279825531725,28554,2.1382,0.0003639168,0.0463838815739336
mp-28554-done,Ca2AsI,1.556,1.853,1e+20,300.0,8180.0,214.0,5.1,0.0482390485374302,28554,2.1382,0.00037461128,0.0514001906777032
mp-28554-done,Ca2AsI,1.556,1.853,5e+19,300.0,4350.0,269.0,5.4,0.0248212638955822,28554,2.1382,0.00031477035,0.0436570396122368
mp-28554-done,Ca2AsI,1.556,1.853,1e+19,300.0,970.0,402.0,6.1,0.0053118821087231,28554,2.1382,0.0001567558799999,0.0219391198119725
mp-28554-done,Ca2AsI,1.556,1.853,5e+18,300.0,506.0,459.0,6.3,0.002741260776595,28554,2.1382,0.0001066045859999,0.0149379977797098
mp-28554-done,Ca2AsI,1.556,1.853,1e+18,300.0,109.0,592.0,6.8,0.0005830314445408,28554,2.1382,3.8200576e-05,0.0053582680578215
mp-28554-done,Ca2AsI,1.556,1.853,-1e+18,300.0,1300.0,-503.0,81.4,0.0068859234354123,28554,2.1382,0.0003289117,0.0459997937247995
mp-28554-done,Ca2AsI,1.556,1.853,-5e+18,300.0,6240.0,-367.0,77.9,0.0334674402814218,28554,2.1382,0.0008404593599999,0.1161033237977247
mp-28554-done,Ca2AsI,1.556,1.853,-1e+19,300.0,12300.0,-308.0,76.6,0.066491928766307,28554,2.1382,0.0011668272,0.1587741831104169
mp-28554-done,Ca2AsI,1.556,1.853,-5e+19,300.0,56600.0,-181.0,70.7,0.3228592972352904,28554,2.1382,0.0018542725999999,0.2260334729134267
mp-28554-done,Ca2AsI,1.556,1.853,-1e+20,300.0,106000.0,-135.0,65.9,0.6273364101571554,28554,2.1382,0.00193185,0.209563323003607
mp-28554-done,Ca2AsI,1.556,1.853,-5e+20,300.0,406000.0,-57.3,50.6,2.761202473121415,28554,2.1382,0.00133301574,0.0816231620475997
mp-28554-done,Ca2AsI,1.556,1.853,-1e+21,300.0,699000.0,-39.2,43.6,4.905426862027735,28554,2.1382,0.00107411136,0.0457482223734996
mp-23009-done,Ca2BrN,,2.417,1e+21,300.0,7680.0,229.0,0.5,0.0308303595720765,23009,4.7792,0.0004027468799999,0.0251191894786125
mp-23009-done,Ca2BrN,,2.417,5e+20,300.0,3970.0,286.0,0.5,0.0154180371355677,23009,4.7792,0.00032473012,0.0203184143649116
mp-23009-done,Ca2BrN,,2.417,1e+20,300.0,783.0,427.0,0.5,0.0029757475590738,23009,4.7792,0.0001427636069999,0.0089559824566947
mp-23009-done,Ca2BrN,,2.417,5e+19,300.0,394.0,489.0,0.5,0.0014789741107008,23009,4.7792,9.4213674e-05,0.0059121523016001
mp-23009-done,Ca2BrN,,2.417,1e+19,300.0,85.0,627.0,0.5,0.0003061861000846,23009,4.7792,3.3415965e-05,0.0020974529814721
mp-23009-done,Ca2BrN,,2.417,5e+18,300.0,44.3,685.0,0.6,0.0001573327325159,23009,4.7792,2.07866675e-05,0.0013047779891432
mp-23009-done,Ca2BrN,,2.417,1e+18,300.0,9.58,819.0,0.6,3.337683687547192e-05,23009,4.7792,6.42589038e-06,0.0004033632513831
mp-23009-done,Ca2BrN,,2.417,-1e+18,300.0,543.0,-496.0,33.9,0.0023331472313002,23009,4.7792,0.000133586688,0.0083814134851717
mp-23009-done,Ca2BrN,,2.417,-5e+18,300.0,2560.0,-361.0,32.0,0.0113563719252713,23009,4.7792,0.00033362176,0.0208924643046787
mp-23009-done,Ca2BrN,,2.417,-1e+19,300.0,4980.0,-303.0,31.1,0.0226050990702052,23009,4.7792,0.00045720882,0.0285648091020102
mp-23009-done,Ca2BrN,,2.417,-5e+19,300.0,21800.0,-177.0,27.2,0.1107854769641013,23009,4.7792,0.0006829721999999,0.0419002594108265
mp-23009-done,Ca2BrN,,2.417,-1e+20,300.0,38700.0,-134.0,24.2,0.212527175930995,23009,4.7792,0.0006948972,0.0417629314769429
mp-23009-done,Ca2BrN,,2.417,-5e+20,300.0,146000.0,-63.6,18.2,0.904294515024505,23009,4.7792,0.00059056416,0.0311725906538041
mp-23009-done,Ca2BrN,,2.417,-1e+21,300.0,259000.0,-43.4,16.2,1.6618109139853534,23009,4.7792,0.0004878420399999,0.0227219941022293
mp-24422-done,Ca2H2Br2,,4.085,1e+21,300.0,48900.0,155.0,3.1,0.2598304299487693,24422,5.461200000000001,0.0011748225,0.0616054667625943
mp-24422-done,Ca2H2Br2,,4.085,5e+20,300.0,26400.0,194.0,3.3,0.153401437570828,24422,5.461200000000001,0.0009935904,0.0530896312613355
mp-24422-done,Ca2H2Br2,,4.085,1e+20,300.0,6350.0,307.0,4.0,0.0371148078857713,24422,5.461200000000001,0.0005984811499999,0.0326544316346646
mp-24422-done,Ca2H2Br2,,4.085,5e+19,300.0,3410.0,364.0,4.3,0.0194328484783563,24422,5.461200000000001,0.0004518113599999,0.0247313424831225
mp-24422-done,Ca2H2Br2,,4.085,1e+19,300.0,850.0,493.0,5.3,0.0044623280909667,24422,5.461200000000001,0.0002065916499999,0.0113394299317457
mp-24422-done,Ca2H2Br2,,4.085,5e+18,300.0,474.0,548.0,5.9,0.0023908618594237,24422,5.461200000000001,0.0001423440959999,0.0078159638742489
mp-24422-done,Ca2H2Br2,,4.085,1e+18,300.0,119.0,673.0,7.4,0.000552480186957,24422,5.461200000000001,5.3898551e-05,0.0029605086203845
mp-24422-done,Ca2H2Br2,,4.085,-1e+18,300.0,1140.0,-500.0,71.2,0.0045067918529685,24422,5.461200000000001,0.000285,0.0156429906059805
mp-24422-done,Ca2H2Br2,,4.085,-5e+18,300.0,3560.0,-373.0,44.5,0.0167500465767249,24422,5.461200000000001,0.00049529924,0.02712506881892
mp-24422-done,Ca2H2Br2,,4.085,-1e+19,300.0,5800.0,-320.0,36.2,0.0298527659473374,24422,5.461200000000001,0.0005939199999999,0.0324484224782768
mp-24422-done,Ca2H2Br2,,4.085,-5e+19,300.0,19500.0,-213.0,24.4,0.1216935733527015,24422,5.461200000000001,0.0008846955,0.0475396219743113
mp-24422-done,Ca2H2Br2,,4.085,-1e+20,300.0,33400.0,-187.0,20.8,0.2201372364303685,24422,5.461200000000001,0.0011679645999999,0.0616737513402958
mp-24422-done,Ca2H2Br2,,4.085,-5e+20,300.0,143000.0,-104.0,17.9,0.8921992183090003,24422,5.461200000000001,0.0015466879999999,0.0730327788410986
mp-24422-done,Ca2H2Br2,,4.085,-1e+21,300.0,310000.0,-58.7,19.3,1.833998418816246,24422,5.461200000000001,0.0010681638999999,0.0439260389646766
mp-24204-done,Ca2H2I2,3.461,3.641,1e+21,300.0,170000.0,41.8,10.6,0.8895407124099366,24204,5.1622,0.0002970307999999,0.0147245634330035
mp-24204-done,Ca2H2I2,3.461,3.641,5e+20,300.0,133000.0,57.1,16.6,0.6166657493202932,24204,5.1622,0.00043363453,0.0225114000987652
mp-24204-done,Ca2H2I2,3.461,3.641,1e+20,300.0,42300.0,151.0,26.4,0.1587875303356419,24204,5.1622,0.0009644822999999,0.0543780056522174
mp-24204-done,Ca2H2I2,3.461,3.641,5e+19,300.0,23400.0,210.0,29.2,0.0769299536360378,24204,5.1622,0.0010319399999999,0.0590903456756432
mp-24204-done,Ca2H2I2,3.461,3.641,1e+19,300.0,5210.0,355.0,32.5,0.0148344304357194,24204,5.1622,0.00065659025,0.038048245119247
mp-24204-done,Ca2H2I2,3.461,3.641,5e+18,300.0,2820.0,417.0,35.2,0.0075944727796663,24204,5.1622,0.00049036698,0.028455694858775
mp-24204-done,Ca2H2I2,3.461,3.641,1e+18,300.0,706.0,556.0,44.1,0.0016938249733847,24204,5.1622,0.0002182500159999,0.0126793863350409
mp-24204-done,Ca2H2I2,3.461,3.641,-1e+18,300.0,1020.0,-449.0,63.6,0.0036929164915339,24204,5.1622,0.00020563302,0.0119417701832459
mp-24204-done,Ca2H2I2,3.461,3.641,-5e+18,300.0,3680.0,-320.0,46.0,0.0155670812307873,24204,5.1622,0.0003768319999999,0.0218336588391105
mp-24204-done,Ca2H2I2,3.461,3.641,-1e+19,300.0,6640.0,-264.0,41.4,0.0294832055290399,24204,5.1622,0.0004627814399999,0.0267416994650432
mp-24204-done,Ca2H2I2,3.461,3.641,-5e+19,300.0,26500.0,-144.0,33.1,0.1335741020617235,24204,5.1622,0.000549504,0.0311288202296659
mp-24204-done,Ca2H2I2,3.461,3.641,-1e+20,300.0,46400.0,-105.0,29.0,0.2520241710236202,24204,5.1622,0.0005115599999999,0.0283453353891985
mp-24204-done,Ca2H2I2,3.461,3.641,-5e+20,300.0,172000.0,-50.3,21.5,1.0099590792732929,24204,5.1622,0.0004351754799999,0.021151859879694
mp-24204-done,Ca2H2I2,3.461,3.641,-1e+21,300.0,266000.0,-34.9,16.6,1.5482239517623666,24204,5.1622,0.0003239906599999,0.014484509279692
mp-22936-done,Ca2NCl,,2.362,1e+21,300.0,8710.0,219.0,0.5,0.0308450349793455,22936,7.168233333333333,0.0004177403099999,0.0174080745601527
mp-22936-done,Ca2NCl,,2.362,5e+20,300.0,4510.0,277.0,0.6,0.0154008207827093,22936,7.168233333333333,0.00034604779,0.0144515066848883
mp-22936-done,Ca2NCl,,2.362,1e+20,300.0,904.0,418.0,0.6,0.0030054215415207,22936,7.168233333333333,0.0001579504959999,0.0066076657631512
mp-22936-done,Ca2NCl,,2.362,5e+19,300.0,457.0,479.0,0.6,0.0015015242831754,22936,7.168233333333333,0.000104854537,0.0043873813641216
mp-22936-done,Ca2NCl,,2.362,1e+19,300.0,97.7,617.0,0.6,0.0003103126915906,22936,7.168233333333333,3.719331529999999e-05,0.0015565218182339
mp-22936-done,Ca2NCl,,2.362,5e+18,300.0,50.5,676.0,0.6,0.0001583024627273,22936,7.168233333333333,2.3077288e-05,0.0009657935492012
mp-22936-done,Ca2NCl,,2.362,1e+18,300.0,10.6,812.0,0.7,3.285423872836152e-05,22936,7.168233333333333,6.9890464e-06,0.000292499450374
mp-22936-done,Ca2NCl,,2.362,-1e+18,300.0,514.0,-499.0,32.1,0.0022600036219546,22936,7.168233333333333,0.000127986514,0.0053547158327468
mp-22936-done,Ca2NCl,,2.362,-5e+18,300.0,2450.0,-363.0,30.6,0.0110603446479646,22936,7.168233333333333,0.00032283405,0.0134902149632124
mp-22936-done,Ca2NCl,,2.362,-1e+19,300.0,4790.0,-305.0,29.9,0.0220668429869052,22936,7.168233333333333,0.0004455897499999,0.018591285721312
mp-22936-done,Ca2NCl,,2.362,-5e+19,300.0,21100.0,-179.0,26.4,0.1085193743317889,22936,7.168233333333333,0.0006760650999999,0.0278722581552518
mp-22936-done,Ca2NCl,,2.362,-1e+20,300.0,37800.0,-136.0,23.6,0.2091817809510633,22936,7.168233333333333,0.0006991488,0.0284306409156623
mp-22936-done,Ca2NCl,,2.362,-5e+20,300.0,149000.0,-63.5,18.6,0.9170125718146632,22936,7.168233333333333,0.0006008052499999,0.0222926522105168
mp-22936-done,Ca2NCl,,2.362,-1e+21,300.0,267000.0,-42.1,16.7,1.7090359404477462,22936,7.168233333333333,0.00047323347,0.0159925351616072
mp-23040-done,Ca2PI,1.676,1.931,1e+21,300.0,47200.0,84.3,2.9,0.3664709166813431,23040,2.6327666666666665,0.0003354263279999,0.0335511594542105
mp-23040-done,Ca2PI,1.676,1.931,5e+20,300.0,29100.0,114.0,3.6,0.1996046993422971,23040,2.6327666666666665,0.0003781835999999,0.0400565693332217
mp-23040-done,Ca2PI,1.676,1.931,1e+20,300.0,7940.0,222.0,5.0,0.0451861574319837,23040,2.6327666666666665,0.00039131496,0.0438373995776093
mp-23040-done,Ca2PI,1.676,1.931,5e+19,300.0,4270.0,278.0,5.3,0.02335524674478,23040,2.6327666666666665,0.0003300026799999,0.0372726882377233
mp-23040-done,Ca2PI,1.676,1.931,1e+19,300.0,979.0,410.0,6.1,0.0050742438438961,23040,2.6327666666666665,0.0001645699,0.0187164319892377
mp-23040-done,Ca2PI,1.676,1.931,5e+18,300.0,515.0,466.0,6.4,0.0026319853776796,23040,2.6327666666666665,0.00011183534,0.0127307502316486
mp-23040-done,Ca2PI,1.676,1.931,1e+18,300.0,113.0,598.0,7.0,0.0005646035717968,23040,2.6327666666666665,4.0409252e-05,0.0046035892775853
mp-23040-done,Ca2PI,1.676,1.931,-1e+18,300.0,2050.0,-494.0,127.7,0.0102965162845755,23040,2.6327666666666665,0.0005002737999999,0.0567834098587035
mp-23040-done,Ca2PI,1.676,1.931,-5e+18,300.0,9750.0,-358.0,121.7,0.0499200465540929,23040,2.6327666666666665,0.001249599,0.1397403946396446
mp-23040-done,Ca2PI,1.676,1.931,-1e+19,300.0,19100.0,-300.0,119.3,0.0990846518259024,23040,2.6327666666666665,0.0017189999999999,0.1887730845778724
mp-23040-done,Ca2PI,1.676,1.931,-5e+19,300.0,85300.0,-174.0,106.5,0.4757241739991604,23040,2.6327666666666665,0.0025825428,0.2492408309088177
mp-23040-done,Ca2PI,1.676,1.931,-1e+20,300.0,154000.0,-130.0,95.9,0.9041912260326816,23040,2.6327666666666665,0.0026025999999999,0.2207490232246139
mp-23040-done,Ca2PI,1.676,1.931,-5e+20,300.0,550000.0,-56.8,68.6,3.636794165280952,23040,2.6327666666666665,0.0017744319999999,0.0849069997514648
mp-23040-done,Ca2PI,1.676,1.931,-1e+21,300.0,906000.0,-36.8,56.6,6.193893293738825,23040,2.6327666666666665,0.0012269414399999,0.0417012135565558
mp-8818-done,Ca2ZnN2,0.714,0.971,1e+21,300.0,383000.0,66.0,23.9,2.4113278825947297,8818,9.2668,0.0016683479999999,0.0428582736061599
mp-8818-done,Ca2ZnN2,0.714,0.971,5e+20,300.0,227000.0,85.3,28.3,1.4262695652711246,8818,9.2668,0.0016516724299999,0.0463385864999192
mp-8818-done,Ca2ZnN2,0.714,0.971,1e+20,300.0,65300.0,172.0,40.7,0.3658829171129476,8818,9.2668,0.0019318351999999,0.0601650199624415
mp-8818-done,Ca2ZnN2,0.714,0.971,5e+19,300.0,36300.0,223.0,45.3,0.1937185000416303,8818,9.2668,0.0018051627,0.0572430369432306
mp-8818-done,Ca2ZnN2,0.714,0.971,1e+19,300.0,8960.0,350.0,55.9,0.043203853296677,8818,9.2668,0.0010976,0.0353684064140748
mp-8818-done,Ca2ZnN2,0.714,0.971,5e+18,300.0,4890.0,405.0,61.1,0.0227075394311976,8818,9.2668,0.0008020822499999,0.0259028451162335
mp-8818-done,Ca2ZnN2,0.714,0.971,1e+18,300.0,1170.0,533.0,72.7,0.0050206165204677,8818,9.2668,0.0003323841299999,0.0107546557600885
mp-8818-done,Ca2ZnN2,0.714,0.971,-1e+18,300.0,541.0,-636.0,33.8,0.001979883061126,8818,9.2668,0.0002188323359999,0.0070828848703102
mp-8818-done,Ca2ZnN2,0.714,0.971,-5e+18,300.0,2300.0,-507.0,28.7,0.0090476758725747,8818,9.2668,0.0005912126999999,0.0191210352086
mp-8818-done,Ca2ZnN2,0.714,0.971,-1e+19,300.0,4200.0,-453.0,26.2,0.0172403241205992,8818,9.2668,0.0008618778,0.0278503034210476
mp-8818-done,Ca2ZnN2,0.714,0.971,-5e+19,300.0,17400.0,-326.0,21.7,0.0787203351751417,8818,9.2668,0.0018492024,0.059361137754092
mp-8818-done,Ca2ZnN2,0.714,0.971,-1e+20,300.0,33000.0,-270.0,20.6,0.1555582827839304,8818,9.2668,0.0024056999999999,0.0765954741201725
mp-8818-done,Ca2ZnN2,0.714,0.971,-5e+20,300.0,146000.0,-159.0,18.2,0.7950721379016991,8818,9.2668,0.0036910259999999,0.1100498778779838
mp-8818-done,Ca2ZnN2,0.714,0.971,-1e+21,300.0,273000.0,-131.0,17.0,1.6062060269425624,8818,9.2668,0.0046849529999999,0.129263783770309
mp-31149-done,Ca3BiN,,0.375,1e+21,300.0,706000.0,19.4,44.1,4.909914915003238,31149,4.2891,0.0002657101599999,0.008665389581004
mp-31149-done,Ca3BiN,,0.375,5e+20,300.0,517000.0,28.0,64.6,3.5210425842952944,31149,4.2891,0.000405328,0.0155692932219331
mp-31149-done,Ca3BiN,,0.375,1e+20,300.0,164000.0,83.7,102.3,1.0289691777207723,31149,4.2891,0.00114893316,0.0648129869096068
mp-31149-done,Ca3BiN,,0.375,5e+19,300.0,86300.0,121.0,107.7,0.5302559107058517,31149,4.2891,0.0012635183,0.078652728087161
mp-31149-done,Ca3BiN,,0.375,1e+19,300.0,19300.0,225.0,120.4,0.116487359221874,31149,4.2891,0.0009770625,0.0665334099859437
mp-31149-done,Ca3BiN,,0.375,5e+18,300.0,10200.0,275.0,127.4,0.0610924353217159,31149,4.2891,0.0007713749999999,0.0531959225805733
mp-31149-done,Ca3BiN,,0.375,1e+18,300.0,2290.0,400.0,143.0,0.0134293343434072,31149,4.2891,0.0003663999999999,0.025547763061735
mp-31149-done,Ca3BiN,,0.375,-1e+18,300.0,1780.0,-430.0,111.0,0.0098072350797809,31149,4.2891,0.000329122,0.0229678368480001
mp-31149-done,Ca3BiN,,0.375,-5e+18,300.0,8200.0,-300.0,102.3,0.0459947909421799,31149,4.2891,0.0007379999999999,0.0510715476078093
mp-31149-done,Ca3BiN,,0.375,-1e+19,300.0,15800.0,-246.0,98.6,0.0902769889231371,31149,4.2891,0.0009561527999999,0.0654992344174744
mp-31149-done,Ca3BiN,,0.375,-5e+19,300.0,75400.0,-129.0,94.1,0.4578671017351619,31149,4.2891,0.0012547313999999,0.0792968250954124
mp-31149-done,Ca3BiN,,0.375,-1e+20,300.0,149000.0,-86.9,92.9,0.9330505675811828,31149,4.2891,0.00112518989,0.0646394550734585
mp-31149-done,Ca3BiN,,0.375,-5e+20,300.0,507000.0,-27.9,63.3,3.509592913425044,31149,4.2891,0.0003946538699999,0.0151815390494677
mp-31149-done,Ca3BiN,,0.375,-1e+21,300.0,730000.0,-22.1,45.6,5.190229688778565,31149,4.2891,0.0003565393,0.0112836870867166
mp-4124-done,CaCN2,3.713,4.284,1e+21,300.0,350000.0,46.8,21.8,1.915187451532267,4124,7.676966666666666,0.0007665839999999,0.0239753445541126
mp-4124-done,CaCN2,3.713,4.284,5e+20,300.0,238000.0,71.5,29.7,1.1782672041454665,4124,7.676966666666666,0.0012167155,0.0412202156741596
mp-4124-done,CaCN2,3.713,4.284,1e+20,300.0,72800.0,171.0,45.4,0.2809468783200098,4124,7.676966666666666,0.0021287447999999,0.0802501103322855
mp-4124-done,CaCN2,3.713,4.284,5e+19,300.0,39100.0,229.0,48.8,0.1401789429147142,4124,7.676966666666666,0.0020504431,0.0786902228411914
mp-4124-done,CaCN2,3.713,4.284,1e+19,300.0,9220.0,369.0,57.5,0.0295043608016594,4124,7.676966666666666,0.0012554044199999,0.0488707898411051
mp-4124-done,CaCN2,3.713,4.284,5e+18,300.0,5210.0,428.0,65.0,0.0157745793284457,4124,7.676966666666666,0.00095438864,0.0372190592201522
mp-4124-done,CaCN2,3.713,4.284,1e+18,300.0,1480.0,562.0,92.4,0.0039325344531766,4124,7.676966666666666,0.00046744912,0.0182575935874219
mp-4124-done,CaCN2,3.713,4.284,-1e+18,300.0,1730.0,-448.0,108.1,0.0101196011552733,4124,7.676966666666666,0.00034721792,0.0135506968922718
mp-4124-done,CaCN2,3.713,4.284,-5e+18,300.0,5490.0,-322.0,68.5,0.0357238375766669,4124,7.676966666666666,0.0005692251599999,0.0221411124828641
mp-4124-done,CaCN2,3.713,4.284,-1e+19,300.0,9090.0,-270.0,56.7,0.0633025557222061,4124,7.676966666666666,0.0006626609999999,0.0256836415230806
mp-4124-done,CaCN2,3.713,4.284,-5e+19,300.0,32200.0,-177.0,40.2,0.2543336923539803,4124,7.676966666666666,0.0010087937999999,0.0381574428278668
mp-4124-done,CaCN2,3.713,4.284,-1e+20,300.0,64100.0,-153.0,40.0,0.4503145031436752,4124,7.676966666666666,0.0015005169,0.0553881501814099
mp-4124-done,CaCN2,3.713,4.284,-5e+20,300.0,326000.0,-73.6,40.7,1.659480958943341,4124,7.676966666666666,0.0017659289599999,0.0567430685892544
mp-4124-done,CaCN2,3.713,4.284,-1e+21,300.0,522000.0,-50.5,32.6,2.829344047465206,4124,7.676966666666666,0.0013312305,0.0380123109687604
mp-7067-done,CaCd2As2,,0.248,1e+21,300.0,787000.0,46.0,49.1,5.634239546896281,7067,1.0447833333333334,0.001665292,0.0747995042027502
mp-7067-done,CaCd2As2,,0.248,1e+21,300.0,787000.0,46.0,49.1,5.656882741889767,7067,1.0447833333333334,0.001665292,0.0745467760393252
mp-7067-done,CaCd2As2,,0.248,1e+21,300.0,792000.0,46.0,49.4,5.634239546896281,7067,1.0447833333333334,0.001675872,0.0752747234162365
mp-7067-done,CaCd2As2,,0.248,1e+21,300.0,792000.0,46.0,49.4,5.656882741889767,7067,1.0447833333333334,0.001675872,0.075020389610096
mp-7067-done,CaCd2As2,,0.248,5e+20,300.0,464000.0,56.8,57.9,3.2880892451048527,7067,1.0447833333333334,0.0014969753599999,0.1036477763585303
mp-7067-done,CaCd2As2,,0.248,5e+20,300.0,464000.0,56.8,57.9,3.292259175858,7067,1.0447833333333334,0.0014969753599999,0.1035481222626305
mp-7067-done,CaCd2As2,,0.248,5e+20,300.0,464000.0,56.8,57.9,3.2880892451048527,7067,1.0447833333333334,0.0014969753599999,0.1036477763585303
mp-7067-done,CaCd2As2,,0.248,5e+20,300.0,464000.0,56.8,57.9,3.292259175858,7067,1.0447833333333334,0.0014969753599999,0.1035481222626305
mp-7067-done,CaCd2As2,,0.248,1e+20,300.0,124000.0,142.0,77.3,0.7724616828505745,7067,1.0447833333333334,0.0025003359999999,0.4127681150971767
mp-7067-done,CaCd2As2,,0.248,5e+19,300.0,65800.0,183.0,82.2,0.4396508493086783,7067,1.0447833333333334,0.0022035762,0.4453365920363107
mp-7067-done,CaCd2As2,,0.248,5e+19,300.0,65800.0,183.0,82.2,0.4397740481278951,7067,1.0447833333333334,0.0022035762,0.445299634931804
mp-7067-done,CaCd2As2,,0.248,5e+19,300.0,65800.0,183.0,82.2,0.4396508493086783,7067,1.0447833333333334,0.0022035762,0.4453365920363107
mp-7067-done,CaCd2As2,,0.248,5e+19,300.0,65800.0,183.0,82.2,0.4397740481278951,7067,1.0447833333333334,0.0022035762,0.445299634931804
mp-7067-done,CaCd2As2,,0.248,1e+19,300.0,15900.0,285.0,99.2,0.1137684393004195,7067,1.0447833333333334,0.0012914774999999,0.334420316080644
mp-7067-done,CaCd2As2,,0.248,5e+18,300.0,8540.0,336.0,106.7,0.0612977793346815,7067,1.0447833333333334,0.0009641318399999,0.2614994042365353
mp-7067-done,CaCd2As2,,0.248,5e+18,300.0,8540.0,336.0,106.7,0.061305546923257,7067,1.0447833333333334,0.0009641318399999,0.2614975678381941
mp-7067-done,CaCd2As2,,0.248,5e+18,300.0,8550.0,336.0,106.7,0.0612977793346815,7067,1.0447833333333334,0.0009652608,0.2618056096279401
mp-7067-done,CaCd2As2,,0.248,5e+18,300.0,8550.0,336.0,106.7,0.061305546923257,7067,1.0447833333333334,0.0009652608,0.2618037710792496
mp-7067-done,CaCd2As2,,0.248,1e+18,300.0,1950.0,458.0,121.5,0.0163916763399403,7067,1.0447833333333334,0.0004090397999999,0.1156377966700817
mp-7067-done,CaCd2As2,,0.248,1e+18,300.0,1950.0,458.0,121.5,0.0163923805410564,7067,1.0447833333333334,0.0004090397999999,0.1156377199323045
mp-7067-done,CaCd2As2,,0.248,1e+18,300.0,1950.0,458.0,121.5,0.0163916763399403,7067,1.0447833333333334,0.0004090397999999,0.1156377966700817
mp-7067-done,CaCd2As2,,0.248,1e+18,300.0,1950.0,458.0,121.5,0.0163923805410564,7067,1.0447833333333334,0.0004090397999999,0.1156377199323045
mp-7067-done,CaCd2As2,,0.248,-1e+18,300.0,25400.0,-174.0,1586.9,0.1425165958753137,7067,1.0447833333333334,0.0007690104,0.1943090488969935
mp-7067-done,CaCd2As2,,0.248,-1e+18,300.0,25400.0,-174.0,1586.9,0.1425130417655472,7067,1.0447833333333334,0.0007690104,0.1943096305509958
mp-7067-done,CaCd2As2,,0.248,-1e+18,300.0,25400.0,-174.0,1586.9,0.1425165958753137,7067,1.0447833333333334,0.0007690104,0.1943090488969935
mp-7067-done,CaCd2As2,,0.248,-1e+18,300.0,25400.0,-174.0,1586.9,0.1425130417655472,7067,1.0447833333333334,0.0007690104,0.1943096305509958
mp-7067-done,CaCd2As2,,0.248,-5e+18,300.0,78900.0,-89.7,985.0,0.5511241621376419,7067,1.0447833333333334,0.000634836501,0.1193370861660093
mp-7067-done,CaCd2As2,,0.248,-5e+18,300.0,78900.0,-89.7,985.0,0.5511241654522044,7067,1.0447833333333334,0.000634836501,0.1193370859181565
mp-7067-done,CaCd2As2,,0.248,-5e+18,300.0,78900.0,-89.7,985.0,0.5511241621376419,7067,1.0447833333333334,0.000634836501,0.1193370861660093
mp-7067-done,CaCd2As2,,0.248,-5e+18,300.0,78900.0,-89.7,985.0,0.5511241654522044,7067,1.0447833333333334,0.000634836501,0.1193370859181565
mp-7067-done,CaCd2As2,,0.248,-1e+19,300.0,126000.0,-71.4,786.1,0.9155492070881992,7067,1.0447833333333334,0.00064234296,0.0983011218895355
mp-7067-done,CaCd2As2,,0.248,-5e+19,300.0,407000.0,-40.6,507.9,2.929128991446573,7067,1.0447833333333334,0.0006708825199999,0.050646501369684
mp-7067-done,CaCd2As2,,0.248,-5e+19,300.0,407000.0,-40.6,507.9,2.9291285815775407,7067,1.0447833333333334,0.0006708825199999,0.0506465065933611
mp-7067-done,CaCd2As2,,0.248,-5e+19,300.0,407000.0,-40.6,507.9,2.929128991446573,7067,1.0447833333333334,0.0006708825199999,0.050646501369684
mp-7067-done,CaCd2As2,,0.248,-5e+19,300.0,407000.0,-40.6,507.9,2.9291285815775407,7067,1.0447833333333334,0.0006708825199999,0.0506465065933611
mp-7067-done,CaCd2As2,,0.248,-1e+20,300.0,618000.0,-30.7,385.6,4.263735745861366,7067,1.0447833333333334,0.00058245882,0.0329164581295067
mp-7067-done,CaCd2As2,,0.248,-5e+20,300.0,1090000.0,-24.5,136.3,8.126968226391318,7067,1.0447833333333334,0.0006542725,0.0214006832524683
mp-7067-done,CaCd2As2,,0.248,-5e+20,300.0,1090000.0,-24.5,136.3,8.121461688774266,7067,1.0447833333333334,0.0006542725,0.0214135395166284
mp-7067-done,CaCd2As2,,0.248,-5e+20,300.0,1090000.0,-24.6,136.2,8.126968226391318,7067,1.0447833333333334,0.0006596244,0.0215757392370908
mp-7067-done,CaCd2As2,,0.248,-5e+20,300.0,1090000.0,-24.6,136.2,8.121461688774266,7067,1.0447833333333334,0.0006596244,0.0215887006645279
mp-7067-done,CaCd2As2,,0.248,-1e+21,300.0,1520000.0,-24.8,95.0,11.064870626121252,7067,1.0447833333333334,0.0009348608,0.0231598888737058
mp-9570-done,CaCd2P2,,0.861,1e+21,300.0,1110000.0,49.3,69.1,7.898209659245676,9570,2.3121333333333336,0.0026978438999999,0.0792679707810224
mp-9570-done,CaCd2P2,,0.861,5e+20,300.0,655000.0,63.6,81.7,4.52235181535864,9570,2.3121333333333336,0.0026494488,0.1162976614488833
mp-9570-done,CaCd2P2,,0.861,1e+20,300.0,171000.0,158.0,106.5,1.0456540592580934,9570,2.3121333333333336,0.004268844,0.3813979416402642
mp-9570-done,CaCd2P2,,0.861,5e+19,300.0,90600.0,205.0,113.1,0.5744492224747694,9570,2.3121333333333336,0.003807465,0.3957065068870786
mp-9570-done,CaCd2P2,,0.861,1e+19,300.0,21100.0,322.0,131.6,0.1371563913966995,9570,2.3121333333333336,0.0021877323999999,0.2679632847732259
mp-9570-done,CaCd2P2,,0.861,5e+18,300.0,11300.0,375.0,140.9,0.0730742725876832,9570,2.3121333333333336,0.0015890625,0.1998646779494572
mp-9570-done,CaCd2P2,,0.861,1e+18,300.0,2580.0,502.0,160.8,0.0164776672791072,9570,2.3121333333333336,0.0006501703199999,0.0837628508792023
mp-9570-done,CaCd2P2,,0.861,-1e+18,300.0,19000.0,-243.0,1188.8,0.1061756587419891,9570,2.3121333333333336,0.001121931,0.1391796090172734
mp-9570-done,CaCd2P2,,0.861,-5e+18,300.0,67300.0,-141.0,840.1,0.4264957873947089,9570,2.3121333333333336,0.0013379912999999,0.1465687292090364
mp-9570-done,CaCd2P2,,0.861,-1e+19,300.0,113000.0,-107.0,703.0,0.7332000910615815,9570,2.3121333333333336,0.001293737,0.1274478179929072
mp-9570-done,CaCd2P2,,0.861,-5e+19,300.0,327000.0,-56.6,408.1,2.38184747630324,9570,2.3121333333333336,0.00104756412,0.066951538309406
mp-9570-done,CaCd2P2,,0.861,-1e+20,300.0,496000.0,-57.6,309.3,3.559054444511485,9570,2.3121333333333336,0.0016456089599999,0.0840856580780643
mp-9570-done,CaCd2P2,,0.861,-5e+20,300.0,1300000.0,-43.8,161.9,9.093824691243483,9570,2.3121333333333336,0.0024939719999999,0.0655965591305715
mp-9570-done,CaCd2P2,,0.861,-1e+21,300.0,1750000.0,-30.7,109.1,12.573420665772844,9570,2.3121333333333336,0.0016493575,0.0332407681991353
mp-7041-done,CaHgO2,2.174,2.818,1e+21,300.0,273000.0,75.2,17.0,1.606490840054554,7041,7.202266666666667,0.0015438259199999,0.052578104874221
mp-7041-done,CaHgO2,2.174,2.818,5e+20,300.0,159000.0,108.0,19.8,0.8862147879032504,7041,7.202266666666667,0.001854576,0.0687858163642885
mp-7041-done,CaHgO2,2.174,2.818,1e+20,300.0,38800.0,218.0,24.2,0.1947093843383134,7041,7.202266666666667,0.0018439312,0.0747845276482736
mp-7041-done,CaHgO2,2.174,2.818,5e+19,300.0,20100.0,275.0,25.0,0.0976716562998477,7041,7.202266666666667,0.0015200624999999,0.0624688497114117
mp-7041-done,CaHgO2,2.174,2.818,1e+19,300.0,4440.0,411.0,27.7,0.0206280881994859,7041,7.202266666666667,0.00075000924,0.0311513291604329
mp-7041-done,CaHgO2,2.174,2.818,5e+18,300.0,2370.0,468.0,29.6,0.0107673131310788,7041,7.202266666666667,0.0005190868799999,0.0215895370015068
mp-7041-done,CaHgO2,2.174,2.818,1e+18,300.0,570.0,598.0,35.6,0.0024140359175322,7041,7.202266666666667,0.00020383428,0.0084875772465622
mp-7041-done,CaHgO2,2.174,2.818,-1e+18,300.0,867.0,-426.0,54.1,0.0039474577380084,7041,7.202266666666667,0.000157339692,0.0065501672286069
mp-7041-done,CaHgO2,2.174,2.818,-5e+18,300.0,3230.0,-302.0,40.3,0.0166391221754171,7041,7.202266666666667,0.0002945889199999,0.0122423922108208
mp-7041-done,CaHgO2,2.174,2.818,-1e+19,300.0,5760.0,-248.0,35.9,0.0311025571179711,7041,7.202266666666667,0.00035426304,0.0146928642396043
mp-7041-done,CaHgO2,2.174,2.818,-5e+19,300.0,21400.0,-136.0,26.7,0.1273793356384265,7041,7.202266666666667,0.0003958144,0.0162005532003395
mp-7041-done,CaHgO2,2.174,2.818,-1e+20,300.0,36300.0,-97.8,22.7,0.2240555070307125,7041,7.202266666666667,0.000347203692,0.0140259343944057
mp-7041-done,CaHgO2,2.174,2.818,-5e+20,300.0,109000.0,-41.2,13.6,0.7574653133001109,7041,7.202266666666667,0.00018502096,0.0069733865587056
mp-7041-done,CaHgO2,2.174,2.818,-1e+21,300.0,207000.0,-56.1,12.9,1.6019031913167163,7041,7.202266666666667,0.00065147247,0.022198769918413
mp-5795-done,CaMg2N2,,2.14,1e+21,300.0,136000.0,102.0,8.5,0.8611585490604777,5795,14.166333333333332,0.001414944,0.0282471089202399
mp-5795-done,CaMg2N2,,2.14,5e+20,300.0,78300.0,128.0,9.8,0.510624525094755,5795,14.166333333333332,0.0012828671999999,0.0262220661605952
mp-5795-done,CaMg2N2,,2.14,1e+20,300.0,23200.0,204.0,14.5,0.1440034612749132,5795,14.166333333333332,0.0009654912,0.0202404292894861
mp-5795-done,CaMg2N2,,2.14,5e+19,300.0,13200.0,250.0,16.4,0.0780852522716088,5795,14.166333333333332,0.000825,0.0173752265501462
mp-5795-done,CaMg2N2,,2.14,1e+19,300.0,3230.0,374.0,20.1,0.0177552961058276,5795,14.166333333333332,0.0004517994799999,0.0095557668554507
mp-5795-done,CaMg2N2,,2.14,5e+18,300.0,1740.0,429.0,21.7,0.0093453289633561,5795,14.166333333333332,0.00032023134,0.006777058389135
mp-5795-done,CaMg2N2,,2.14,1e+18,300.0,407.0,556.0,25.4,0.0020910658277463,5795,14.166333333333332,0.0001258183519999,0.0026640580869531
mp-5795-done,CaMg2N2,,2.14,-1e+18,300.0,6900.0,-277.0,430.9,0.0345721509261029,5795,14.166333333333332,0.0005294301,0.0111844297658377
mp-5795-done,CaMg2N2,,2.14,-5e+18,300.0,27600.0,-168.0,344.8,0.1435121458223063,5795,14.166333333333332,0.0007789823999999,0.0163310442688133
mp-5795-done,CaMg2N2,,2.14,-1e+19,300.0,51300.0,-125.0,320.2,0.2591957678167916,5795,14.166333333333332,0.0008015625,0.016669665862088
mp-5795-done,CaMg2N2,,2.14,-5e+19,300.0,144000.0,-47.2,179.5,0.9957421843018114,5795,14.166333333333332,0.00032080896,0.0063475932360354
mp-5795-done,CaMg2N2,,2.14,-1e+20,300.0,224000.0,-50.9,139.7,1.7218209094054748,5795,14.166333333333332,0.0005803414399999,0.0109580023796369
mp-5795-done,CaMg2N2,,2.14,-5e+20,300.0,576000.0,-51.6,71.9,3.863787256369804,5795,14.166333333333332,0.00153363456,0.0255178752527453
mp-5795-done,CaMg2N2,,2.14,-1e+21,300.0,855000.0,-41.3,53.4,5.74949685252932,5795,14.166333333333332,0.0014583649499999,0.0219679260626824
mp-3960-done,CaUO4,2.24,2.42,1e+21,300.0,85100.0,131.0,5.3,0.3636997137570905,3960,11.286499999999998,0.0014604010999999,0.037606250602092
mp-3960-done,CaUO4,2.24,2.42,5e+20,300.0,48200.0,178.0,6.0,0.19663865717502,3960,11.286499999999998,0.0015271687999999,0.0398976842201329
mp-3960-done,CaUO4,2.24,2.42,1e+20,300.0,10500.0,311.0,6.5,0.0403966864597623,3960,11.286499999999998,0.0010155704999999,0.026898024978384
mp-3960-done,CaUO4,2.24,2.42,5e+19,300.0,5330.0,371.0,6.6,0.0202556792265428,3960,11.286499999999998,0.0007336265299999,0.0194651733214974
mp-3960-done,CaUO4,2.24,2.42,1e+19,300.0,1200.0,505.0,7.5,0.0043432974196637,3960,11.286499999999998,0.00030603,0.0081312792660032
mp-3960-done,CaUO4,2.24,2.42,5e+18,300.0,638.0,562.0,8.0,0.0022687413533464,3960,11.286499999999998,0.000201508472,0.0053551049707084
mp-3960-done,CaUO4,2.24,2.42,1e+18,300.0,144.0,694.0,9.0,0.0004950654349738,3960,11.286499999999998,6.935558399999999e-05,0.0018434202442169
mp-3960-done,CaUO4,2.24,2.42,-1e+18,300.0,64.2,-805.0,4.0,0.0001453731096705,3960,11.286499999999998,4.1603205e-05,0.0011058167495663
mp-3960-done,CaUO4,2.24,2.42,-5e+18,300.0,290.0,-672.0,3.6,0.0006877071421149,3960,11.286499999999998,0.00013095936,0.0034807437440896
mp-3960-done,CaUO4,2.24,2.42,-1e+19,300.0,540.0,-616.0,3.4,0.0013280163226808,3960,11.286499999999998,0.00020490624,0.0054458547659575
mp-3960-done,CaUO4,2.24,2.42,-5e+19,300.0,2210.0,-486.0,2.8,0.0060729579527645,3960,11.286499999999998,0.00052199316,0.013867339939541
mp-3960-done,CaUO4,2.24,2.42,-1e+20,300.0,4140.0,-429.0,2.6,0.0118885838375965,3960,11.286499999999998,0.0007619297399999,0.0202311082066121
mp-3960-done,CaUO4,2.24,2.42,-5e+20,300.0,19900.0,-291.0,2.5,0.0620026116423176,3960,11.286499999999998,0.0016851518999999,0.0445473369747772
mp-3960-done,CaUO4,2.24,2.42,-1e+21,300.0,39000.0,-235.0,2.4,0.1305314202367313,3960,11.286499999999998,0.002153775,0.0565937393195509
mp-471-done,Cd2As4,0.22,0.877,1e+21,300.0,774000.0,50.6,48.3,5.049732457564062,471,1.989766666666667,0.0019817186399999,0.0844542461769164
mp-471-done,Cd2As4,0.22,0.877,5e+20,300.0,413000.0,85.7,51.6,2.752176024756921,471,1.989766666666667,0.0030332743699999,0.1919007398899589
mp-471-done,Cd2As4,0.22,0.877,1e+20,300.0,106000.0,168.0,65.9,0.7290372952256519,471,1.989766666666667,0.0029917439999999,0.3301169236840759
mp-471-done,Cd2As4,0.22,0.877,5e+19,300.0,59900.0,207.0,74.8,0.4240535561800515,471,1.989766666666667,0.0025666550999999,0.3189949784627627
mp-471-done,Cd2As4,0.22,0.877,1e+19,300.0,15000.0,312.0,93.1,0.1196079180897623,471,1.989766666666667,0.00146016,0.2076672408805862
mp-471-done,Cd2As4,0.22,0.877,5e+18,300.0,7990.0,359.0,99.0,0.079821932715511,471,1.989766666666667,0.00102975919,0.1492701289001216
mp-471-done,Cd2As4,0.22,0.877,1e+18,300.0,2110.0,312.0,110.4,0.1119565942340126,471,1.989766666666667,0.00020539584,0.0293182043260984
mp-471-done,Cd2As4,0.22,0.877,-1e+18,300.0,13500.0,-308.0,826.9,0.0993695487427858,471,1.989766666666667,0.001280664,0.1839033745938391
mp-471-done,Cd2As4,0.22,0.877,-5e+18,300.0,53600.0,-200.0,668.1,0.3435005481195095,471,1.989766666666667,0.0021439999999999,0.2756649542426771
mp-471-done,Cd2As4,0.22,0.877,-1e+19,300.0,94800.0,-158.0,591.7,0.6065715347946428,471,1.989766666666667,0.0023665872,0.2734528805224221
mp-471-done,Cd2As4,0.22,0.877,-5e+19,300.0,331000.0,-76.3,413.5,2.193403934769022,471,1.989766666666667,0.0019269793899999,0.1381951328500837
mp-471-done,Cd2As4,0.22,0.877,-1e+20,300.0,530000.0,-50.7,330.5,3.691944762764992,471,1.989766666666667,0.0013623596999999,0.0719339436851429
mp-471-done,Cd2As4,0.22,0.877,-5e+20,300.0,1580000.0,-26.6,197.1,11.328538733161029,471,1.989766666666667,0.0011179448,0.0251821406651584
mp-471-done,Cd2As4,0.22,0.877,-1e+21,300.0,2620000.0,-19.7,163.4,18.776286284724343,471,1.989766666666667,0.0010167957999999,0.0146892979958204
mp-541037-done,Cs2Cu2O2,1.152,1.159,1e+21,300.0,62700.0,78.8,3.9,0.3423669561390989,541037,2.0795600000000003,0.0003893318879999,0.0482258831563464
mp-541037-done,Cs2Cu2O2,1.152,1.159,5e+20,300.0,36500.0,83.0,4.6,0.2053728694447146,541037,2.0795600000000003,0.0002514485,0.033013902075089
mp-541037-done,Cs2Cu2O2,1.152,1.159,1e+20,300.0,9790.0,188.0,6.1,0.0526026096265078,541037,2.0795600000000003,0.0003460177599999,0.0486854649506088
mp-541037-done,Cs2Cu2O2,1.152,1.159,5e+19,300.0,5270.0,244.0,6.6,0.0275731220325749,541037,2.0795600000000003,0.00031375472,0.0446703699048706
mp-541037-done,Cs2Cu2O2,1.152,1.159,1e+19,300.0,1260.0,380.0,7.9,0.0063128507842465,541037,2.0795600000000003,0.0001819439999999,0.0261680379892033
mp-541037-done,Cs2Cu2O2,1.152,1.159,5e+18,300.0,713.0,436.0,8.9,0.0034474823941595,541037,2.0795600000000003,0.000135538448,0.0195205896971933
mp-541037-done,Cs2Cu2O2,1.152,1.159,1e+18,300.0,205.0,563.0,12.8,0.000877948895401,541037,2.0795600000000003,6.497864500000001e-05,0.009369947087511
mp-541037-done,Cs2Cu2O2,1.152,1.159,-1e+18,300.0,316.0,-528.0,19.7,0.0010587650360845,541037,2.0795600000000003,8.809574399999997e-05,0.012702338190986
mp-541037-done,Cs2Cu2O2,1.152,1.159,-5e+18,300.0,1120.0,-401.0,13.9,0.0045207310576761,541037,2.0795600000000003,0.0001800971199999,0.0259246847757908
mp-541037-done,Cs2Cu2O2,1.152,1.159,-1e+19,300.0,2000.0,-343.0,12.5,0.0086935753689263,541037,2.0795600000000003,0.000235298,0.0338030787221466
mp-541037-done,Cs2Cu2O2,1.152,1.159,-5e+19,300.0,8440.0,-210.0,10.5,0.0405440109429423,541037,2.0795600000000003,0.0003722039999999,0.0526677933835459
mp-541037-done,Cs2Cu2O2,1.152,1.159,-1e+20,300.0,15200.0,-164.0,9.5,0.0756976707386052,541037,2.0795600000000003,0.0004088192,0.0569053815073393
mp-541037-done,Cs2Cu2O2,1.152,1.159,-5e+20,300.0,54600.0,-79.2,6.8,0.3034970177589569,541037,2.0795600000000003,0.000342486144,0.043115142623244
mp-541037-done,Cs2Cu2O2,1.152,1.159,-1e+21,300.0,97000.0,-44.3,6.1,0.5861766274224554,541037,2.0795600000000003,0.0001903615299999,0.021423143761651
mp-7232-done,Cs2HgO2,2.101,2.176,1e+21,300.0,21600.0,130.0,1.3,0.1274238665502397,7232,1.6001333333333332,0.0003650399999999,0.0633912440105314
mp-7232-done,Cs2HgO2,2.101,2.176,5e+20,300.0,11800.0,169.0,1.5,0.0695172726734099,7232,1.6001333333333332,0.0003370198,0.060555148266506
mp-7232-done,Cs2HgO2,2.101,2.176,1e+20,300.0,2600.0,284.0,1.6,0.0150697391082576,7232,1.6001333333333332,0.0002097055999999,0.0389497030270446
mp-7232-done,Cs2HgO2,2.101,2.176,5e+19,300.0,1300.0,343.0,1.6,0.0075176018193714,7232,1.6001333333333332,0.0001529437,0.0285404679565229
mp-7232-done,Cs2HgO2,2.101,2.176,1e+19,300.0,269.0,483.0,1.7,0.0015284610242198,7232,1.6001333333333332,6.2754741e-05,0.0117543056632324
mp-7232-done,Cs2HgO2,2.101,2.176,5e+18,300.0,140.0,541.0,1.7,0.0007863260165817,7232,1.6001333333333332,4.097533999999999e-05,0.0076784627687011
mp-7232-done,Cs2HgO2,2.101,2.176,1e+18,300.0,31.0,672.0,1.9,0.0001706675975226,7232,1.6001333333333332,1.3999104e-05,0.0026243333751319
mp-7232-done,Cs2HgO2,2.101,2.176,-1e+18,300.0,67.3,-490.0,4.2,0.0004628188376009,7232,1.6001333333333332,1.6158729999999997e-05,0.0030286334210069
mp-7232-done,Cs2HgO2,2.101,2.176,-5e+18,300.0,303.0,-358.0,3.8,0.0021439640676067,7232,1.6001333333333332,3.883369199999999e-05,0.0072709684015979
mp-7232-done,Cs2HgO2,2.101,2.176,-1e+19,300.0,582.0,-301.0,3.6,0.004185635358398,7232,1.6001333333333332,5.2729782e-05,0.0098602178922685
mp-7232-done,Cs2HgO2,2.101,2.176,-5e+19,300.0,2590.0,-183.0,3.2,0.0196255714878442,7232,1.6001333333333332,8.673651000000001e-05,0.0160647074836564
mp-7232-done,Cs2HgO2,2.101,2.176,-1e+20,300.0,4830.0,-145.0,3.0,0.0373868667332698,7232,1.6001333333333332,0.00010155075,0.0186044880538028
mp-7232-done,Cs2HgO2,2.101,2.176,-5e+20,300.0,20200.0,-106.0,2.5,0.1474553342327918,7232,1.6001333333333332,0.0002269672,0.0389623492436749
mp-7232-done,Cs2HgO2,2.101,2.176,-1e+21,300.0,38900.0,-93.1,2.4,0.2552731487675705,7232,1.6001333333333332,0.0003371700289999,0.0545168994911752
mp-561751-done,CsErS2,2.135,2.716,1e+21,300.0,107000.0,96.0,6.6,0.8090715406456747,561751,2.144333333333333,0.000986112,0.1001669641052074
mp-561751-done,CsErS2,2.135,2.716,5e+20,300.0,66000.0,111.0,8.2,0.4409820180608206,561751,2.144333333333333,0.000813186,0.0943621055235852
mp-561751-done,CsErS2,2.135,2.716,1e+20,300.0,18300.0,187.0,11.4,0.1059369760402232,561751,2.144333333333333,0.0006399326999999,0.085314110576082
mp-561751-done,CsErS2,2.135,2.716,5e+19,300.0,9810.0,237.0,12.2,0.0553132994861533,561751,2.144333333333333,0.0005510178899999,0.0751508740238349
mp-561751-done,CsErS2,2.135,2.716,1e+19,300.0,2190.0,367.0,13.7,0.0119320019607342,561751,2.144333333333333,0.0002949689099999,0.0410388608264213
mp-561751-done,CsErS2,2.135,2.716,5e+18,300.0,1140.0,424.0,14.2,0.0061708784241619,561751,2.144333333333333,0.00020494464,0.0285902216158659
mp-561751-done,CsErS2,2.135,2.716,1e+18,300.0,247.0,557.0,15.4,0.0013278762911953,561751,2.144333333333333,7.6631503e-05,0.0107143899497642
mp-561751-done,CsErS2,2.135,2.716,-1e+18,300.0,1260.0,-497.0,78.7,0.006693445570551,561751,2.144333333333333,0.0003112313399999,0.0434068989357487
mp-561751-done,CsErS2,2.135,2.716,-5e+18,300.0,6030.0,-362.0,75.3,0.0323564359704128,561751,2.144333333333333,0.0007901953199999,0.1089078468337716
mp-561751-done,CsErS2,2.135,2.716,-1e+19,300.0,11900.0,-303.0,74.2,0.064301435114422,561751,2.144333333333333,0.0010925271,0.1483985196114389
mp-561751-done,CsErS2,2.135,2.716,-5e+19,300.0,56000.0,-177.0,69.8,0.3170774762157973,561751,2.144333333333333,0.0017544239999999,0.2138315140073591
mp-561751-done,CsErS2,2.135,2.716,-1e+20,300.0,106000.0,-130.0,66.4,0.6259504413541631,561751,2.144333333333333,0.0017913999999999,0.193994566517141
mp-561751-done,CsErS2,2.135,2.716,-5e+20,300.0,428000.0,-53.0,53.4,2.8791097065851616,561751,2.144333333333333,0.001202252,0.0717984850497781
mp-561751-done,CsErS2,2.135,2.716,-1e+21,300.0,744000.0,-35.6,46.4,5.167476784013888,561751,2.144333333333333,0.0009429158399999,0.0386873766495729
mp-9084-done,CsGdS2,2.13,2.61,1e+21,300.0,141000.0,108.0,8.8,1.0769215312323877,9084,1.7382,0.001644624,0.1752631971750107
mp-9084-done,CsGdS2,2.13,2.61,5e+20,300.0,87600.0,128.0,10.9,0.6237625401547983,9084,1.7382,0.0014352384,0.1822939664283504
mp-9084-done,CsGdS2,2.13,2.61,1e+20,300.0,25600.0,194.0,16.0,0.1493910982846674,9084,1.7382,0.0009634816,0.1531287577392512
mp-9084-done,CsGdS2,2.13,2.61,5e+19,300.0,14100.0,245.0,17.6,0.0808426981442367,9084,1.7382,0.0008463524999999,0.1395820726247939
mp-9084-done,CsGdS2,2.13,2.61,1e+19,300.0,3310.0,370.0,20.7,0.0180420762860349,9084,1.7382,0.0004531389999999,0.077404875919753
mp-9084-done,CsGdS2,2.13,2.61,5e+18,300.0,1690.0,430.0,21.1,0.0092201774748522,9084,1.7382,0.000312481,0.0536472573731334
mp-9084-done,CsGdS2,2.13,2.61,1e+18,300.0,368.0,562.0,23.0,0.0019268378259048,9084,1.7382,0.000116230592,0.0200382965436963
mp-9084-done,CsGdS2,2.13,2.61,-1e+18,300.0,2020.0,-495.0,126.1,0.0106138211297457,9084,1.7382,0.0004949504999999,0.0849062079713251
mp-9084-done,CsGdS2,2.13,2.61,-5e+18,300.0,10100.0,-360.0,126.7,0.054722530808517,9084,1.7382,0.0013089599999999,0.2190211753448642
mp-9084-done,CsGdS2,2.13,2.61,-1e+19,300.0,19100.0,-303.0,119.4,0.103445070251457,9084,1.7382,0.0017535519,0.2856498130381721
mp-9084-done,CsGdS2,2.13,2.61,-5e+19,300.0,87400.0,-180.0,109.1,0.5118031099508655,9084,1.7382,0.0028317599999999,0.3775674781260731
mp-9084-done,CsGdS2,2.13,2.61,-1e+20,300.0,154000.0,-134.0,96.0,0.932310197916494,9084,1.7382,0.002765224,0.3106399670921385
mp-9084-done,CsGdS2,2.13,2.61,-5e+20,300.0,621000.0,-57.4,77.6,4.145739772733098,9084,1.7382,0.00204604596,0.1043202023998425
mp-9084-done,CsGdS2,2.13,2.61,-1e+21,300.0,1000000.0,-38.3,62.5,7.023631497341367,9084,1.7382,0.0014668899999999,0.0502254580145145
mp-11742-done,CsNdTe2,1.288,1.936,1e+21,300.0,122000.0,48.2,7.6,0.8359716036518475,11742,1.8597,0.00028343528,0.0315433763833875
mp-11742-done,CsNdTe2,1.288,1.936,5e+20,300.0,88300.0,50.5,11.0,0.5174648190598313,11742,1.8597,0.000225187075,0.0284187793620126
mp-11742-done,CsNdTe2,1.288,1.936,1e+20,300.0,23600.0,127.0,14.7,0.1418102739505965,11742,1.8597,0.0003806443999999,0.0570535767346196
mp-11742-done,CsNdTe2,1.288,1.936,5e+19,300.0,12400.0,177.0,15.5,0.0728899436715737,11742,1.8597,0.0003884795999999,0.0603045050408145
mp-11742-done,CsNdTe2,1.288,1.936,1e+19,300.0,2640.0,308.0,16.5,0.0148146050170119,11742,1.8597,0.00025044096,0.04008092964382
mp-11742-done,CsNdTe2,1.288,1.936,5e+18,300.0,1350.0,366.0,16.8,0.0074964085254456,11742,1.8597,0.0001808406,0.0290554222106949
mp-11742-done,CsNdTe2,1.288,1.936,1e+18,300.0,281.0,502.0,17.6,0.0015491855897519,11742,1.8597,7.081312399999998e-05,0.0114138060419183
mp-11742-done,CsNdTe2,1.288,1.936,-1e+18,300.0,492.0,-516.0,30.7,0.0027019598049816,11742,1.8597,0.0001309979519999,0.0211014520217134
mp-11742-done,CsNdTe2,1.288,1.936,-5e+18,300.0,2400.0,-380.0,29.9,0.0132387796615806,11742,1.8597,0.0003465599999999,0.0555106238009316
mp-11742-done,CsNdTe2,1.288,1.936,-1e+19,300.0,4740.0,-321.0,29.6,0.0263457450231582,11742,1.8597,0.00048841434,0.0776886257327766
mp-11742-done,CsNdTe2,1.288,1.936,-5e+19,300.0,22600.0,-192.0,28.2,0.1302095784847261,11742,1.8597,0.0008331264,0.1256026518503029
mp-11742-done,CsNdTe2,1.288,1.936,-1e+20,300.0,43200.0,-144.0,27.0,0.2583905722595904,11742,1.8597,0.0008957952,0.1268777471179187
mp-11742-done,CsNdTe2,1.288,1.936,-5e+20,300.0,175000.0,-61.1,21.9,1.191119506198422,11742,1.8597,0.0006533117499999,0.0642429106676961
mp-11742-done,CsNdTe2,1.288,1.936,-1e+21,300.0,300000.0,-39.2,18.7,2.1175356648279253,11742,1.8597,0.000460992,0.0347722920276044
mp-1072208-done,Dy2O2F2,5.136,5.146,1e+21,300.0,23900.0,125.0,1.5,0.1235655694554318,1072208,9.5156,0.0003734374999999,0.0116225049972141
mp-1072208-done,Dy2O2F2,5.136,5.146,5e+20,300.0,13200.0,166.0,1.7,0.0611142798812884,1072208,9.5156,0.0003637392,0.0113944884237846
mp-1072208-done,Dy2O2F2,5.136,5.146,1e+20,300.0,2870.0,299.0,1.8,0.0111802930880088,1072208,9.5156,0.00025658087,0.0080797770738816
mp-1072208-done,Dy2O2F2,5.136,5.146,5e+19,300.0,1450.0,359.0,1.8,0.0054861017144123,1072208,9.5156,0.00018687745,0.0058883234959827
mp-1072208-done,Dy2O2F2,5.136,5.146,1e+19,300.0,328.0,493.0,2.0,0.0011235780861314,1072208,9.5156,7.972007199999999e-05,0.0025130520397871
mp-1072208-done,Dy2O2F2,5.136,5.146,5e+18,300.0,176.0,550.0,2.2,0.0005766200084789,1072208,9.5156,5.323999999999999e-05,0.001678405166043
mp-1072208-done,Dy2O2F2,5.136,5.146,1e+18,300.0,39.9,681.0,2.5,0.0001220056312486,1072208,9.5156,1.85040639e-05,0.0005833734073688
mp-1072208-done,Dy2O2F2,5.136,5.146,-1e+18,300.0,116.0,-603.0,7.2,0.0003671105757656,1072208,9.5156,4.2178644e-05,0.0013297222502941
mp-1072208-done,Dy2O2F2,5.136,5.146,-5e+18,300.0,499.0,-472.0,6.2,0.0017308146514456,1072208,9.5156,0.000111169216,0.0035042140963155
mp-1072208-done,Dy2O2F2,5.136,5.146,-1e+19,300.0,931.0,-415.0,5.8,0.0033835889122671,1072208,9.5156,0.000160341475,0.0050533170953283
mp-1072208-done,Dy2O2F2,5.136,5.146,-5e+19,300.0,4230.0,-279.0,5.3,0.0168564670907074,1072208,9.5156,0.00032926743,0.0103625156160978
mp-1072208-done,Dy2O2F2,5.136,5.146,-1e+20,300.0,8180.0,-221.0,5.1,0.0344182661621338,1072208,9.5156,0.0003995193799999,0.0125503230108623
mp-1072208-done,Dy2O2F2,5.136,5.146,-5e+20,300.0,31400.0,-117.0,3.9,0.1731772799664989,1072208,9.5156,0.0004298345999999,0.0133092521660706
mp-1072208-done,Dy2O2F2,5.136,5.146,-1e+21,300.0,59500.0,-86.1,3.7,0.3406401571135228,1072208,9.5156,0.0004410859949999,0.0134255858614064
mp-31166-done,DyTlS2,1.555,2.47,1e+21,300.0,311000.0,17.9,19.4,2.219009360954912,31166,2.3873,9.964750999999998e-05,0.0064898491737
mp-31166-done,DyTlS2,1.555,2.47,5e+20,300.0,203000.0,26.3,25.3,1.4099260298219134,31166,2.3873,0.0001404130699999,0.0110933404198605
mp-31166-done,DyTlS2,1.555,2.47,1e+20,300.0,57100.0,64.4,35.6,0.3804105875976658,31166,2.3873,0.000236814256,0.0256689688287334
mp-31166-done,DyTlS2,1.555,2.47,5e+19,300.0,30500.0,92.8,38.1,0.1942871510289502,31166,2.3873,0.0002626611199999,0.0305232135853182
mp-31166-done,DyTlS2,1.555,2.47,1e+19,300.0,6900.0,185.0,43.1,0.041102403226752,31166,2.3873,0.0002361524999999,0.0291738098701571
mp-31166-done,DyTlS2,1.555,2.47,5e+18,300.0,3630.0,234.0,45.3,0.0211617468859686,31166,2.3873,0.00019876428,0.0247582441685436
mp-31166-done,DyTlS2,1.555,2.47,1e+18,300.0,780.0,360.0,48.7,0.0044065662157283,31166,2.3873,0.0001010879999999,0.0126798163404944
mp-31166-done,DyTlS2,1.555,2.47,-1e+18,300.0,188.0,-596.0,11.8,0.0010443028102781,31166,2.3873,6.678060799999999e-05,0.0083883141875426
mp-31166-done,DyTlS2,1.555,2.47,-5e+18,300.0,928.0,-459.0,11.6,0.0051563072903886,31166,2.3873,0.0001955119679999,0.0245160549938732
mp-31166-done,DyTlS2,1.555,2.47,-1e+19,300.0,1840.0,-400.0,11.5,0.0102635283106975,31166,2.3873,0.0002943999999999,0.0368373971980627
mp-31166-done,DyTlS2,1.555,2.47,-5e+19,300.0,8930.0,-266.0,11.1,0.0511713133844151,31166,2.3873,0.00063185108,0.0777353102165107
mp-31166-done,DyTlS2,1.555,2.47,-1e+20,300.0,17500.0,-212.0,10.9,0.1029378248863414,31166,2.3873,0.00078652,0.0947523957920643
mp-31166-done,DyTlS2,1.555,2.47,-5e+20,300.0,85300.0,-105.0,10.6,0.5503051580339179,31166,2.3873,0.0009404324999999,0.0960407321005638
mp-31166-done,DyTlS2,1.555,2.47,-1e+21,300.0,171000.0,-71.0,10.7,1.1700262306155091,31166,2.3873,0.0008620109999999,0.0726959753576564
mp-1206859-done,Er2Br2O2,,4.382,1e+21,300.0,89800.0,102.0,5.6,0.5422055461902904,1206859,6.534033333333333,0.0009342792,0.0396091433276866
mp-1206859-done,Er2Br2O2,,4.382,5e+20,300.0,51100.0,137.0,6.4,0.322810322271333,1206859,6.534033333333333,0.0009590958999999,0.0419622765884103
mp-1206859-done,Er2Br2O2,,4.382,1e+20,300.0,13800.0,229.0,8.6,0.0918433192545638,1206859,6.534033333333333,0.0007236857999999,0.0327663419323047
mp-1206859-done,Er2Br2O2,,4.382,5e+19,300.0,7640.0,280.0,9.5,0.0498321727177867,1206859,6.534033333333333,0.0005989759999999,0.0272929026017948
mp-1206859-done,Er2Br2O2,,4.382,1e+19,300.0,1900.0,407.0,11.8,0.0115533929406734,1206859,6.534033333333333,0.0003147330999999,0.0144249757811577
mp-1206859-done,Er2Br2O2,,4.382,5e+18,300.0,1040.0,462.0,12.9,0.0061561753149117,1206859,6.534033333333333,0.0002219817599999,0.0101823544886444
mp-1206859-done,Er2Br2O2,,4.382,1e+18,300.0,251.0,587.0,15.7,0.0014256880156963,1206859,6.534033333333333,8.648681899999998e-05,0.00397004183107
mp-1206859-done,Er2Br2O2,,4.382,-1e+18,300.0,1570.0,-434.0,97.7,0.0081446888728556,1206859,6.534033333333333,0.0002957189199999,0.0135605719836484
mp-1206859-done,Er2Br2O2,,4.382,-5e+18,300.0,6390.0,-310.0,79.8,0.0355010579751467,1206859,6.534033333333333,0.0006140789999999,0.0280421243008787
mp-1206859-done,Er2Br2O2,,4.382,-1e+19,300.0,11600.0,-258.0,72.6,0.066534924805116,1206859,6.534033333333333,0.0007721423999999,0.0350943602036622
mp-1206859-done,Er2Br2O2,,4.382,-5e+19,300.0,46500.0,-144.0,58.0,0.2900860674485299,1206859,6.534033333333333,0.000964224,0.0423889417830024
mp-1206859-done,Er2Br2O2,,4.382,-1e+20,300.0,83300.0,-104.0,52.0,0.5405764363412197,1206859,6.534033333333333,0.0009009727999999,0.0382059009330212
mp-1206859-done,Er2Br2O2,,4.382,-5e+20,300.0,288000.0,-48.1,35.9,1.964865082712928,1206859,6.534033333333333,0.00066631968,0.0235202133517196
mp-1206859-done,Er2Br2O2,,4.382,-1e+21,300.0,543000.0,-31.9,33.9,3.874767533692579,1206859,6.534033333333333,0.0005525622299999,0.0159258180762309
mp-1072193-done,Er2O2F2,5.305,5.314,1e+21,300.0,23400.0,126.0,1.5,0.1200146931248924,1072193,9.202633333333331,0.0003714984,0.0119547063971201
mp-1072193-done,Er2O2F2,5.305,5.314,5e+20,300.0,13300.0,167.0,1.7,0.0595491947983552,1072193,9.202633333333331,0.0003709236999999,0.0120141348609781
mp-1072193-done,Er2O2F2,5.305,5.314,1e+20,300.0,2930.0,299.0,1.8,0.0110467755483081,1072193,9.202633333333331,0.00026194493,0.0085290001466676
mp-1072193-done,Er2O2F2,5.305,5.314,5e+19,300.0,1490.0,360.0,1.9,0.0054373607482778,1072193,9.202633333333331,0.0001931039999999,0.0062913504820509
mp-1072193-done,Er2O2F2,5.305,5.314,1e+19,300.0,336.0,494.0,2.1,0.001119115227667,1072193,9.202633333333331,8.199609599999999e-05,0.0026726956138249
mp-1072193-done,Er2O2F2,5.305,5.314,5e+18,300.0,180.0,550.0,2.2,0.0005748705863415,1072193,9.202633333333331,5.444999999999998e-05,0.0017749245304526
mp-1072193-done,Er2O2F2,5.305,5.314,1e+18,300.0,40.8,682.0,2.5,0.0001215511300391,1072193,9.202633333333331,1.89770592e-05,0.0006186319022373
mp-1072193-done,Er2O2F2,5.305,5.314,-1e+18,300.0,94.2,-626.0,5.9,0.0003008394536082,1072193,9.202633333333331,3.69147192e-05,0.0012033570546171
mp-1072193-done,Er2O2F2,5.305,5.314,-5e+18,300.0,410.0,-494.0,5.1,0.0014212072767287,1072193,9.202633333333331,0.0001000547599999,0.0032612179629674
mp-1072193-done,Er2O2F2,5.305,5.314,-1e+19,300.0,771.0,-437.0,4.8,0.0027873338280094,1072193,9.202633333333331,0.000147237099,0.0047983825288476
mp-1072193-done,Er2O2F2,5.305,5.314,-5e+19,300.0,3600.0,-299.0,4.5,0.0140238104908639,1072193,9.202633333333331,0.0003218436,0.010475932704592
mp-1072193-done,Er2O2F2,5.305,5.314,-1e+20,300.0,7100.0,-239.0,4.4,0.0287930689731008,1072193,9.202633333333331,0.0004055590999999,0.0131797324376189
mp-1072193-done,Er2O2F2,5.305,5.314,-5e+20,300.0,28700.0,-124.0,3.6,0.1523117909341844,1072193,9.202633333333331,0.0004412912,0.0141515912965193
mp-1072193-done,Er2O2F2,5.305,5.314,-1e+21,300.0,53500.0,-89.6,3.3,0.3076343385170189,1072193,9.202633333333331,0.0004295065599999,0.0135487214919682
mp-21272-done,ErNiSb,0.262,1.206,1e+21,300.0,1110000.0,35.4,69.1,7.617826672017529,21272,8.9049,0.0013910076,0.0252562599553699
mp-21272-done,ErNiSb,0.262,1.206,5e+20,300.0,737000.0,63.8,92.0,4.781897747436716,21272,8.9049,0.0029999142799999,0.0657549194930215
mp-21272-done,ErNiSb,0.262,1.206,1e+20,300.0,216000.0,147.0,135.0,1.7039674302751884,21272,8.9049,0.004667544,0.1319898857444463
mp-21272-done,ErNiSb,0.262,1.206,5e+19,300.0,126000.0,174.0,157.7,1.0361719778267977,21272,8.9049,0.0038147759999999,0.1151216692276834
mp-21272-done,ErNiSb,0.262,1.206,1e+19,300.0,36200.0,279.0,225.9,0.2763025441106641,21272,8.9049,0.0028178442,0.0920743503847714
mp-21272-done,ErNiSb,0.262,1.206,5e+18,300.0,20700.0,332.0,257.2,0.165472025707771,21272,8.9049,0.0022816368,0.0754644945168705
mp-21272-done,ErNiSb,0.262,1.206,1e+18,300.0,5990.0,414.0,341.0,0.1392700272026631,21272,8.9049,0.0010266620399999,0.0340549338494947
mp-21272-done,ErNiSb,0.262,1.206,-1e+18,300.0,3810.0,-493.0,204.1,0.179892106845352,21272,8.9049,0.0009260166899999,0.0305791264932353
mp-21272-done,ErNiSb,0.262,1.206,-5e+18,300.0,13200.0,-481.0,163.2,0.1055513336875269,21272,8.9049,0.0030539651999999,0.1016807622693212
mp-21272-done,ErNiSb,0.262,1.206,-1e+19,300.0,23700.0,-428.0,147.5,0.1541942043698242,21272,8.9049,0.0043414608,0.1437713540247483
mp-21272-done,ErNiSb,0.262,1.206,-5e+19,300.0,99500.0,-289.0,124.2,0.6204702013234852,21272,8.9049,0.0083103394999999,0.2617328037973339
mp-21272-done,ErNiSb,0.262,1.206,-1e+20,300.0,190000.0,-228.0,118.8,1.205225512131252,21272,8.9049,0.0098769599999999,0.2930812279674004
mp-21272-done,ErNiSb,0.262,1.206,-5e+20,300.0,764000.0,-114.0,95.4,5.362779207722663,21272,8.9049,0.0099289439999999,0.2087713885792792
mp-21272-done,ErNiSb,0.262,1.206,-1e+21,300.0,1410000.0,-81.9,87.7,9.811047808813138,21272,8.9049,0.0094577301,0.1515990031060002
mp-4123-done,ErTlS2,1.437,2.495,1e+21,300.0,336000.0,20.2,20.9,2.377825476129244,4123,2.3846000000000003,0.00013710144,0.0086364463247054
mp-4123-done,ErTlS2,1.437,2.495,5e+20,300.0,205000.0,28.9,25.5,1.4471345346442843,4123,2.3846000000000003,0.0001712180499999,0.0134052645180803
mp-4123-done,ErTlS2,1.437,2.495,1e+20,300.0,56400.0,66.0,35.2,0.3719038538068995,4123,2.3846000000000003,0.0002456783999999,0.0267380435177628
mp-4123-done,ErTlS2,1.437,2.495,5e+19,300.0,30000.0,95.1,37.5,0.190530971994993,4123,2.3846000000000003,0.0002713202999999,0.0316085243372733
mp-4123-done,ErTlS2,1.437,2.495,1e+19,300.0,6710.0,192.0,41.9,0.0389958725834484,4123,2.3846000000000003,0.00024735744,0.030618649272124
mp-4123-done,ErTlS2,1.437,2.495,5e+18,300.0,3480.0,242.0,43.4,0.0197714175066399,4123,2.3846000000000003,0.00020380272,0.0254290229682582
mp-4123-done,ErTlS2,1.437,2.495,1e+18,300.0,730.0,371.0,45.6,0.0040563204703004,4123,2.3846000000000003,0.0001004779299999,0.01261938720177
mp-4123-done,ErTlS2,1.437,2.495,-1e+18,300.0,195.0,-574.0,12.2,0.0011561477424384,4123,2.3846000000000003,6.424781999999999e-05,0.0080789254250643
mp-4123-done,ErTlS2,1.437,2.495,-5e+18,300.0,958.0,-437.0,12.0,0.0057123484997376,4123,2.3846000000000003,0.0001829483019999,0.0229612212121222
mp-4123-done,ErTlS2,1.437,2.495,-1e+19,300.0,1900.0,-379.0,11.8,0.0113743243371012,4123,2.3846000000000003,0.0002729179,0.0341720565067626
mp-4123-done,ErTlS2,1.437,2.495,-5e+19,300.0,9100.0,-249.0,11.4,0.0561795542619839,4123,2.3846000000000003,0.0005642090999999,0.0693478154159439
mp-4123-done,ErTlS2,1.437,2.495,-1e+20,300.0,17700.0,-198.0,11.1,0.111747904313998,4123,2.3846000000000003,0.0006939108,0.0833911169353642
mp-4123-done,ErTlS2,1.437,2.495,-5e+20,300.0,90700.0,-98.8,11.3,0.5957101944217483,4123,2.3846000000000003,0.0008853626079999,0.0891211870821736
mp-4123-done,ErTlS2,1.437,2.495,-1e+21,300.0,193000.0,-64.9,12.1,1.2825293200265673,4123,2.3846000000000003,0.00081291793,0.0665030757623331
mp-556382-done,Eu2Cl2F2,,5.556,1e+21,300.0,167000.0,168.0,10.4,1.1074083388147271,556382,4.386133333333333,0.004713408,0.2573972283070158
mp-556382-done,Eu2Cl2F2,,5.556,5e+20,300.0,94600.0,216.0,11.8,0.6193121478650946,556382,4.386133333333333,0.0044136576,0.2645313558950158
mp-556382-done,Eu2Cl2F2,,5.556,1e+20,300.0,24000.0,342.0,15.0,0.148921203327235,556382,4.386133333333333,0.0028071359999999,0.1856958484605322
mp-556382-done,Eu2Cl2F2,,5.556,5e+19,300.0,13100.0,398.0,16.4,0.0797251544970225,556382,4.386133333333333,0.0020750923999999,0.139397099504246
mp-556382-done,Eu2Cl2F2,,5.556,1e+19,300.0,3180.0,526.0,19.9,0.0186161073848309,556382,4.386133333333333,0.00087982968,0.0599237045267585
mp-556382-done,Eu2Cl2F2,,5.556,5e+18,300.0,1700.0,580.0,21.2,0.0098554332736525,556382,4.386133333333333,0.00057188,0.0390273972725413
mp-556382-done,Eu2Cl2F2,,5.556,1e+18,300.0,384.0,709.0,23.9,0.0021944737172125,556382,4.386133333333333,0.000193029504,0.0131961088018448
mp-556382-done,Eu2Cl2F2,,5.556,-1e+18,300.0,13900.0,-404.0,869.0,0.0737700116219375,556382,4.386133333333333,0.0022687023999999,0.1526066076678161
mp-556382-done,Eu2Cl2F2,,5.556,-5e+18,300.0,54700.0,-283.0,682.6,0.3061711297816152,556382,4.386133333333333,0.0043808683,0.2800884939012544
mp-556382-done,Eu2Cl2F2,,5.556,-1e+19,300.0,96000.0,-233.0,599.0,0.5556312096853013,556382,4.386133333333333,0.005211744,0.3163896592784518
mp-556382-done,Eu2Cl2F2,,5.556,-5e+19,300.0,336000.0,-128.0,419.3,2.155915612685383,556382,4.386133333333333,0.005505024,0.2524449470842089
mp-556382-done,Eu2Cl2F2,,5.556,-1e+20,300.0,580000.0,-91.6,362.2,3.8899689797553214,556382,4.386133333333333,0.0048665247999999,0.1764064030106355
mp-556382-done,Eu2Cl2F2,,5.556,-5e+20,300.0,2190000.0,-25.1,273.0,14.870706677301923,556382,4.386133333333333,0.0013797218999999,0.0214945219346149
mp-556382-done,Eu2Cl2F2,,5.556,-1e+21,300.0,2930000.0,-13.4,182.6,20.85781872252268,556382,4.386133333333333,0.0005261108,0.0062523189574584
mp-1070860-done,Eu2H2Cl2,,3.443,1e+21,300.0,146000.0,34.1,9.1,0.7902080199984551,1070860,5.8508,0.00016977026,0.0076691788124074
mp-1070860-done,Eu2H2Cl2,,3.443,5e+20,300.0,129000.0,49.8,16.1,0.5929046003710091,1070860,5.8508,0.0003199251599999,0.0148947777640899
mp-1070860-done,Eu2H2Cl2,,3.443,1e+20,300.0,44300.0,123.0,27.6,0.207470514561,1070860,5.8508,0.0006702146999999,0.0331884173076645
mp-1070860-done,Eu2H2Cl2,,3.443,5e+19,300.0,27000.0,165.0,33.7,0.1129059590297483,1070860,5.8508,0.000735075,0.0369774267066442
mp-1070860-done,Eu2H2Cl2,,3.443,1e+19,300.0,7660.0,289.0,47.8,0.0260094154724714,1070860,5.8508,0.0006397708599999,0.0326590917674909
mp-1070860-done,Eu2H2Cl2,,3.443,5e+18,300.0,4470.0,345.0,55.8,0.0140209289440307,1070860,5.8508,0.00053204175,0.0272152427045608
mp-1070860-done,Eu2H2Cl2,,3.443,1e+18,300.0,1300.0,477.0,80.9,0.0034734140080963,1070860,5.8508,0.0002957877,0.0151575274546747
mp-1070860-done,Eu2H2Cl2,,3.443,-1e+18,300.0,2050.0,-378.0,127.8,0.0065201405731906,1070860,5.8508,0.0002929121999999,0.0150023659098426
mp-1070860-done,Eu2H2Cl2,,3.443,-5e+18,300.0,6780.0,-249.0,84.6,0.025815578191865,1070860,5.8508,0.0004203667799999,0.0214596364730687
mp-1070860-done,Eu2H2Cl2,,3.443,-1e+19,300.0,11300.0,-195.0,70.8,0.0477767271631652,1070860,5.8508,0.0004296825,0.0218535344986509
mp-1070860-done,Eu2H2Cl2,,3.443,-5e+19,300.0,36000.0,-97.1,44.9,0.1989916045637462,1070860,5.8508,0.0003394227599999,0.0168314604296709
mp-1070860-done,Eu2H2Cl2,,3.443,-1e+20,300.0,60700.0,-68.7,37.9,0.3581214722107218,1070860,5.8508,0.000286485183,0.013842267982397
mp-1070860-done,Eu2H2Cl2,,3.443,-5e+20,300.0,190000.0,-23.8,23.7,1.2310150802205595,1070860,5.8508,0.0001076236,0.0045591532162676
mp-1070860-done,Eu2H2Cl2,,3.443,-1e+21,300.0,264000.0,-17.5,16.5,1.85752307963578,1070860,5.8508,8.084999999999999e-05,0.0031465987802299
mp-4805-done,Gd2SO2,2.996,3.414,1e+21,300.0,106000.0,67.3,6.6,0.6334124580756073,4805,5.899333333333334,0.0004801047399999,0.0220476085552544
mp-4805-done,Gd2SO2,2.996,3.414,5e+20,300.0,60600.0,100.0,7.6,0.3459272377236493,4805,5.899333333333334,0.0006059999999999,0.029110074420674
mp-4805-done,Gd2SO2,2.996,3.414,1e+20,300.0,14700.0,210.0,9.2,0.0763124432849421,4805,5.899333333333334,0.0006482699999999,0.0325456038175727
mp-4805-done,Gd2SO2,2.996,3.414,5e+19,300.0,7700.0,266.0,9.6,0.0387927912939294,4805,5.899333333333334,0.0005448212,0.0275249054280165
mp-4805-done,Gd2SO2,2.996,3.414,1e+19,300.0,1750.0,399.0,10.9,0.0082597310327235,4805,5.899333333333334,0.00027860175,0.0141479827891579
mp-4805-done,Gd2SO2,2.996,3.414,5e+18,300.0,933.0,455.0,11.6,0.0043013464915899,4805,5.899333333333334,0.000193154325,0.0098153596288783
mp-4805-done,Gd2SO2,2.996,3.414,1e+18,300.0,216.0,584.0,13.5,0.0009431889885814,4805,5.899333333333334,7.3668096e-05,0.0037456598375329
mp-4805-done,Gd2SO2,2.996,3.414,-1e+18,300.0,736.0,-458.0,46.0,0.0031328411361264,4805,5.899333333333334,0.000154386304,0.0078468710926857
mp-4805-done,Gd2SO2,2.996,3.414,-5e+18,300.0,3110.0,-331.0,38.8,0.01419814575812,4805,5.899333333333334,0.0003407347099999,0.017285849134547
mp-4805-done,Gd2SO2,2.996,3.414,-1e+19,300.0,5740.0,-277.0,35.8,0.0271882019970319,4805,5.899333333333334,0.00044042446,0.0222942475130371
mp-4805-done,Gd2SO2,2.996,3.414,-5e+19,300.0,23200.0,-157.0,29.0,0.1232450078358262,4805,5.899333333333334,0.0005718568,0.0284856468910117
mp-4805-done,Gd2SO2,2.996,3.414,-1e+20,300.0,40200.0,-115.0,25.1,0.2324908278961696,4805,5.899333333333334,0.0005316449999999,0.0260107752287517
mp-4805-done,Gd2SO2,2.996,3.414,-5e+20,300.0,133000.0,-53.5,16.6,0.8606244468560439,4805,5.899333333333334,0.00038067925,0.0168941550692348
mp-4805-done,Gd2SO2,2.996,3.414,-1e+21,300.0,218000.0,-35.8,13.6,1.4248927807939713,4805,5.899333333333334,0.0002793975199999,0.0114441109127277
mp-557655-done,GdTlS2,1.637,2.404,1e+21,300.0,285000.0,20.0,17.8,1.9986387212456609,557655,2.4777,0.0001139999999999,0.0076401725002733
mp-557655-done,GdTlS2,1.637,2.404,5e+20,300.0,178000.0,27.3,22.2,1.234447572165686,557655,2.4777,0.00013266162,0.0107211486683384
mp-557655-done,GdTlS2,1.637,2.404,1e+20,300.0,45500.0,64.5,28.4,0.3099863571740109,557655,2.4777,0.0001892913749999,0.0203708040374877
mp-557655-done,GdTlS2,1.637,2.404,5e+19,300.0,24500.0,89.4,30.6,0.1599801672602292,557655,2.4777,0.00019581282,0.022271026915677
mp-557655-done,GdTlS2,1.637,2.404,1e+19,300.0,5690.0,182.0,35.5,0.0331649127382298,557655,2.4777,0.0001884755599999,0.0225191995447924
mp-557655-done,GdTlS2,1.637,2.404,5e+18,300.0,2970.0,232.0,37.1,0.0168715293805911,557655,2.4777,0.00015985728,0.0192246177089609
mp-557655-done,GdTlS2,1.637,2.404,1e+18,300.0,631.0,360.0,39.4,0.0035056557379655,557655,2.4777,8.177759999999997e-05,0.0098876447195197
mp-557655-done,GdTlS2,1.637,2.404,-1e+18,300.0,175.0,-643.0,10.9,0.0011059779733894,557655,2.4777,7.2353575e-05,0.0087566645767678
mp-557655-done,GdTlS2,1.637,2.404,-5e+18,300.0,848.0,-507.0,10.6,0.0053936164768743,557655,2.4777,0.0002179775519999,0.0263354007944142
mp-557655-done,GdTlS2,1.637,2.404,-1e+19,300.0,1680.0,-448.0,10.5,0.0106844705215588,557655,2.4777,0.00033718272,0.0406507986198765
mp-557655-done,GdTlS2,1.637,2.404,-5e+19,300.0,8120.0,-313.0,10.1,0.05218496009739,557655,2.4777,0.0007955082799999,0.094333334425919
mp-557655-done,GdTlS2,1.637,2.404,-1e+20,300.0,15900.0,-259.0,9.9,0.102095918147401,557655,2.4777,0.0010665879,0.1240316599267204
mp-557655-done,GdTlS2,1.637,2.404,-5e+20,300.0,73700.0,-149.0,9.2,0.4651463234211482,557655,2.4777,0.0016362136999999,0.1667990972186837
mp-557655-done,GdTlS2,1.637,2.404,-1e+21,300.0,144000.0,-109.0,9.0,0.9066536611620918,557655,2.4777,0.0017108639999999,0.1516564908360467
mp-569393-done,GdTlSe2,1.203,1.851,1e+21,300.0,379000.0,15.6,23.6,2.787840613208433,569393,1.6841333333333337,9.223344e-05,0.00618743139624
mp-569393-done,GdTlSe2,1.203,1.851,5e+20,300.0,272000.0,22.1,33.9,1.9161979194805825,569393,1.6841333333333337,0.00013284752,0.0110696081003243
mp-569393-done,GdTlSe2,1.203,1.851,1e+20,300.0,73300.0,57.7,45.8,0.5044308544960022,569393,1.6841333333333337,0.000244036957,0.0334516517756841
mp-569393-done,GdTlSe2,1.203,1.851,5e+19,300.0,37700.0,83.3,47.1,0.2555127087362002,569393,1.6841333333333337,0.0002615961529999,0.0404603954524794
mp-569393-done,GdTlSe2,1.203,1.851,1e+19,300.0,8010.0,168.0,50.0,0.050612027635737,569393,1.6841333333333337,0.0002260742399999,0.0390963847063311
mp-569393-done,GdTlSe2,1.203,1.851,5e+18,300.0,4120.0,215.0,51.4,0.025477330846512,569393,1.6841333333333337,0.000190447,0.0334193633656403
mp-569393-done,GdTlSe2,1.203,1.851,1e+18,300.0,870.0,339.0,54.3,0.0052575806123515,569393,1.6841333333333337,9.998127e-05,0.0177545532845006
mp-569393-done,GdTlSe2,1.203,1.851,-1e+18,300.0,312.0,-609.0,19.5,0.0016855142533554,569393,1.6841333333333337,0.0001157148719999,0.0205920473897091
mp-569393-done,GdTlSe2,1.203,1.851,-5e+18,300.0,1500.0,-473.0,18.8,0.0081822703472414,569393,1.6841333333333337,0.0003355935,0.0594912968840078
mp-569393-done,GdTlSe2,1.203,1.851,-1e+19,300.0,2960.0,-414.0,18.5,0.0162057979369186,569393,1.6841333333333337,0.00050733216,0.0895113481781119
mp-569393-done,GdTlSe2,1.203,1.851,-5e+19,300.0,14200.0,-278.0,17.7,0.0795677666821774,569393,1.6841333333333337,0.0010974327999999,0.1866698614618285
mp-569393-done,GdTlSe2,1.203,1.851,-1e+20,300.0,27300.0,-223.0,17.1,0.156342964497552,569393,1.6841333333333337,0.0013576017,0.2212908204685955
mp-569393-done,GdTlSe2,1.203,1.851,-5e+20,300.0,116000.0,-113.0,14.5,0.7117560676172395,569393,1.6841333333333337,0.0014812039999999,0.1854681605184567
mp-569393-done,GdTlSe2,1.203,1.851,-1e+21,300.0,217000.0,-77.3,13.6,1.377544807902818,569393,1.6841333333333337,0.00129663793,0.1270516889939792
mp-34337-done,H4NCl,,5.288,1e+21,300.0,87300.0,155.0,5.4,0.4725531000200833,34337,6.1433,0.0020973825,0.0951071223147457
mp-34337-done,H4NCl,,5.288,5e+20,300.0,43700.0,212.0,5.5,0.2332361472174738,34337,6.1433,0.0019640528,0.0924037481159917
mp-34337-done,H4NCl,,5.288,1e+20,300.0,8320.0,362.0,5.2,0.0465432249064344,34337,6.1433,0.0010902860799999,0.0528423438389934
mp-34337-done,H4NCl,,5.288,5e+19,300.0,4300.0,428.0,5.4,0.024257217283574,34337,6.1433,0.0007876912,0.038314579285586
mp-34337-done,H4NCl,,5.288,1e+19,300.0,1170.0,561.0,7.3,0.006248758245555,34337,6.1433,0.00036822357,0.0179634433911726
mp-34337-done,H4NCl,,5.288,5e+18,300.0,682.0,617.0,8.5,0.0034584666969023,34337,6.1433,0.0002596298979999,0.0126715519768625
mp-34337-done,H4NCl,,5.288,1e+18,300.0,200.0,739.0,12.5,0.0008893280940685,34337,6.1433,0.0001092242,0.0053330485520966
mp-34337-done,H4NCl,,5.288,-1e+18,300.0,6610.0,-393.0,412.5,0.0320201816128896,34337,6.1433,0.0010209078899999,0.0495961922609131
mp-34337-done,H4NCl,,5.288,-5e+18,300.0,18400.0,-263.0,229.8,0.0978592354753203,34337,6.1433,0.0012727096,0.0611765964613978
mp-34337-done,H4NCl,,5.288,-1e+19,300.0,28200.0,-208.0,175.7,0.1551431705905512,34337,6.1433,0.0012200447999999,0.0581117317544443
mp-34337-done,H4NCl,,5.288,-5e+19,300.0,73700.0,-101.0,92.0,0.45648112613856,34337,6.1433,0.0007518137,0.0341744833183525
mp-34337-done,H4NCl,,5.288,-1e+20,300.0,113000.0,-68.5,70.7,0.7326862807467164,34337,6.1433,0.0005302242499999,0.0231337394382781
mp-34337-done,H4NCl,,5.288,-5e+20,300.0,300000.0,-24.0,37.4,2.061273284239508,34337,6.1433,0.0001728,0.0063184273214527
mp-34337-done,H4NCl,,5.288,-1e+21,300.0,416000.0,-16.8,26.0,2.9321541837527856,34337,6.1433,0.0001174118399999,0.0038811888955407
mp-11869-done,HfSnPd,0.389,1.272,1e+21,300.0,631000.0,68.6,39.4,4.236572892914382,11869,7.5749,0.0029694607599999,0.0754214344033568
mp-11869-done,HfSnPd,0.389,1.272,5e+20,300.0,382000.0,111.0,47.6,2.2884962308092267,11869,7.5749,0.004706622,0.143154200334113
mp-11869-done,HfSnPd,0.389,1.272,1e+20,300.0,85600.0,249.0,53.4,0.4855836388044467,11869,7.5749,0.0053072855999999,0.1975297949039851
mp-11869-done,HfSnPd,0.389,1.272,5e+19,300.0,43000.0,311.0,53.7,0.2463851044129183,11869,7.5749,0.004159003,0.1595263289016306
mp-11869-done,HfSnPd,0.389,1.272,1e+19,300.0,9510.0,453.0,59.4,0.0550487864636484,11869,7.5749,0.00195153759,0.0767320061228551
mp-11869-done,HfSnPd,0.389,1.272,5e+18,300.0,5110.0,510.0,63.8,0.0298820418464671,11869,7.5749,0.0013291109999999,0.0524319168920134
mp-11869-done,HfSnPd,0.389,1.272,1e+18,300.0,1210.0,636.0,75.3,0.0099228893203733,11869,7.5749,0.00048944016,0.0193586653429631
mp-11869-done,HfSnPd,0.389,1.272,-1e+18,300.0,3140.0,-551.0,196.0,0.0203278207580195,11869,7.5749,0.0009533071399999,0.0376541887549895
mp-11869-done,HfSnPd,0.389,1.272,-5e+18,300.0,13100.0,-424.0,163.2,0.0820523616863954,11869,7.5749,0.0023550656,0.092271656741037
mp-11869-done,HfSnPd,0.389,1.272,-1e+19,300.0,24100.0,-367.0,150.2,0.1533136460153155,11869,7.5749,0.0032460048999999,0.1260060234621055
mp-11869-done,HfSnPd,0.389,1.272,-5e+19,300.0,103000.0,-234.0,128.0,0.6768004809520686,11869,7.5749,0.005639868,0.2050438456783133
mp-11869-done,HfSnPd,0.389,1.272,-1e+20,300.0,192000.0,-181.0,119.9,1.2854413818173225,11869,7.5749,0.0062901119999999,0.2129752702161601
mp-11869-done,HfSnPd,0.389,1.272,-5e+20,300.0,799000.0,-89.4,99.8,5.732804648701561,11869,7.5749,0.00638589564,0.1439593635846826
mp-11869-done,HfSnPd,0.389,1.272,-1e+21,300.0,1600000.0,-59.8,99.6,10.487812285976132,11869,7.5749,0.005721664,0.0950299807040987
mp-1178160-done,Ho2Br2O2,,4.446,1e+21,300.0,81800.0,107.0,5.1,0.4911555175527488,1178160,6.369566666666667,0.0009365282,0.0409517325517483
mp-1178160-done,Ho2Br2O2,,4.446,5e+20,300.0,46200.0,144.0,5.8,0.2801623355974078,1178160,6.369566666666667,0.0009580032,0.0432199507532031
mp-1178160-done,Ho2Br2O2,,4.446,1e+20,300.0,11500.0,251.0,7.2,0.0715059833812536,1178160,6.369566666666667,0.0007245114999999,0.0337449151421002
mp-1178160-done,Ho2Br2O2,,4.446,5e+19,300.0,6210.0,305.0,7.8,0.0382199253980541,1178160,6.369566666666667,0.00057768525,0.027046090332443
mp-1178160-done,Ho2Br2O2,,4.446,1e+19,300.0,1500.0,434.0,9.3,0.0087694672898582,1178160,6.369566666666667,0.000282534,0.0132887634360879
mp-1178160-done,Ho2Br2O2,,4.446,5e+18,300.0,813.0,488.0,10.2,0.0046448305283128,1178160,6.369566666666667,0.0001936110719999,0.0091122363331574
mp-1178160-done,Ho2Br2O2,,4.446,1e+18,300.0,190.0,616.0,11.9,0.0010426969220469,1178160,6.369566666666667,7.209664e-05,0.0033951213715316
mp-1178160-done,Ho2Br2O2,,4.446,-1e+18,300.0,1590.0,-445.0,99.5,0.0082092529491069,1178160,6.369566666666667,0.0003148597499999,0.0148104803603166
mp-1178160-done,Ho2Br2O2,,4.446,-5e+18,300.0,6590.0,-320.0,82.2,0.0355713707914881,1178160,6.369566666666667,0.0006748159999999,0.0316066256208756
mp-1178160-done,Ho2Br2O2,,4.446,-1e+19,300.0,12100.0,-267.0,75.4,0.066482773176888,1178160,6.369566666666667,0.0008625969,0.0402077504871203
mp-1178160-done,Ho2Br2O2,,4.446,-5e+19,300.0,49500.0,-146.0,61.8,0.2873204020141892,1178160,6.369566666666667,0.001055142,0.0475511446617836
mp-1178160-done,Ho2Br2O2,,4.446,-1e+20,300.0,86300.0,-102.0,53.9,0.5333741734428992,1178160,6.369566666666667,0.0008978652,0.0390209863070077
mp-1178160-done,Ho2Br2O2,,4.446,-5e+20,300.0,268000.0,-51.7,33.5,1.863192472019076,1178160,6.369566666666667,0.00071633452,0.0261030782487225
mp-1178160-done,Ho2Br2O2,,4.446,-1e+21,300.0,538000.0,-42.0,33.6,3.87342818563822,1178160,6.369566666666667,0.0009490319999999,0.0277955426225665
mp-1072114-done,Ho2O2F2,5.221,5.231,1e+21,300.0,21800.0,125.0,1.4,0.1124876626934005,1072114,9.3537,0.000340625,0.010795000441701
mp-1072114-done,Ho2O2F2,5.221,5.231,5e+20,300.0,12200.0,167.0,1.5,0.054229676178381,1072114,9.3537,0.0003402458,0.0108497558456945
mp-1072114-done,Ho2O2F2,5.221,5.231,1e+20,300.0,2620.0,302.0,1.6,0.0097273930090579,1072114,9.3537,0.0002389544799999,0.0076559940063712
mp-1072114-done,Ho2O2F2,5.221,5.231,5e+19,300.0,1330.0,363.0,1.7,0.0047635743839896,1072114,9.3537,0.00017525277,0.0056179981448996
mp-1072114-done,Ho2O2F2,5.221,5.231,1e+19,300.0,299.0,498.0,1.9,0.0009714106948766,1072114,9.3537,7.415319599999998e-05,0.0023780588139704
mp-1072114-done,Ho2O2F2,5.221,5.231,5e+18,300.0,161.0,554.0,2.0,0.0004973170051716,1072114,9.3537,4.9413476000000005e-05,0.0015847477124574
mp-1072114-done,Ho2O2F2,5.221,5.231,1e+18,300.0,36.3,686.0,2.3,0.0001045708458167,1072114,9.3537,1.7082634799999997e-05,0.0005478829925496
mp-1072114-done,Ho2O2F2,5.221,5.231,-1e+18,300.0,109.0,-616.0,6.8,0.0003399844355321,1072114,9.3537,4.1360704e-05,0.0013265082489113
mp-1072114-done,Ho2O2F2,5.221,5.231,-5e+18,300.0,470.0,-484.0,5.9,0.0016041319610058,1072114,9.3537,0.00011010032,0.003530627709596
mp-1072114-done,Ho2O2F2,5.221,5.231,-1e+19,300.0,880.0,-428.0,5.5,0.0031432380003929,1072114,9.3537,0.00016120192,0.0051684713284065
mp-1072114-done,Ho2O2F2,5.221,5.231,-5e+19,300.0,4040.0,-291.0,5.0,0.0157677915716146,1072114,9.3537,0.0003421112399999,0.01095402367382
mp-1072114-done,Ho2O2F2,5.221,5.231,-1e+20,300.0,7890.0,-231.0,4.9,0.0323091004719997,1072114,9.3537,0.0004210182899999,0.0134567829253029
mp-1072114-done,Ho2O2F2,5.221,5.231,-5e+20,300.0,31400.0,-121.0,3.9,0.1659609330801605,1072114,9.3537,0.0004597274,0.0144877239819271
mp-1072114-done,Ho2O2F2,5.221,5.231,-1e+21,300.0,60300.0,-85.5,3.8,0.3265229291099271,1072114,9.3537,0.0004408080749999,0.0136610926699112
mp-1007663-done,HoTlTe2,0.64,1.484,1e+21,300.0,580000.0,9.3,36.2,4.255171897571533,1007663,1.171266666666667,5.016420000000001e-05,0.0027733217324487
mp-1007663-done,HoTlTe2,0.64,1.484,1e+21,300.0,580000.0,9.3,36.2,4.262720388203778,1007663,1.171266666666667,5.016420000000001e-05,0.0027694692401799
mp-1007663-done,HoTlTe2,0.64,1.484,1e+21,300.0,581000.0,9.26,36.3,4.255171897571533,1007663,1.171266666666667,4.981935559999999e-05,0.0027542570514844
mp-1007663-done,HoTlTe2,0.64,1.484,1e+21,300.0,581000.0,9.26,36.3,4.262720388203778,1007663,1.171266666666667,4.981935559999999e-05,0.0027504310424523
mp-1007663-done,HoTlTe2,0.64,1.484,5e+20,300.0,417000.0,16.3,52.0,3.006352719422295,1007663,1.171266666666667,0.0001107927299999,0.0079561625720735
mp-1007663-done,HoTlTe2,0.64,1.484,5e+20,300.0,417000.0,16.3,52.0,3.0110266909751213,1007663,1.171266666666667,0.0001107927299999,0.0079472710682139
mp-1007663-done,HoTlTe2,0.64,1.484,5e+20,300.0,417000.0,16.2,52.1,3.006352719422295,1007663,1.171266666666667,0.0001094374799999,0.0078588403982647
mp-1007663-done,HoTlTe2,0.64,1.484,5e+20,300.0,417000.0,16.2,52.1,3.0110266909751213,1007663,1.171266666666667,0.0001094374799999,0.0078500576579549
mp-1007663-done,HoTlTe2,0.64,1.484,1e+20,300.0,140000.0,44.9,87.6,1.0066267448211332,1007663,1.171266666666667,0.0002822413999999,0.0388781285407935
mp-1007663-done,HoTlTe2,0.64,1.484,5e+19,300.0,78000.0,58.6,97.3,0.5469480239439682,1007663,1.171266666666667,0.00026784888,0.04676637002297
mp-1007663-done,HoTlTe2,0.64,1.484,5e+19,300.0,78000.0,58.6,97.3,0.54697167643001,1007663,1.171266666666667,0.00026784888,0.0467657262584314
mp-1007663-done,HoTlTe2,0.64,1.484,5e+19,300.0,78000.0,58.6,97.3,0.5469480239439682,1007663,1.171266666666667,0.00026784888,0.04676637002297
mp-1007663-done,HoTlTe2,0.64,1.484,5e+19,300.0,78000.0,58.6,97.3,0.54697167643001,1007663,1.171266666666667,0.00026784888,0.0467657262584314
mp-1007663-done,HoTlTe2,0.64,1.484,1e+19,300.0,19100.0,131.0,119.0,0.1184033255772268,1007663,1.171266666666667,0.0003277750999999,0.0762462727607405
mp-1007663-done,HoTlTe2,0.64,1.484,5e+18,300.0,10000.0,174.0,125.1,0.0604662348937265,1007663,1.171266666666667,0.00030276,0.0737400128590675
mp-1007663-done,HoTlTe2,0.64,1.484,5e+18,300.0,10000.0,174.0,125.1,0.060466268407748,1007663,1.171266666666667,0.00030276,0.0737400108526875
mp-1007663-done,HoTlTe2,0.64,1.484,5e+18,300.0,10000.0,174.0,125.1,0.0604662348937265,1007663,1.171266666666667,0.00030276,0.0737400128590675
mp-1007663-done,HoTlTe2,0.64,1.484,5e+18,300.0,10000.0,174.0,125.1,0.060466268407748,1007663,1.171266666666667,0.00030276,0.0737400108526875
mp-1007663-done,HoTlTe2,0.64,1.484,1e+18,300.0,2170.0,293.0,135.5,0.0126112028498794,1007663,1.171266666666667,0.0001862923299999,0.0472073179497751
mp-1007663-done,HoTlTe2,0.64,1.484,1e+18,300.0,2170.0,293.0,135.5,0.0126110657910382,1007663,1.171266666666667,0.0001862923299999,0.0472073234150188
mp-1007663-done,HoTlTe2,0.64,1.484,1e+18,300.0,2170.0,293.0,135.5,0.0126112028498794,1007663,1.171266666666667,0.0001862923299999,0.0472073179497751
mp-1007663-done,HoTlTe2,0.64,1.484,1e+18,300.0,2170.0,293.0,135.5,0.0126110657910382,1007663,1.171266666666667,0.0001862923299999,0.0472073234150188
mp-1007663-done,HoTlTe2,0.64,1.484,-1e+18,300.0,445.0,-607.0,27.8,0.002530868565621,1007663,1.171266666666667,0.000163959805,0.0419049623325934
mp-1007663-done,HoTlTe2,0.64,1.484,-1e+18,300.0,445.0,-607.0,27.8,0.0025302883445602,1007663,1.171266666666667,0.000163959805,0.0419049830466884
mp-1007663-done,HoTlTe2,0.64,1.484,-1e+18,300.0,445.0,-607.0,27.8,0.002530868565621,1007663,1.171266666666667,0.000163959805,0.0419049623325934
mp-1007663-done,HoTlTe2,0.64,1.484,-1e+18,300.0,445.0,-607.0,27.8,0.0025302883445602,1007663,1.171266666666667,0.000163959805,0.0419049830466884
mp-1007663-done,HoTlTe2,0.64,1.484,-5e+18,300.0,2140.0,-471.0,26.7,0.0122503351273822,1007663,1.171266666666667,0.0004747397399999,0.1203378758260996
mp-1007663-done,HoTlTe2,0.64,1.484,-5e+18,300.0,2140.0,-471.0,26.7,0.0122514831864894,1007663,1.171266666666667,0.0004747397399999,0.1203377590936318
mp-1007663-done,HoTlTe2,0.64,1.484,-5e+18,300.0,2140.0,-471.0,26.7,0.0122503351273822,1007663,1.171266666666667,0.0004747397399999,0.1203378758260996
mp-1007663-done,HoTlTe2,0.64,1.484,-5e+18,300.0,2140.0,-471.0,26.7,0.0122514831864894,1007663,1.171266666666667,0.0004747397399999,0.1203377590936318
mp-1007663-done,HoTlTe2,0.64,1.484,-1e+19,300.0,4210.0,-412.0,26.3,0.0241683757615052,1007663,1.171266666666667,0.00071462224,0.1793377844809844
mp-1007663-done,HoTlTe2,0.64,1.484,-5e+19,300.0,20400.0,-276.0,25.5,0.1187297191342765,1007663,1.171266666666667,0.0015539903999999,0.361394128798674
mp-1007663-done,HoTlTe2,0.64,1.484,-5e+19,300.0,20400.0,-276.0,25.5,0.1187378483974913,1007663,1.171266666666667,0.0015539903999999,0.3613918513895928
mp-1007663-done,HoTlTe2,0.64,1.484,-5e+19,300.0,20400.0,-276.0,25.5,0.1187297191342765,1007663,1.171266666666667,0.0015539903999999,0.361394128798674
mp-1007663-done,HoTlTe2,0.64,1.484,-5e+19,300.0,20400.0,-276.0,25.5,0.1187378483974913,1007663,1.171266666666667,0.0015539903999999,0.3613918513895928
mp-1007663-done,HoTlTe2,0.64,1.484,-1e+20,300.0,40500.0,-219.0,25.3,0.2365301969109452,1007663,1.171266666666667,0.0019424204999999,0.4139277228669888
mp-1007663-done,HoTlTe2,0.64,1.484,-5e+20,300.0,197000.0,-104.0,24.5,1.190467858872388,1007663,1.171266666666667,0.0021307519999999,0.2706593789808232
mp-1007663-done,HoTlTe2,0.64,1.484,-5e+20,300.0,197000.0,-104.0,24.5,1.1904919498908473,1007663,1.171266666666667,0.0021307519999999,0.2706566181313234
mp-1007663-done,HoTlTe2,0.64,1.484,-5e+20,300.0,197000.0,-104.0,24.5,1.190467858872388,1007663,1.171266666666667,0.0021307519999999,0.2706593789808232
mp-1007663-done,HoTlTe2,0.64,1.484,-5e+20,300.0,197000.0,-104.0,24.5,1.1904919498908473,1007663,1.171266666666667,0.0021307519999999,0.2706566181313234
mp-1007663-done,HoTlTe2,0.64,1.484,-1e+21,300.0,387000.0,-61.0,24.2,2.466366628540829,1007663,1.171266666666667,0.001440027,0.1187607614459548
mp-22660-done,InAgO2,0.276,0.987,1e+21,300.0,164000.0,117.0,10.3,0.7165709337060245,22660,9.825666666666669,0.002244996,0.0638857541947442
mp-22660-done,InAgO2,0.276,0.987,5e+20,300.0,93600.0,168.0,11.7,0.3558234255159805,22660,9.825666666666669,0.0026417664,0.0778402682539076
mp-22660-done,InAgO2,0.276,0.987,1e+20,300.0,18300.0,310.0,11.4,0.0654083919843095,22660,9.825666666666669,0.00175863,0.0533399045979898
mp-22660-done,InAgO2,0.276,0.987,5e+19,300.0,8830.0,374.0,11.0,0.0326905283929381,22660,9.825666666666669,0.0012351050799999,0.0375855243088226
mp-22660-done,InAgO2,0.276,0.987,1e+19,300.0,1910.0,510.0,11.9,0.0114801397283309,22660,9.825666666666669,0.0004967909999999,0.0151504600808725
mp-22660-done,InAgO2,0.276,0.987,5e+18,300.0,1080.0,549.0,13.2,0.0131725298187904,22660,9.825666666666669,0.00032551308,0.0099253501403786
mp-22660-done,InAgO2,0.276,0.987,1e+18,300.0,425.0,338.0,18.2,0.0414656539553473,22660,9.825666666666669,4.85537e-05,0.0014762252624865
mp-22660-done,InAgO2,0.276,0.987,-1e+18,300.0,2530.0,-282.0,150.6,0.0152990510367225,22660,9.825666666666669,0.0002011957199999,0.0061334139078838
mp-22660-done,InAgO2,0.276,0.987,-5e+18,300.0,8020.0,-172.0,99.9,0.0392058128600164,22660,9.825666666666669,0.0002372636799999,0.0072154104523594
mp-22660-done,InAgO2,0.276,0.987,-1e+19,300.0,12700.0,-131.0,79.2,0.0702973343990511,22660,9.825666666666669,0.0002179446999999,0.0066070784001365
mp-22660-done,InAgO2,0.276,0.987,-5e+19,300.0,37700.0,-70.5,47.1,0.2398663240900379,22660,9.825666666666669,0.0001873784249999,0.0055847541855549
mp-22660-done,InAgO2,0.276,0.987,-1e+20,300.0,64100.0,-51.3,40.0,0.4221350092308021,22660,9.825666666666669,0.0001686913289999,0.0049383663248477
mp-22660-done,InAgO2,0.276,0.987,-5e+20,300.0,222000.0,-20.5,27.8,1.533318000133832,22660,9.825666666666669,9.32955e-05,0.0024640098407566
mp-22660-done,InAgO2,0.276,0.987,-1e+21,300.0,367000.0,-11.9,22.9,2.430049143887904,22660,9.825666666666669,5.197087e-05,0.0012721624131144
mp-1019089-done,K2Mg2As2,1.15,1.183,1e+21,300.0,136000.0,73.2,8.5,0.7398819404527072,1019089,3.8559,0.00072872064,0.0475688783394421
mp-1019089-done,K2Mg2As2,1.15,1.183,5e+20,300.0,78500.0,109.0,9.8,0.4104139345120444,1019089,3.8559,0.0009326584999999,0.0655829726304404
mp-1019089-done,K2Mg2As2,1.15,1.183,1e+20,300.0,16800.0,227.0,10.5,0.0838303432619006,1019089,3.8559,0.0008656871999999,0.0659197806378154
mp-1019089-done,K2Mg2As2,1.15,1.183,5e+19,300.0,8420.0,285.0,10.5,0.0419623557340706,1019089,3.8559,0.0006839144999999,0.0526376591256851
mp-1019089-done,K2Mg2As2,1.15,1.183,1e+19,300.0,1780.0,422.0,11.1,0.0088378037237423,1019089,3.8559,0.0003169895199999,0.0246062891791372
mp-1019089-done,K2Mg2As2,1.15,1.183,5e+18,300.0,926.0,480.0,11.6,0.004580084345802,1019089,3.8559,0.0002133503999999,0.0165795752345699
mp-1019089-done,K2Mg2As2,1.15,1.183,1e+18,300.0,202.0,615.0,12.6,0.0009877802544954,1019089,3.8559,7.640145e-05,0.0059427279988134
mp-1019089-done,K2Mg2As2,1.15,1.183,-1e+18,300.0,3680.0,-239.0,229.8,0.0204436820924545,1019089,3.8559,0.0002102052799999,0.0162683160142109
mp-1019089-done,K2Mg2As2,1.15,1.183,-5e+18,300.0,13900.0,-135.0,173.5,0.0874496275273477,1019089,3.8559,0.0002533275,0.0192725112349863
mp-1019089-done,K2Mg2As2,1.15,1.183,-1e+19,300.0,24100.0,-101.0,150.6,0.1566098949780503,1019089,3.8559,0.0002458441,0.0183808219619115
mp-1019089-done,K2Mg2As2,1.15,1.183,-5e+19,300.0,84200.0,-43.9,105.2,0.591065935028035,1019089,3.8559,0.0001622710819999,0.0109470873650088
mp-1019089-done,K2Mg2As2,1.15,1.183,-1e+20,300.0,137000.0,-30.9,85.8,0.9891638973915504,1019089,3.8559,0.00013080897,0.0080995198063594
mp-1019089-done,K2Mg2As2,1.15,1.183,-5e+20,300.0,368000.0,-5.17,45.9,2.63362603006722,1019089,3.8559,9.836235199999998e-06,0.0004547128012628
mp-1019089-done,K2Mg2As2,1.15,1.183,-1e+21,300.0,462000.0,-10.6,28.8,3.468216068725157,1019089,3.8559,5.1910319999999984e-05,0.0021262765163565
mp-1018737-done,K2Mg2P2,1.705,1.745,1e+21,300.0,108000.0,81.0,6.7,0.5754579110108854,1018737,4.316333333333334,0.0007085879999999,0.0434557382729171
mp-1018737-done,K2Mg2P2,1.705,1.745,5e+20,300.0,62100.0,111.0,7.7,0.3180669898782136,1018737,4.316333333333334,0.0007651341,0.0495296508698957
mp-1018737-done,K2Mg2P2,1.705,1.745,1e+20,300.0,13900.0,221.0,8.7,0.0686553628053655,1018737,4.316333333333334,0.0006788898999999,0.0464464070749631
mp-1018737-done,K2Mg2P2,1.705,1.745,5e+19,300.0,7030.0,279.0,8.8,0.0346327929196052,1018737,4.316333333333334,0.00054722223,0.0377310841400139
mp-1018737-done,K2Mg2P2,1.705,1.745,1e+19,300.0,1510.0,415.0,9.4,0.0073733652740341,1018737,4.316333333333334,0.0002600597499999,0.0180442223393873
mp-1018737-done,K2Mg2P2,1.705,1.745,5e+18,300.0,791.0,473.0,9.9,0.0038533937400096,1018737,4.316333333333334,0.000176969639,0.0122890270847079
mp-1018737-done,K2Mg2P2,1.705,1.745,1e+18,300.0,178.0,605.0,11.1,0.0008587210993698,1018737,4.316333333333334,6.515244999999999e-05,0.0045274184593968
mp-1018737-done,K2Mg2P2,1.705,1.745,-1e+18,300.0,2170.0,-269.0,135.3,0.0117341415709357,1018737,4.316333333333334,0.00015702337,0.0108840749995566
mp-1018737-done,K2Mg2P2,1.705,1.745,-5e+18,300.0,8380.0,-159.0,104.7,0.0505720801239277,1018737,4.316333333333334,0.0002118547799999,0.0145541128058582
mp-1018737-done,K2Mg2P2,1.705,1.745,-1e+19,300.0,14600.0,-121.0,91.0,0.0912508090916684,1018737,4.316333333333334,0.0002137586,0.0145493717029115
mp-1018737-done,K2Mg2P2,1.705,1.745,-5e+19,300.0,52000.0,-55.5,64.9,0.3542560141333482,1018737,4.316333333333334,0.000160173,0.0102881877264725
mp-1018737-done,K2Mg2P2,1.705,1.745,-1e+20,300.0,86000.0,-37.4,53.7,0.5996945975531262,1018737,4.316333333333334,0.0001202933599999,0.0073408875025375
mp-1018737-done,K2Mg2P2,1.705,1.745,-5e+20,300.0,221000.0,-22.0,27.5,1.6099096297310451,1018737,4.316333333333334,0.000106964,0.0054147628100969
mp-1018737-done,K2Mg2P2,1.705,1.745,-1e+21,300.0,342000.0,-28.4,21.3,2.466414661977235,1018737,4.316333333333334,0.0002758435199999,0.0122005205054328
mp-7089-done,K2Mg2Sb2,1.278,1.287,1e+21,300.0,210000.0,69.6,13.1,1.2195505281731582,7089,3.052566666666667,0.0010172736,0.0714357930930877
mp-7089-done,K2Mg2Sb2,1.278,1.287,5e+20,300.0,123000.0,114.0,15.3,0.6703960048511902,7089,3.052566666666667,0.0015985079999999,0.1288093495185262
mp-7089-done,K2Mg2Sb2,1.278,1.287,1e+20,300.0,24500.0,243.0,15.3,0.1188759169220533,7089,3.052566666666667,0.0014467005,0.1368494426624257
mp-7089-done,K2Mg2Sb2,1.278,1.287,5e+19,300.0,12000.0,304.0,15.0,0.0577992215554569,7089,3.052566666666667,0.0011089919999999,0.106964136039358
mp-7089-done,K2Mg2Sb2,1.278,1.287,1e+19,300.0,2480.0,442.0,15.5,0.0118653183262431,7089,3.052566666666667,0.0004845027199999,0.0474315686273279
mp-7089-done,K2Mg2Sb2,1.278,1.287,5e+18,300.0,1290.0,500.0,16.1,0.0061264173019881,7089,3.052566666666667,0.0003225,0.0316311566227713
mp-7089-done,K2Mg2Sb2,1.278,1.287,1e+18,300.0,280.0,635.0,17.5,0.0013169578216894,7089,3.052566666666667,0.0001129029999999,0.0110910906127422
mp-7089-done,K2Mg2Sb2,1.278,1.287,-1e+18,300.0,1730.0,-391.0,107.9,0.0110351183242625,7089,3.052566666666667,0.0002644841299999,0.0258993317567233
mp-7089-done,K2Mg2Sb2,1.278,1.287,-5e+18,300.0,7600.0,-264.0,94.9,0.0494129929731114,7089,3.052566666666667,0.0005296895999999,0.0512275699507401
mp-7089-done,K2Mg2Sb2,1.278,1.287,-1e+19,300.0,14200.0,-214.0,88.8,0.0929590457209562,7089,3.052566666666667,0.0006503032,0.0620217343103247
mp-7089-done,K2Mg2Sb2,1.278,1.287,-5e+19,300.0,59600.0,-112.0,74.4,0.3801507451446311,7089,3.052566666666667,0.0007476224,0.0653379504028714
mp-7089-done,K2Mg2Sb2,1.278,1.287,-1e+20,300.0,105000.0,-76.7,65.7,0.6849873593015062,7089,3.052566666666667,0.00061770345,0.0495808311297914
mp-7089-done,K2Mg2Sb2,1.278,1.287,-5e+20,300.0,306000.0,-35.2,38.2,2.3061175663846,7089,3.052566666666667,0.00037914624,0.0212260821972772
mp-7089-done,K2Mg2Sb2,1.278,1.287,-1e+21,300.0,523000.0,-34.7,32.7,3.83113787536282,7089,3.052566666666667,0.00062973907,0.0274447748078829
mp-8621-done,K2PtSe2,0.873,1.443,1e+21,300.0,53000.0,148.0,3.3,0.2942581064714948,8621,2.9531666666666667,0.0011609119999999,0.1072460870782279
mp-8621-done,K2PtSe2,0.873,1.443,5e+20,300.0,26900.0,190.0,3.4,0.1618982797056907,8621,2.9531666666666667,0.0009710899999999,0.0935219666412523
mp-8621-done,K2PtSe2,0.873,1.443,1e+20,300.0,5690.0,297.0,3.6,0.0391192769483459,8621,2.9531666666666667,0.00050190921,0.0503203122419816
mp-8621-done,K2PtSe2,0.873,1.443,5e+19,300.0,2900.0,353.0,3.6,0.0202262757362214,8621,2.9531666666666667,0.0003613660999999,0.0364599742112661
mp-8621-done,K2PtSe2,0.873,1.443,1e+19,300.0,613.0,491.0,3.8,0.0042260890251578,8621,2.9531666666666667,0.000147782653,0.0149911762023061
mp-8621-done,K2PtSe2,0.873,1.443,5e+18,300.0,316.0,549.0,3.9,0.0021569148918482,8621,2.9531666666666667,9.5242716e-05,0.0096682525657416
mp-8621-done,K2PtSe2,0.873,1.443,1e+18,300.0,67.5,683.0,4.2,0.000452554636336,8621,2.9531666666666667,3.14880075e-05,0.0031982464705903
mp-8621-done,K2PtSe2,0.873,1.443,-1e+18,300.0,346.0,-573.0,21.6,0.001860021025769,8621,2.9531666666666667,0.0001136018339999,0.0115330769572789
mp-8621-done,K2PtSe2,0.873,1.443,-5e+18,300.0,1620.0,-436.0,20.2,0.0088299646759042,8621,2.9531666666666667,0.00030795552,0.0311906688287232
mp-8621-done,K2PtSe2,0.873,1.443,-1e+19,300.0,3150.0,-376.0,19.7,0.0173919435531681,8621,2.9531666666666667,0.0004453343999999,0.0449748136732043
mp-8621-done,K2PtSe2,0.873,1.443,-5e+19,300.0,15200.0,-237.0,18.9,0.0853060252465836,8621,2.9531666666666667,0.0008537687999999,0.0842958505704689
mp-8621-done,K2PtSe2,0.873,1.443,-1e+20,300.0,29700.0,-181.0,18.5,0.1686067673160651,8621,2.9531666666666667,0.0009730016999999,0.0935047069151222
mp-8621-done,K2PtSe2,0.873,1.443,-5e+20,300.0,134000.0,-73.1,16.7,0.8307657428006555,8621,2.9531666666666667,0.0007160437399999,0.0567698094877466
mp-8621-done,K2PtSe2,0.873,1.443,-1e+21,300.0,247000.0,-42.6,15.4,1.654676306042762,8621,2.9531666666666667,0.0004482457199999,0.0291836585570317
mp-1223443-done,KBiS2,1.467,1.777,1e+21,300.0,38800.0,217.0,2.4,0.1959577990597107,1223443,1.6985333333333337,0.0018270531999999,0.2893209425095657
mp-1223443-done,KBiS2,1.467,1.777,5e+20,300.0,19400.0,274.0,2.4,0.0969350110636116,1223443,1.6985333333333337,0.0014564743999999,0.243358409165787
mp-1223443-done,KBiS2,1.467,1.777,1e+20,300.0,3910.0,412.0,2.4,0.0192118237967334,1223443,1.6985333333333337,0.00066369904,0.1159134177578842
mp-1223443-done,KBiS2,1.467,1.777,5e+19,300.0,1970.0,471.0,2.5,0.0096448675479405,1223443,1.6985333333333337,0.0004370267699999,0.0767531343816057
mp-1223443-done,KBiS2,1.467,1.777,1e+19,300.0,404.0,608.0,2.5,0.0019682359733395,1223443,1.6985333333333337,0.0001493442559999,0.0263470952386343
mp-1223443-done,KBiS2,1.467,1.777,5e+18,300.0,204.0,666.0,2.5,0.0009963841632182,1223443,1.6985333333333337,9.048542399999998e-05,0.0159724345626542
mp-1223443-done,KBiS2,1.467,1.777,1e+18,300.0,41.8,802.0,2.6,0.0002034626124197,1223443,1.6985333333333337,2.68859272e-05,0.0047481035197742
mp-1223443-done,KBiS2,1.467,1.777,-1e+18,300.0,861.0,-353.0,53.8,0.0050390449574677,1223443,1.6985333333333337,0.0001072883489999,0.0188935352029262
mp-1223443-done,KBiS2,1.467,1.777,-5e+18,300.0,3850.0,-228.0,48.1,0.0237132228310129,1223443,1.6985333333333337,0.0002001383999999,0.0348623254812538
mp-1223443-done,KBiS2,1.467,1.777,-1e+19,300.0,7130.0,-180.0,44.5,0.0452573742271502,1223443,1.6985333333333337,0.0002310119999999,0.0397430722044183
mp-1223443-done,KBiS2,1.467,1.777,-5e+19,300.0,28800.0,-89.5,36.0,0.19717897083781,1223443,1.6985333333333337,0.0002306951999999,0.0365079447169753
mp-1223443-done,KBiS2,1.467,1.777,-1e+20,300.0,52600.0,-61.1,32.8,0.3605082102556333,1223443,1.6985333333333337,0.0001963668459999,0.0286104250705345
mp-1223443-done,KBiS2,1.467,1.777,-5e+20,300.0,203000.0,-20.3,25.3,1.4062922542794596,1223443,1.6985333333333337,8.365426999999999e-05,0.0080829921977342
mp-1223443-done,KBiS2,1.467,1.777,-1e+21,300.0,245000.0,-16.5,15.3,1.7633747059450695,1223443,1.6985333333333337,6.670124999999997e-05,0.0057801578704473
mp-1178141-done,KDyO2,4.035,4.248,1e+21,300.0,162000.0,172.0,10.1,0.8538783474967686,1178141,10.331533333333333,0.0047926079999999,0.128540856700347
mp-1178141-done,KDyO2,4.035,4.248,5e+20,300.0,87900.0,217.0,11.0,0.507274941016067,1178141,10.331533333333333,0.0041391230999999,0.1145639722162633
mp-1178141-done,KDyO2,4.035,4.248,1e+20,300.0,21900.0,330.0,13.7,0.1369253116560135,1178141,10.331533333333333,0.00238491,0.0683455916733698
mp-1178141-done,KDyO2,4.035,4.248,5e+19,300.0,12000.0,381.0,15.0,0.0754367733126352,1178141,10.331533333333333,0.0017419319999999,0.0502143846522867
mp-1178141-done,KDyO2,4.035,4.248,1e+19,300.0,2940.0,506.0,18.3,0.0182096259269299,1178141,10.331533333333333,0.0007527458399999,0.021819261878182
mp-1178141-done,KDyO2,4.035,4.248,5e+18,300.0,1560.0,561.0,19.5,0.009649974397641,1178141,10.331533333333333,0.00049096476,0.0142429955660768
mp-1178141-done,KDyO2,4.035,4.248,1e+18,300.0,342.0,694.0,21.3,0.0021047867566754,1178141,10.331533333333333,0.0001647195119999,0.0047820383320661
mp-1178141-done,KDyO2,4.035,4.248,-1e+18,300.0,5860.0,-526.0,365.9,0.0270450506018054,1178141,10.331533333333333,0.00162132136,0.0469559035971905
mp-1178141-done,KDyO2,4.035,4.248,-5e+18,300.0,26400.0,-395.0,329.8,0.1255246999318791,1178141,10.331533333333333,0.00411906,0.1181707126487226
mp-1178141-done,KDyO2,4.035,4.248,-1e+19,300.0,51100.0,-337.0,318.8,0.2458000900600928,1178141,10.331533333333333,0.0058033759,0.1645984578825395
mp-1178141-done,KDyO2,4.035,4.248,-5e+19,300.0,234000.0,-207.0,292.3,1.1859670752511535,1178141,10.331533333333333,0.0100266659999999,0.2611677615186346
mp-1178141-done,KDyO2,4.035,4.248,-1e+20,300.0,436000.0,-156.0,271.9,2.3048367119337185,1178141,10.331533333333333,0.010610496,0.2519037341101171
mp-1178141-done,KDyO2,4.035,4.248,-5e+20,300.0,1550000.0,-65.2,192.9,9.777690375689202,1178141,10.331533333333333,0.0065891119999999,0.0982998463094851
mp-1178141-done,KDyO2,4.035,4.248,-1e+21,300.0,2530000.0,-44.7,157.7,16.909803645341018,1178141,10.331533333333333,0.0050551677,0.0556709206742392
mp-15785-done,KDyS2,2.321,2.981,1e+21,300.0,119000.0,76.3,7.4,0.7700468353432482,15785,4.413233333333333,0.00069278111,0.0400970671537257
mp-15785-done,KDyS2,2.321,2.981,5e+20,300.0,72100.0,73.2,9.0,0.4563123003891678,15785,4.413233333333333,0.000386329104,0.0238007280181091
mp-15785-done,KDyS2,2.321,2.981,1e+20,300.0,20000.0,157.0,12.5,0.1150545430103471,15785,4.413233333333333,0.00049298,0.0326600260492748
mp-15785-done,KDyS2,2.321,2.981,5e+19,300.0,10600.0,210.0,13.3,0.0591040233285183,15785,4.413233333333333,0.0004674599999999,0.0313567579581347
mp-15785-done,KDyS2,2.321,2.981,1e+19,300.0,2340.0,342.0,14.6,0.0125615109129821,15785,4.413233333333333,0.0002736957599999,0.0185523122714813
mp-15785-done,KDyS2,2.321,2.981,5e+18,300.0,1210.0,399.0,15.2,0.0064669530014922,15785,4.413233333333333,0.00019263321,0.0130755388954041
mp-15785-done,KDyS2,2.321,2.981,1e+18,300.0,260.0,533.0,16.2,0.0013715004387243,15785,4.413233333333333,7.386313999999998e-05,0.0050194621793738
mp-15785-done,KDyS2,2.321,2.981,-1e+18,300.0,841.0,-516.0,52.5,0.0043501942270825,15785,4.413233333333333,0.0002239212959999,0.0152065916537559
mp-15785-done,KDyS2,2.321,2.981,-5e+18,300.0,4010.0,-380.0,50.1,0.0210456955219258,15785,4.413233333333333,0.0005790439999999,0.0391750719495916
mp-15785-done,KDyS2,2.321,2.981,-1e+19,300.0,7890.0,-321.0,49.3,0.0418046658173159,15785,4.413233333333333,0.00081299349,0.0547465693999689
mp-15785-done,KDyS2,2.321,2.981,-5e+19,300.0,36400.0,-193.0,45.5,0.2054461081347738,15785,4.413233333333333,0.0013558635999999,0.088068263917159
mp-15785-done,KDyS2,2.321,2.981,-1e+20,300.0,67600.0,-146.0,42.2,0.4008262576367258,15785,4.413233333333333,0.0014409616,0.0897970770471687
mp-15785-done,KDyS2,2.321,2.981,-5e+20,300.0,267000.0,-67.0,33.3,1.773698240277786,15785,4.413233333333333,0.001198563,0.0581174845271693
mp-15785-done,KDyS2,2.321,2.981,-1e+21,300.0,471000.0,-45.0,29.4,3.226606261514782,15785,4.413233333333333,0.0009537749999999,0.0374526842412924
mp-7959-done,KErO2,4.118,4.238,1e+21,300.0,152000.0,168.0,9.5,0.838593491401347,7959,11.842966666666667,0.0042900479999999,0.1014870713033814
mp-7959-done,KErO2,4.118,4.238,5e+20,300.0,81400.0,210.0,10.2,0.5029868632137289,7959,11.842966666666667,0.0035897399999999,0.0872287423886328
mp-7959-done,KErO2,4.118,4.238,1e+20,300.0,19900.0,317.0,12.4,0.1346456244076089,7959,11.842966666666667,0.0019997311,0.0500867214116673
mp-7959-done,KErO2,4.118,4.238,5e+19,300.0,10900.0,368.0,13.7,0.073786594416711,7959,11.842966666666667,0.0014761216,0.0371608331814819
mp-7959-done,KErO2,4.118,4.238,1e+19,300.0,2670.0,492.0,16.7,0.0178344042667026,7959,11.842966666666667,0.0006463108799999,0.0163474003855552
mp-7959-done,KErO2,4.118,4.238,5e+18,300.0,1440.0,545.0,18.0,0.0094874645937513,7959,11.842966666666667,0.000427716,0.0108260111010743
mp-7959-done,KErO2,4.118,4.238,1e+18,300.0,319.0,678.0,19.9,0.0020997496736235,7959,11.842966666666667,0.000146639196,0.0037139309526634
mp-7959-done,KErO2,4.118,4.238,-1e+18,300.0,4440.0,-524.0,276.9,0.0211364960702863,7959,11.842966666666667,0.0012191174399999,0.0308270441501789
mp-7959-done,KErO2,4.118,4.238,-5e+18,300.0,19700.0,-393.0,246.2,0.0979643173724735,7959,11.842966666666667,0.0030426452999999,0.0764424140144563
mp-7959-done,KErO2,4.118,4.238,-1e+19,300.0,37800.0,-336.0,235.7,0.1908960606948492,7959,11.842966666666667,0.0042674687999999,0.1063865085554843
mp-7959-done,KErO2,4.118,4.238,-5e+19,300.0,170000.0,-207.0,212.1,0.9158250032582628,7959,11.842966666666667,0.0072843299999999,0.1712778965700306
mp-7959-done,KErO2,4.118,4.238,-1e+20,300.0,315000.0,-158.0,196.7,1.768477569801919,7959,11.842966666666667,0.00786366,0.1733172438586175
mp-7959-done,KErO2,4.118,4.238,-5e+20,300.0,1210000.0,-70.9,150.6,7.735223664842841,7959,11.842966666666667,0.0060824401,0.093202282698378
mp-7959-done,KErO2,4.118,4.238,-1e+21,300.0,2090000.0,-46.9,130.3,13.90970814747817,7959,11.842966666666667,0.0045971848999999,0.0535538727512087
mp-4326-done,KErS2,2.363,3.082,1e+21,300.0,143000.0,77.1,8.9,0.8481957633520376,4326,3.5736000000000003,0.0008500506299999,0.0576723129352881
mp-4326-done,KErS2,2.363,3.082,5e+20,300.0,73900.0,89.5,9.2,0.4825217167559277,4326,3.5736000000000003,0.0005919574749999,0.0437825230358234
mp-4326-done,KErS2,2.363,3.082,1e+20,300.0,18100.0,168.0,11.3,0.1194550140671816,4326,3.5736000000000003,0.0005108544,0.0414985207142143
mp-4326-done,KErS2,2.363,3.082,5e+19,300.0,9660.0,218.0,12.1,0.0619054230270092,4326,3.5736000000000003,0.0004590818399999,0.0378831925617916
mp-4326-done,KErS2,2.363,3.082,1e+19,300.0,2170.0,346.0,13.5,0.0133277654414885,4326,3.5736000000000003,0.00025978372,0.0217275398603984
mp-4326-done,KErS2,2.363,3.082,5e+18,300.0,1130.0,403.0,14.1,0.0068782064933472,4326,3.5736000000000003,0.0001835221699999,0.0153768987896986
mp-4326-done,KErS2,2.363,3.082,1e+18,300.0,243.0,536.0,15.2,0.0014627401139131,4326,3.5736000000000003,6.981292800000001e-05,0.0058583247127385
mp-4326-done,KErS2,2.363,3.082,-1e+18,300.0,792.0,-525.0,49.4,0.004115942966111,4326,3.5736000000000003,0.0002182949999999,0.0183045554884596
mp-4326-done,KErS2,2.363,3.082,-5e+18,300.0,3800.0,-388.0,47.5,0.0200261092054148,4326,3.5736000000000003,0.0005720672,0.0477568213232808
mp-4326-done,KErS2,2.363,3.082,-1e+19,300.0,7510.0,-329.0,46.9,0.0398965687355538,4326,3.5736000000000003,0.0008128899099999,0.0674878108671636
mp-4326-done,KErS2,2.363,3.082,-5e+19,300.0,35400.0,-198.0,44.2,0.1966664176908416,4326,3.5736000000000003,0.0013878216,0.1104289283235846
mp-4326-done,KErS2,2.363,3.082,-1e+20,300.0,66600.0,-149.0,41.6,0.3853471117849448,4326,3.5736000000000003,0.0014785865999999,0.1120439266994849
mp-4326-done,KErS2,2.363,3.082,-5e+20,300.0,263000.0,-65.4,32.8,1.7329583384051273,4326,3.5736000000000003,0.00112489308,0.0635944999525672
mp-4326-done,KErS2,2.363,3.082,-1e+21,300.0,457000.0,-43.5,28.5,3.1247534922496776,4326,3.5736000000000003,0.00086475825,0.0387300364634637
mp-9263-done,KErTe2,1.339,2.259,1e+21,300.0,236000.0,44.5,14.7,1.5072283341987325,9263,2.2028333333333334,0.0004673389999999,0.0377895874957874
mp-9263-done,KErTe2,1.339,2.259,5e+20,300.0,122000.0,54.2,15.3,0.8187570683854419,9263,2.2028333333333334,0.00035839208,0.0355831233574347
mp-9263-done,KErTe2,1.339,2.259,1e+20,300.0,29000.0,121.0,18.1,0.1957700157203321,9263,2.2028333333333334,0.000424589,0.0531045285375152
mp-9263-done,KErTe2,1.339,2.259,5e+19,300.0,15600.0,167.0,19.4,0.1003579757929421,9263,2.2028333333333334,0.0004350683999999,0.0566694218942166
mp-9263-done,KErTe2,1.339,2.259,1e+19,300.0,3410.0,295.0,21.3,0.0206942470347419,9263,2.2028333333333334,0.0002967552499999,0.0400384397234384
mp-9263-done,KErTe2,1.339,2.259,5e+18,300.0,1760.0,352.0,22.0,0.0105412975326951,9263,2.2028333333333334,0.00021807104,0.0295572701917174
mp-9263-done,KErTe2,1.339,2.259,1e+18,300.0,373.0,487.0,23.3,0.0021986320722104,9263,2.2028333333333334,8.846403699999999e-05,0.0120357489217254
mp-9263-done,KErTe2,1.339,2.259,-1e+18,300.0,436.0,-548.0,27.2,0.0024039550532732,9263,2.2028333333333334,0.000130932544,0.0178120347442237
mp-9263-done,KErTe2,1.339,2.259,-5e+18,300.0,2080.0,-412.0,26.0,0.0115837684172504,9263,2.2028333333333334,0.0003530675199999,0.0478321161429957
mp-9263-done,KErTe2,1.339,2.259,-1e+19,300.0,4120.0,-353.0,25.7,0.0230149501547063,9263,2.2028333333333334,0.0005133890799999,0.069194619032442
mp-9263-done,KErTe2,1.339,2.259,-5e+19,300.0,20200.0,-218.0,25.2,0.1158428955417685,9263,2.2028333333333334,0.0009599847999999,0.124206836820719
mp-9263-done,KErTe2,1.339,2.259,-1e+20,300.0,39700.0,-164.0,24.8,0.2335263572308701,9263,2.2028333333333334,0.0010677712,0.1314795024891496
mp-9263-done,KErTe2,1.339,2.259,-5e+20,300.0,174000.0,-68.6,21.7,1.160581334658248,9263,2.2028333333333334,0.0008188370399999,0.0730362254579383
mp-9263-done,KErTe2,1.339,2.259,-1e+21,300.0,306000.0,-44.7,19.1,2.1814675902349268,9263,2.2028333333333334,0.00061141554,0.0418366953358474
mp-463-done,KF,,6.5,1e+21,300.0,106000.0,280.0,6.6,0.5370030312954026,463,4.4903,0.0083103999999999,0.4959159979973514
mp-463-done,KF,,6.5,5e+20,300.0,55600.0,335.0,6.9,0.2790197378339255,463,4.4903,0.00623971,0.3924905653002337
mp-463-done,KF,,6.5,1e+20,300.0,12100.0,465.0,7.5,0.0594893617259338,463,4.4903,0.0026163224999999,0.1725127665475538
mp-463-done,KF,,6.5,5e+19,300.0,6190.0,522.0,7.7,0.0303862589373151,463,4.4903,0.00168667596,0.1119305253709304
mp-463-done,KF,,6.5,1e+19,300.0,1290.0,657.0,8.0,0.0063036121104075,463,4.4903,0.0005568272099999,0.0371498529579236
mp-463-done,KF,,6.5,5e+18,300.0,650.0,715.0,8.1,0.0031854499766334,463,4.4903,0.0003322962499999,0.0221852003549913
mp-463-done,KF,,6.5,1e+18,300.0,132.0,852.0,8.2,0.0006475743522193,463,4.4903,9.5819328e-05,0.0064008314334745
mp-463-done,KF,,6.5,-1e+18,300.0,44400.0,-374.0,2773.2,0.1796541890872518,463,4.4903,0.0062104943999999,0.3989650100537976
mp-463-done,KF,,6.5,-5e+18,300.0,195000.0,-245.0,2429.0,0.8289424289280672,463,4.4903,0.011704875,0.6601433468990487
mp-463-done,KF,,6.5,-1e+19,300.0,354000.0,-193.0,2209.8,1.5823883983261595,463,4.4903,0.013186146,0.6514155742109813
mp-463-done,KF,,6.5,-5e+19,300.0,1220000.0,-85.4,1527.7,6.67894006815776,463,4.4903,0.0088976552,0.2389864076437807
mp-463-done,KF,,6.5,-1e+20,300.0,1900000.0,-50.6,1186.4,11.604383867725806,463,4.4903,0.0048646839999999,0.0906762265102001
mp-463-done,KF,,6.5,-5e+20,300.0,3810000.0,-9.81,475.8,27.24907239271324,463,4.4903,0.0003666595409999,0.0034656596525904
mp-463-done,KF,,6.5,-1e+21,300.0,4490000.0,-4.48,280.4,32.61564725817425,463,4.4903,9.0116096e-05,0.0007285847902466
mp-757021-done,KGdO2,3.938,4.103,1e+21,300.0,160000.0,176.0,10.0,0.8383590741004677,757021,8.956033333333334,0.00495616,0.151806047598369
mp-757021-done,KGdO2,3.938,4.103,5e+20,300.0,88100.0,222.0,11.0,0.5001301006641311,757021,8.956033333333334,0.0043419204,0.1377489009249656
mp-757021-done,KGdO2,3.938,4.103,1e+20,300.0,22500.0,334.0,14.0,0.1373837156749819,757021,8.956033333333334,0.00251001,0.0828074854525801
mp-757021-done,KGdO2,3.938,4.103,5e+19,300.0,12400.0,385.0,15.5,0.0761358910404724,757021,8.956033333333334,0.0018379899999999,0.0610481254615995
mp-757021-done,KGdO2,3.938,4.103,1e+19,300.0,3070.0,508.0,19.2,0.0186146100114096,757021,8.956033333333334,0.0007922564799999,0.0264831495898646
mp-757021-done,KGdO2,3.938,4.103,5e+18,300.0,1640.0,563.0,20.5,0.0098967181211771,757021,8.956033333333334,0.00051982916,0.0173934825617673
mp-757021-done,KGdO2,3.938,4.103,1e+18,300.0,362.0,695.0,22.6,0.0021677799319213,757021,8.956033333333334,0.0001748550499999,0.0058556974036107
mp-757021-done,KGdO2,3.938,4.103,-1e+18,300.0,7010.0,-520.0,437.5,0.0309600366472577,757021,8.956033333333334,0.0018955039999999,0.0632749103720767
mp-757021-done,KGdO2,3.938,4.103,-5e+18,300.0,30600.0,-389.0,381.6,0.1413364650985033,757021,8.956033333333334,0.0046304226,0.1526954285445724
mp-757021-done,KGdO2,3.938,4.103,-1e+19,300.0,58000.0,-333.0,362.0,0.2739271831844407,757021,8.956033333333334,0.0064315619999999,0.2090440795003431
mp-757021-done,KGdO2,3.938,4.103,-5e+19,300.0,254000.0,-203.0,317.3,1.2949915597517885,757021,8.956033333333334,0.010467086,0.3063231074697893
mp-757021-done,KGdO2,3.938,4.103,-1e+20,300.0,461000.0,-153.0,287.7,2.501483903547596,757021,8.956033333333334,0.010791549,0.2825624987566095
mp-757021-done,KGdO2,3.938,4.103,-5e+20,300.0,1590000.0,-69.5,198.5,10.289913122995168,757021,8.956033333333334,0.0076800974999999,0.1197150400074168
mp-757021-done,KGdO2,3.938,4.103,-1e+21,300.0,2700000.0,-47.2,168.5,18.08437656963495,757021,8.956033333333334,0.006015168,0.0667353197113299
mp-15784-done,KGdS2,2.289,2.886,1e+21,300.0,128000.0,82.4,8.0,0.8680426560221474,15784,4.2485,0.0008690892799999,0.0509576097627361
mp-15784-done,KGdS2,2.289,2.886,5e+20,300.0,79700.0,77.9,9.9,0.5109926677377323,15784,4.2485,0.0004836522769999,0.0304855355873331
mp-15784-done,KGdS2,2.289,2.886,1e+20,300.0,23100.0,160.0,14.4,0.1323731615714966,15784,4.2485,0.0005913599999999,0.0404960366248838
mp-15784-done,KGdS2,2.289,2.886,5e+19,300.0,12500.0,212.0,15.6,0.0686024630337563,15784,4.2485,0.0005618,0.0390400740874614
mp-15784-done,KGdS2,2.289,2.886,1e+19,300.0,2800.0,344.0,17.5,0.0147819381243487,15784,4.2485,0.0003313407999999,0.0233158964015648
mp-15784-done,KGdS2,2.289,2.886,5e+18,300.0,1460.0,401.0,18.2,0.0076399913766808,15784,4.2485,0.0002347694599999,0.0165480548437478
mp-15784-done,KGdS2,2.289,2.886,1e+18,300.0,314.0,535.0,19.6,0.0016272098720044,15784,4.2485,8.987465e-05,0.0063439030571539
mp-15784-done,KGdS2,2.289,2.886,-1e+18,300.0,1260.0,-513.0,78.6,0.0062915130667481,15784,4.2485,0.00033159294,0.0233802012847155
mp-15784-done,KGdS2,2.289,2.886,-5e+18,300.0,6050.0,-377.0,75.5,0.0305104036536848,15784,4.2485,0.00085988045,0.0602859331166229
mp-15784-done,KGdS2,2.289,2.886,-1e+19,300.0,11900.0,-318.0,74.4,0.0607135367169632,15784,4.2485,0.0012033755999999,0.0837769298095663
mp-15784-done,KGdS2,2.289,2.886,-5e+19,300.0,54800.0,-188.0,68.5,0.2967848710639248,15784,4.2485,0.0019368511999999,0.1278369511444859
mp-15784-done,KGdS2,2.289,2.886,-1e+20,300.0,101000.0,-141.0,62.8,0.5752293044981446,15784,4.2485,0.0020079809999999,0.1248814479366069
mp-15784-done,KGdS2,2.289,2.886,-5e+20,300.0,364000.0,-63.0,45.4,2.4063659071327383,15784,4.2485,0.001444716,0.06512750310047
mp-15784-done,KGdS2,2.289,2.886,-1e+21,300.0,609000.0,-42.1,38.0,4.157475465900902,15784,4.2485,0.00107939769,0.0385225139323309
mp-20420-done,KGdTe2,1.285,2.138,1e+21,300.0,199000.0,59.3,12.4,1.3104659403773269,20420,2.0883000000000003,0.0006997815099999,0.0617678465309862
mp-20420-done,KGdTe2,1.285,2.138,5e+20,300.0,113000.0,50.1,14.1,0.7404248300608384,20420,2.0883000000000003,0.00028363113,0.0300804581964835
mp-20420-done,KGdTe2,1.285,2.138,1e+20,300.0,28000.0,120.0,17.5,0.1839580016287862,20420,2.0883000000000003,0.0004031999999999,0.0532333915925322
mp-20420-done,KGdTe2,1.285,2.138,5e+19,300.0,14900.0,168.0,18.6,0.0934145805304791,20420,2.0883000000000003,0.0004205376,0.0578266658369786
mp-20420-done,KGdTe2,1.285,2.138,1e+19,300.0,3220.0,296.0,20.1,0.0190908642155697,20420,2.0883000000000003,0.00028212352,0.0401620114413394
mp-20420-done,KGdTe2,1.285,2.138,5e+18,300.0,1650.0,354.0,20.6,0.0097067396039717,20420,2.0883000000000003,0.0002067713999999,0.029566835429556
mp-20420-done,KGdTe2,1.285,2.138,1e+18,300.0,347.0,489.0,21.7,0.0020180386286957,20420,2.0883000000000003,8.297498699999998e-05,0.0119084730839954
mp-20420-done,KGdTe2,1.285,2.138,-1e+18,300.0,460.0,-534.0,28.7,0.0025281857502363,20420,2.0883000000000003,0.00013117176,0.0188210242564143
mp-20420-done,KGdTe2,1.285,2.138,-5e+18,300.0,2200.0,-398.0,27.5,0.0122435715470725,20420,2.0883000000000003,0.0003484887999999,0.0497712313213147
mp-20420-done,KGdTe2,1.285,2.138,-1e+19,300.0,4330.0,-339.0,27.1,0.024272160377933,20420,2.0883000000000003,0.00049760793,0.0706638011235052
mp-20420-done,KGdTe2,1.285,2.138,-5e+19,300.0,20500.0,-208.0,25.6,0.1192809281725503,20420,2.0883000000000003,0.0008869119999999,0.1205272235343269
mp-20420-done,KGdTe2,1.285,2.138,-1e+20,300.0,39200.0,-158.0,24.4,0.2359540085909386,20420,2.0883000000000003,0.0009785888,0.1263100499837272
mp-20420-done,KGdTe2,1.285,2.138,-5e+20,300.0,163000.0,-69.7,20.4,1.1173746654891563,20420,2.0883000000000003,0.00079186867,0.0741062727161523
mp-20420-done,KGdTe2,1.285,2.138,-1e+21,300.0,292000.0,-47.3,18.2,2.097954491320305,20420,2.0883000000000003,0.0006532886799999,0.0468166960241725
mp-15786-done,KHoS2,2.344,3.035,1e+21,300.0,156000.0,79.9,9.8,0.9175982245847232,15786,4.8049333333333335,0.00099590556,0.0522097021180426
mp-15786-done,KHoS2,2.344,3.035,5e+20,300.0,80400.0,91.5,10.0,0.5342464900360401,15786,4.8049333333333335,0.0006731289,0.0378220394668339
mp-15786-done,KHoS2,2.344,3.035,1e+20,300.0,20500.0,164.0,12.8,0.13506959169018,15786,4.8049333333333335,0.000551368,0.0334838668135429
mp-15786-done,KHoS2,2.344,3.035,5e+19,300.0,11000.0,214.0,13.8,0.0695094469665771,15786,4.8049333333333335,0.000503756,0.0310039130238188
mp-15786-done,KHoS2,2.344,3.035,1e+19,300.0,2500.0,343.0,15.6,0.0148760370316696,15786,4.8049333333333335,0.0002941224999999,0.0183071037088107
mp-15786-done,KHoS2,2.344,3.035,5e+18,300.0,1310.0,400.0,16.3,0.0076985240786354,15786,4.8049333333333335,0.0002095999999999,0.0130656160419019
mp-15786-done,KHoS2,2.344,3.035,1e+18,300.0,284.0,532.0,17.7,0.0016535583407367,15786,4.8049333333333335,8.0378816e-05,0.005016791611896
mp-15786-done,KHoS2,2.344,3.035,-1e+18,300.0,976.0,-524.0,60.9,0.0048401722691263,15786,4.8049333333333335,0.0002679861759999,0.0167151015960157
mp-15786-done,KHoS2,2.344,3.035,-5e+18,300.0,4660.0,-388.0,58.1,0.0233573107101277,15786,4.8049333333333335,0.00070153504,0.0435890312981965
mp-15786-done,KHoS2,2.344,3.035,-1e+19,300.0,9180.0,-329.0,57.3,0.0464584206454966,15786,4.8049333333333335,0.0009936523799999,0.0614454014676281
mp-15786-done,KHoS2,2.344,3.035,-5e+19,300.0,43600.0,-195.0,54.4,0.231550016265018,15786,4.8049333333333335,0.00165789,0.0987528331727064
mp-15786-done,KHoS2,2.344,3.035,-1e+20,300.0,82100.0,-145.0,51.2,0.4601965982839842,15786,4.8049333333333335,0.0017261525,0.0983538405938124
mp-15786-done,KHoS2,2.344,3.035,-5e+20,300.0,311000.0,-64.2,38.9,2.06810984001176,15786,4.8049333333333335,0.00128183004,0.0559503268495898
mp-15786-done,KHoS2,2.344,3.035,-1e+21,300.0,544000.0,-42.4,34.0,3.651660552139008,15786,4.8049333333333335,0.0009779814399999,0.0346941612632001
mp-7958-done,KLaO2,,3.844,1e+21,300.0,82200.0,201.0,5.1,0.3364713643010789,7958,4.947533333333333,0.0033209621999999,0.1885480269247294
mp-7958-done,KLaO2,,3.844,5e+20,300.0,42600.0,257.0,5.3,0.1729823207329034,7958,4.947533333333333,0.0028136874,0.1648478936549465
mp-7958-done,KLaO2,,3.844,1e+20,300.0,8760.0,397.0,5.5,0.0352724063254213,7958,4.947533333333333,0.00138065484,0.083125145478452
mp-7958-done,KLaO2,,3.844,5e+19,300.0,4490.0,457.0,5.6,0.0178068392085447,7958,4.947533333333333,0.00093773201,0.0566566626302233
mp-7958-done,KLaO2,,3.844,1e+19,300.0,995.0,593.0,6.2,0.0037947123117993,7958,4.947533333333333,0.0003498907549999,0.0211998125618625
mp-7958-done,KLaO2,,3.844,5e+18,300.0,520.0,651.0,6.5,0.0019542707220264,7958,4.947533333333333,0.00022037652,0.0133575354236326
mp-7958-done,KLaO2,,3.844,1e+18,300.0,112.0,785.0,7.0,0.0004127620650981,7958,4.947533333333333,6.90172e-05,0.0041845969217926
mp-7958-done,KLaO2,,3.844,-1e+18,300.0,1410.0,-539.0,88.2,0.0065304713989007,7958,4.947533333333333,0.0004096346099999,0.024805975022482
mp-7958-done,KLaO2,,3.844,-5e+18,300.0,6690.0,-404.0,83.5,0.0315187269273662,7958,4.947533333333333,0.00109191504,0.0657905376435948
mp-7958-done,KLaO2,,3.844,-1e+19,300.0,13100.0,-346.0,81.6,0.0624568302001684,7958,4.947533333333333,0.0015682796,0.0939091424619029
mp-7958-done,KLaO2,,3.844,-5e+19,300.0,59900.0,-215.0,74.7,0.3059581727406512,7958,4.947533333333333,0.0027688775,0.1581164162994464
mp-7958-done,KLaO2,,3.844,-1e+20,300.0,110000.0,-166.0,68.8,0.594698397569103,7958,4.947533333333333,0.0030311599999999,0.1640761419140267
mp-7958-done,KLaO2,,3.844,-5e+20,300.0,418000.0,-78.9,52.2,2.559508997783452,7958,4.947533333333333,0.00260213778,0.1039878689326463
mp-7958-done,KLaO2,,3.844,-1e+21,300.0,729000.0,-52.3,45.5,4.642259789484917,7958,4.947533333333333,0.0019940264099999,0.0623796483759983
mp-1007636-done,KLuS2,2.406,3.219,1e+21,300.0,116000.0,69.3,7.2,0.6963627798864764,1007636,5.0,0.0005570888399999,0.0293391868562312
mp-1007636-done,KLuS2,2.406,3.219,5e+20,300.0,62300.0,72.2,7.8,0.4105488765094128,1007636,5.0,0.0003247599319999,0.0180070417666802
mp-1007636-done,KLuS2,2.406,3.219,1e+20,300.0,16200.0,156.0,10.1,0.1001849080819356,1007636,5.0,0.0003942432,0.0231899356849945
mp-1007636-done,KLuS2,2.406,3.219,5e+19,300.0,8630.0,208.0,10.8,0.0514538516188066,1007636,5.0,0.00037336832,0.0221739125586794
mp-1007636-done,KLuS2,2.406,3.219,1e+19,300.0,1910.0,339.0,11.9,0.0109697103330224,1007636,5.0,0.00021949911,0.0131411157533466
mp-1007636-done,KLuS2,2.406,3.219,5e+18,300.0,993.0,396.0,12.4,0.0056722568596223,1007636,5.0,0.000155718288,0.0093325100012256
mp-1007636-done,KLuS2,2.406,3.219,1e+18,300.0,215.0,528.0,13.4,0.0012185565433038,1007636,5.0,5.993855999999998e-05,0.0035954373512579
mp-1007636-done,KLuS2,2.406,3.219,-1e+18,300.0,681.0,-513.0,42.5,0.0036481349766359,1007636,5.0,0.000179218089,0.0107452453189438
mp-1007636-done,KLuS2,2.406,3.219,-5e+18,300.0,3240.0,-378.0,40.5,0.0176150270912581,1007636,5.0,0.0004629441599999,0.0276791358544064
mp-1007636-done,KLuS2,2.406,3.219,-1e+19,300.0,6390.0,-319.0,39.9,0.035069557441768,1007636,5.0,0.00065025279,0.0387434244501509
mp-1007636-done,KLuS2,2.406,3.219,-5e+19,300.0,30000.0,-192.0,37.4,0.1725980384414,1007636,5.0,0.00110592,0.0641410752458101
mp-1007636-done,KLuS2,2.406,3.219,-1e+20,300.0,56700.0,-146.0,35.4,0.3370586778995758,1007636,5.0,0.0012086172,0.0679372631785823
mp-1007636-done,KLuS2,2.406,3.219,-5e+20,300.0,240000.0,-62.2,29.9,1.5422376179432735,1007636,5.0,0.0009285215999999,0.0425781661057339
mp-1007636-done,KLuS2,2.406,3.219,-1e+21,300.0,415000.0,-40.3,25.9,2.804323369664667,1007636,5.0,0.0006739973499999,0.0259086144208114
mp-754158-done,KNdO2,3.713,3.744,1e+21,300.0,74500.0,202.0,4.6,0.3503882560524449,754158,7.332866666666667,0.003039898,0.1186957102390731
mp-754158-done,KNdO2,3.713,3.744,5e+20,300.0,39400.0,254.0,4.9,0.1867647676465263,754158,7.332866666666667,0.0025419303999999,0.1014117682045171
mp-754158-done,KNdO2,3.713,3.744,1e+20,300.0,8190.0,389.0,5.1,0.0404666734448126,754158,7.332866666666667,0.0012393189899999,0.0504243711561735
mp-754158-done,KNdO2,3.713,3.744,5e+19,300.0,4210.0,449.0,5.3,0.020963328167868,754158,7.332866666666667,0.0008487402099999,0.0346244151930111
mp-754158-done,KNdO2,3.713,3.744,1e+19,300.0,939.0,583.0,5.9,0.0046643499153113,754158,7.332866666666667,0.0003191557709999,0.0130489031097236
mp-754158-done,KNdO2,3.713,3.744,5e+18,300.0,491.0,640.0,6.1,0.0024337355425219,754158,7.332866666666667,0.0002011135999999,0.0082251682537499
mp-754158-done,KNdO2,3.713,3.744,1e+18,300.0,106.0,774.0,6.6,0.0005237906768667,754158,7.332866666666667,6.350205599999998e-05,0.0025977911459661
mp-754158-done,KNdO2,3.713,3.744,-1e+18,300.0,1840.0,-515.0,114.8,0.0084108416007496,754158,7.332866666666667,0.0004880139999999,0.0199426053347113
mp-754158-done,KNdO2,3.713,3.744,-5e+18,300.0,8690.0,-381.0,108.5,0.0405839868311482,754158,7.332866666666667,0.0012614490899999,0.0513239655059532
mp-754158-done,KNdO2,3.713,3.744,-1e+19,300.0,17000.0,-323.0,105.9,0.0804244387773922,754158,7.332866666666667,0.001773593,0.0717735068584128
mp-754158-done,KNdO2,3.713,3.744,-5e+19,300.0,76400.0,-194.0,95.3,0.3932292905549331,754158,7.332866666666667,0.0028753904,0.1116498066780687
mp-754158-done,KNdO2,3.713,3.744,-1e+20,300.0,139000.0,-147.0,86.8,0.7614307989889398,754158,7.332866666666667,0.003003651,0.1113247077740075
mp-754158-done,KNdO2,3.713,3.744,-5e+20,300.0,526000.0,-67.2,65.7,3.259266269215949,754158,7.332866666666667,0.0023753318399999,0.067276303678735
mp-754158-done,KNdO2,3.713,3.744,-1e+21,300.0,911000.0,-43.3,56.9,5.941471747146586,754158,7.332866666666667,0.0017080247899999,0.0386013540581999
mp-11740-done,KNdTe2,1.266,1.977,1e+21,300.0,161000.0,69.4,10.0,1.128091305470892,11740,2.102866666666667,0.00077543396,0.0720003757418407
mp-11740-done,KNdTe2,1.266,1.977,5e+20,300.0,98400.0,51.3,12.3,0.6384286037747268,11740,2.102866666666667,0.0002589582959999,0.0283397011761746
mp-11740-done,KNdTe2,1.266,1.977,1e+20,300.0,26400.0,119.0,16.5,0.167534484935625,11740,2.102866666666667,0.0003738504,0.0493988121530191
mp-11740-done,KNdTe2,1.266,1.977,5e+19,300.0,14200.0,167.0,17.7,0.0852601307787195,11740,2.102866666666667,0.0003960237999999,0.0542962775917172
mp-11740-done,KNdTe2,1.266,1.977,1e+19,300.0,3070.0,296.0,19.2,0.0173437524335226,11740,2.102866666666667,0.0002689811199999,0.0380595884601946
mp-11740-done,KNdTe2,1.266,1.977,5e+18,300.0,1580.0,354.0,19.7,0.0088181985294226,11740,2.102866666666667,0.0001979992799999,0.0281290949132479
mp-11740-done,KNdTe2,1.266,1.977,1e+18,300.0,333.0,489.0,20.8,0.0018395955544362,11740,2.102866666666667,7.962729299999998e-05,0.0113498915876226
mp-11740-done,KNdTe2,1.266,1.977,-1e+18,300.0,446.0,-536.0,27.9,0.0024197836804681,11740,2.102866666666667,0.000128134016,0.0182588952651368
mp-11740-done,KNdTe2,1.266,1.977,-5e+18,300.0,2150.0,-400.0,26.9,0.0117395122960695,11740,2.102866666666667,0.0003439999999999,0.048803413622196
mp-11740-done,KNdTe2,1.266,1.977,-1e+19,300.0,4250.0,-341.0,26.5,0.0233303426580323,11740,2.102866666666667,0.00049419425,0.0697293215773491
mp-11740-done,KNdTe2,1.266,1.977,-5e+19,300.0,20600.0,-208.0,25.7,0.115917102555488,11740,2.102866666666667,0.0008912384,0.1205036397457212
mp-11740-done,KNdTe2,1.266,1.977,-1e+20,300.0,40100.0,-156.0,25.0,0.2319928482684346,11740,2.102866666666667,0.0009758736,0.1253874497062139
mp-11740-done,KNdTe2,1.266,1.977,-5e+20,300.0,168000.0,-63.9,20.9,1.1181113635994449,11740,2.102866666666667,0.0006859792799999,0.0638917068251371
mp-11740-done,KNdTe2,1.266,1.977,-1e+21,300.0,285000.0,-41.0,17.8,2.042891005191656,11740,2.102866666666667,0.000479085,0.0346680899792137
mp-4519-done,KPrO2,,3.663,1e+21,300.0,39600.0,198.0,2.5,0.1929412145825098,4519,6.9762,0.0015524783999999,0.0649650364052833
mp-4519-done,KPrO2,,3.663,5e+20,300.0,22000.0,246.0,2.7,0.1060196619106152,4519,6.9762,0.0013313519999999,0.0563955396848309
mp-4519-done,KPrO2,,3.663,1e+20,300.0,4700.0,377.0,2.9,0.0226151513511091,4519,6.9762,0.0006680063,0.0286336880838055
mp-4519-done,KPrO2,,3.663,5e+19,300.0,2380.0,437.0,3.0,0.0114110706517421,4519,6.9762,0.0004545062199999,0.019513373686846
mp-4519-done,KPrO2,,3.663,1e+19,300.0,507.0,576.0,3.2,0.0023846226627636,4519,6.9762,0.000168210432,0.0072311410305353
mp-4519-done,KPrO2,,3.663,5e+18,300.0,262.0,634.0,3.3,0.0012219550400168,4519,6.9762,0.000105312472,0.0045279964152345
mp-4519-done,KPrO2,,3.663,1e+18,300.0,55.8,770.0,3.5,0.0002566281756048,4519,6.9762,3.308382e-05,0.0014226628973676
mp-4519-done,KPrO2,,3.663,-1e+18,300.0,620.0,-518.0,38.7,0.0030293663275677,4519,6.9762,0.00016636088,0.0071509705986724
mp-4519-done,KPrO2,,3.663,-5e+18,300.0,2990.0,-383.0,37.3,0.0147904466332896,4519,6.9762,0.00043860011,0.0188213721652796
mp-4519-done,KPrO2,,3.663,-1e+19,300.0,5860.0,-325.0,36.6,0.029398723474182,4519,6.9762,0.0006189625,0.0265057645077213
mp-4519-done,KPrO2,,3.663,-5e+19,300.0,27000.0,-198.0,33.7,0.143728921817905,4519,6.9762,0.0010585079999999,0.0446005014217038
mp-4519-done,KPrO2,,3.663,-1e+20,300.0,50300.0,-151.0,31.4,0.2798714901603543,4519,6.9762,0.0011468902999999,0.0474178197481301
mp-4519-done,KPrO2,,3.663,-5e+20,300.0,205000.0,-68.6,25.6,1.2948615978710916,4519,6.9762,0.0009647217999999,0.0349914622899753
mp-4519-done,KPrO2,,3.663,-1e+21,300.0,374000.0,-46.7,23.4,2.448815266059892,4519,6.9762,0.00081565286,0.0259623831996501
mp-15782-done,KPrS2,2.247,2.662,1e+21,300.0,121000.0,85.9,7.6,1.055895894701057,15782,4.135466666666667,0.00089283601,0.0515954722548663
mp-15782-done,KPrS2,2.247,2.662,5e+20,300.0,87900.0,79.6,11.0,0.6154233337825713,15782,4.135466666666667,0.0005569484639999,0.0351691028805488
mp-15782-done,KPrS2,2.247,2.662,1e+20,300.0,31000.0,163.0,19.3,0.1557133682412181,15782,4.135466666666667,0.000823639,0.057581294187137
mp-15782-done,KPrS2,2.247,2.662,5e+19,300.0,17200.0,217.0,21.5,0.0823558279052794,15782,4.135466666666667,0.0008099307999999,0.0576077443545023
mp-15782-done,KPrS2,2.247,2.662,1e+19,300.0,4020.0,348.0,25.1,0.0184087675302492,15782,4.135466666666667,0.0004868380799999,0.0351602801561156
mp-15782-done,KPrS2,2.247,2.662,5e+18,300.0,2110.0,405.0,26.4,0.0096178085298812,15782,4.135466666666667,0.00034609275,0.0250484219613104
mp-15782-done,KPrS2,2.247,2.662,1e+18,300.0,459.0,537.0,28.6,0.0020810225164164,15782,4.135466666666667,0.0001323613709999,0.0095970884888604
mp-15782-done,KPrS2,2.247,2.662,-1e+18,300.0,1650.0,-519.0,102.7,0.0082935669020329,15782,4.135466666666667,0.0004444456499999,0.032176981167933
mp-15782-done,KPrS2,2.247,2.662,-5e+18,300.0,7680.0,-385.0,95.8,0.0393625446003169,15782,4.135466666666667,0.0011383679999999,0.0818022445273462
mp-15782-done,KPrS2,2.247,2.662,-1e+19,300.0,14900.0,-327.0,93.2,0.0775140511519362,15782,4.135466666666667,0.0015932421,0.1134523659171848
mp-15782-done,KPrS2,2.247,2.662,-5e+19,300.0,68800.0,-197.0,85.9,0.3792682771385527,15782,4.135466666666667,0.0026700591999999,0.1774229871676224
mp-15782-done,KPrS2,2.247,2.662,-1e+20,300.0,129000.0,-148.0,80.3,0.7432092343787141,15782,4.135466666666667,0.002825616,0.1737530463580009
mp-15782-done,KPrS2,2.247,2.662,-5e+20,300.0,493000.0,-64.5,61.5,3.2003650015187906,15782,4.135466666666667,0.0020510032499999,0.0838761033283315
mp-15782-done,KPrS2,2.247,2.662,-1e+21,300.0,820000.0,-40.0,51.2,5.513969572318932,15782,4.135466666666667,0.0013119999999999,0.0407899477494601
mp-8188-done,KScO2,3.649,4.133,1e+21,300.0,152000.0,154.0,9.5,0.916262262737896,8188,9.7099,0.003604832,0.1017723589439483
mp-8188-done,KScO2,3.649,4.133,5e+20,300.0,78800.0,184.0,9.8,0.5286766439817638,8188,9.7099,0.0026678528,0.078170615685184
mp-8188-done,KScO2,3.649,4.133,1e+20,300.0,19600.0,272.0,12.3,0.1343529375959582,8188,9.7099,0.0014500863999999,0.0441908515311073
mp-8188-done,KScO2,3.649,4.133,5e+19,300.0,10700.0,321.0,13.4,0.0720299330460795,8188,9.7099,0.0011025387,0.0338135329391999
mp-8188-done,KScO2,3.649,4.133,1e+19,300.0,2610.0,443.0,16.3,0.0167306847148948,8188,9.7099,0.0005122098899999,0.0157981701969466
mp-8188-done,KScO2,3.649,4.133,5e+18,300.0,1400.0,498.0,17.5,0.0088229913687375,8188,9.7099,0.0003472055999999,0.0107176302990091
mp-8188-done,KScO2,3.649,4.133,1e+18,300.0,316.0,628.0,19.7,0.0019498859740176,8188,9.7099,0.000124625344,0.003849689156954
mp-8188-done,KScO2,3.649,4.133,-1e+18,300.0,2730.0,-536.0,170.4,0.0117629373672227,8188,9.7099,0.00078431808,0.0242032073644101
mp-8188-done,KScO2,3.649,4.133,-5e+18,300.0,12900.0,-401.0,160.7,0.0562986349554224,8188,9.7099,0.0020743329,0.0637197637750935
mp-8188-done,KScO2,3.649,4.133,-1e+19,300.0,25100.0,-343.0,156.7,0.111163175982565,8188,9.7099,0.0029529899,0.0902037746958459
mp-8188-done,KScO2,3.649,4.133,-5e+19,300.0,112000.0,-211.0,140.2,0.5342706064519349,8188,9.7099,0.0049863519999999,0.1460250573197039
mp-8188-done,KScO2,3.649,4.133,-1e+20,300.0,203000.0,-162.0,126.5,1.0265431573098012,8188,9.7099,0.0053275319999999,0.1488630430564717
mp-8188-done,KScO2,3.649,4.133,-5e+20,300.0,678000.0,-77.6,84.6,4.121065345768091,8188,9.7099,0.0040827532799999,0.0885567965344323
mp-8188-done,KScO2,3.649,4.133,-1e+21,300.0,1120000.0,-54.5,69.8,7.107620569515987,8188,9.7099,0.00332668,0.0593431116004707
mp-15783-done,KSmS2,2.261,2.786,1e+21,300.0,126000.0,83.7,7.8,0.921944956136488,15783,4.2429,0.00088271694,0.0512726101652608
mp-15783-done,KSmS2,2.261,2.786,5e+20,300.0,81800.0,80.2,10.2,0.538081511317071,15783,4.2429,0.000526140872,0.0330146145151097
mp-15783-done,KSmS2,2.261,2.786,1e+20,300.0,25300.0,159.0,15.8,0.1403581893599464,15783,4.2429,0.0006396093,0.0437762919067332
mp-15783-done,KSmS2,2.261,2.786,5e+19,300.0,13900.0,212.0,17.3,0.0738044239600911,15783,4.2429,0.0006247216,0.0434165654149807
mp-15783-done,KSmS2,2.261,2.786,1e+19,300.0,3190.0,342.0,19.9,0.0162881478026981,15783,4.2429,0.0003731151599999,0.0262807239585592
mp-15783-done,KSmS2,2.261,2.786,5e+18,300.0,1670.0,399.0,20.8,0.0084626712697835,15783,4.2429,0.00026586567,0.0187609731672639
mp-15783-done,KSmS2,2.261,2.786,1e+18,300.0,362.0,532.0,22.6,0.0018152113508051,15783,4.2429,0.000102454688,0.0072410997839873
mp-15783-done,KSmS2,2.261,2.786,-1e+18,300.0,1440.0,-513.0,90.0,0.0072159925748256,15783,4.2429,0.00037896336,0.0267496247628583
mp-15783-done,KSmS2,2.261,2.786,-5e+18,300.0,6900.0,-377.0,86.2,0.0349912874187613,15783,4.2429,0.0009806901,0.0687738444558561
mp-15783-done,KSmS2,2.261,2.786,-1e+19,300.0,13500.0,-319.0,84.4,0.0692888807888394,15783,4.2429,0.0013737735,0.0955737472066872
mp-15783-done,KSmS2,2.261,2.786,-5e+19,300.0,61600.0,-190.0,76.9,0.3362107592731203,15783,4.2429,0.0022237599999999,0.1456894220453118
mp-15783-done,KSmS2,2.261,2.786,-1e+20,300.0,113000.0,-143.0,70.7,0.649973596734977,15783,4.2429,0.002310737,0.141679748371711
mp-15783-done,KSmS2,2.261,2.786,-5e+20,300.0,415000.0,-62.3,51.8,2.7204927104143284,15783,4.2429,0.00161073535,0.0693944209519166
mp-15783-done,KSmS2,2.261,2.786,-1e+21,300.0,686000.0,-41.0,42.8,4.665937240699315,15783,4.2429,0.001153166,0.0388322056687213
mp-9036-done,KSmTe2,1.261,2.043,1e+21,300.0,181000.0,62.2,11.3,1.2098831466781257,9036,2.054133333333333,0.0007002600399999,0.0643618110651305
mp-9036-done,KSmTe2,1.261,2.043,5e+20,300.0,105000.0,47.1,13.2,0.6933781700877484,9036,2.054133333333333,0.00023293305,0.0254338935116335
mp-9036-done,KSmTe2,1.261,2.043,1e+20,300.0,27600.0,119.0,17.3,0.1760616964412596,9036,2.054133333333333,0.0003908435999999,0.052575258412185
mp-9036-done,KSmTe2,1.261,2.043,5e+19,300.0,14700.0,167.0,18.4,0.0896247150311104,9036,2.054133333333333,0.0004099682999999,0.0573714417509962
mp-9036-done,KSmTe2,1.261,2.043,1e+19,300.0,3160.0,295.0,19.7,0.018145698544667,9036,2.054133333333333,0.0002749989999999,0.0398110962524215
mp-9036-done,KSmTe2,1.261,2.043,5e+18,300.0,1620.0,353.0,20.2,0.0092024852645215,9036,2.054133333333333,0.0002018665799999,0.029350517474719
mp-9036-done,KSmTe2,1.261,2.043,1e+18,300.0,340.0,488.0,21.2,0.0019109543162501,9036,2.054133333333333,8.096896e-05,0.0118142824772361
mp-9036-done,KSmTe2,1.261,2.043,-1e+18,300.0,443.0,-535.0,27.7,0.0024016393033848,9036,2.054133333333333,0.000126797675,0.018496793395752
mp-9036-done,KSmTe2,1.261,2.043,-5e+18,300.0,2140.0,-398.0,26.8,0.011718663272001,9036,2.054133333333333,0.0003389845599999,0.049226841113051
mp-9036-done,KSmTe2,1.261,2.043,-1e+19,300.0,4240.0,-339.0,26.5,0.0233434296324793,9036,2.054133333333333,0.00048726504,0.0703639696991429
mp-9036-done,KSmTe2,1.261,2.043,-5e+19,300.0,20500.0,-207.0,25.5,0.1165155485094972,9036,2.054133333333333,0.0008784044999999,0.1214021080075588
mp-9036-done,KSmTe2,1.261,2.043,-1e+20,300.0,39600.0,-156.0,24.7,0.2320626079454247,9036,2.054133333333333,0.0009637056,0.1264597118645432
mp-9036-done,KSmTe2,1.261,2.043,-5e+20,300.0,166000.0,-63.5,20.7,1.109058782472944,9036,2.054133333333333,0.0006693535,0.063482091080268
mp-9036-done,KSmTe2,1.261,2.043,-1e+21,300.0,283000.0,-43.5,17.6,2.048685992114985,9036,2.054133333333333,0.00053550675,0.0391564951455534
mp-8409-done,KYO2,4.062,4.29,1e+21,300.0,152000.0,173.0,9.5,0.7425134881384449,8409,10.296166666666666,0.004549208,0.1236345632685011
mp-8409-done,KYO2,4.062,4.29,5e+20,300.0,81400.0,224.0,10.2,0.4224949584336069,8409,10.296166666666666,0.0040843264,0.1143144510813436
mp-8409-done,KYO2,4.062,4.29,1e+20,300.0,19200.0,346.0,12.0,0.1105411027927603,8409,10.296166666666666,0.0022985472,0.0662615089494166
mp-8409-done,KYO2,4.062,4.29,5e+19,300.0,10400.0,399.0,13.0,0.0608294767909389,8409,10.296166666666666,0.0016556904,0.0479586081832968
mp-8409-done,KYO2,4.062,4.29,1e+19,300.0,2530.0,526.0,15.8,0.0147603197696532,8409,10.296166666666666,0.00069999028,0.0203664601908484
mp-8409-done,KYO2,4.062,4.29,5e+18,300.0,1350.0,582.0,16.8,0.007844368213998,8409,10.296166666666666,0.0004572773999999,0.0133135746395829
mp-8409-done,KYO2,4.062,4.29,1e+18,300.0,298.0,714.0,18.6,0.0017254759357934,8409,10.296166666666666,0.000151919208,0.0044257370118932
mp-8409-done,KYO2,4.062,4.29,-1e+18,300.0,5880.0,-530.0,366.9,0.0254394265309814,8409,10.296166666666666,0.001651692,0.0480068310615495
mp-8409-done,KYO2,4.062,4.29,-5e+18,300.0,26300.0,-397.0,328.6,0.1174647068692313,8409,10.296166666666666,0.0041451167,0.1194141568291142
mp-8409-done,KYO2,4.062,4.29,-1e+19,300.0,50500.0,-340.0,315.0,0.2289527621695263,8409,10.296166666666666,0.0058377999999999,0.1663962116383911
mp-8409-done,KYO2,4.062,4.29,-5e+19,300.0,227000.0,-208.0,283.6,1.1066671070340066,8409,10.296166666666666,0.009820928,0.2583812461420995
mp-8409-done,KYO2,4.062,4.29,-1e+20,300.0,419000.0,-156.0,261.3,2.1664229264807098,8409,10.296166666666666,0.010196784,0.2454574289826592
mp-8409-done,KYO2,4.062,4.29,-5e+20,300.0,1460000.0,-67.2,182.6,9.07156736770428,8409,10.296166666666666,0.0065931263999999,0.1021254172785429
mp-8409-done,KYO2,4.062,4.29,-1e+21,300.0,2360000.0,-44.4,147.6,15.497762848357516,8409,10.296166666666666,0.0046524095999999,0.0541105177164651
mp-1006888-done,KYS2,2.335,3.019,1e+21,300.0,115000.0,85.4,7.2,0.7647483466826852,1006888,5.454033333333332,0.0008387134,0.0404603398135938
mp-1006888-done,KYS2,2.335,3.019,5e+20,300.0,68500.0,78.5,8.6,0.4414511865942918,1006888,5.454033333333332,0.0004221141249999,0.0214798693935888
mp-1006888-done,KYS2,2.335,3.019,1e+20,300.0,18900.0,160.0,11.8,0.1100820319319822,1006888,5.454033333333332,0.0004838399999999,0.0260871657884916
mp-1006888-done,KYS2,2.335,3.019,5e+19,300.0,10100.0,213.0,12.7,0.0567732473820195,1006888,5.454033333333332,0.0004582269,0.024945181433342
mp-1006888-done,KYS2,2.335,3.019,1e+19,300.0,2290.0,343.0,14.3,0.0122749242102831,1006888,5.454033333333332,0.00026941621,0.0147860053242442
mp-1006888-done,KYS2,2.335,3.019,5e+18,300.0,1200.0,399.0,15.0,0.0063890453631905,1006888,5.454033333333332,0.0001910412,0.0104959572767851
mp-1006888-done,KYS2,2.335,3.019,1e+18,300.0,265.0,531.0,16.5,0.0013875889892899,1006888,5.454033333333332,7.4719665e-05,0.0041089220830381
mp-1006888-done,KYS2,2.335,3.019,-1e+18,300.0,863.0,-526.0,53.9,0.0044187951338311,1006888,5.454033333333332,0.000238771388,0.0131230273187566
mp-1006888-done,KYS2,2.335,3.019,-5e+18,300.0,4050.0,-392.0,50.6,0.0209926489949927,1006888,5.454033333333332,0.0006223391999999,0.0341006162532534
mp-1006888-done,KYS2,2.335,3.019,-1e+19,300.0,7950.0,-334.0,49.6,0.0415268385850283,1006888,5.454033333333332,0.0008868702,0.0484138198248723
mp-1006888-done,KYS2,2.335,3.019,-5e+19,300.0,37800.0,-202.0,47.2,0.2057462047673214,1006888,5.454033333333332,0.0015423912,0.0817553681879421
mp-1006888-done,KYS2,2.335,3.019,-1e+20,300.0,72200.0,-152.0,45.1,0.4051015899504975,1006888,5.454033333333332,0.0016681087999999,0.0854106700993149
mp-1006888-done,KYS2,2.335,3.019,-5e+20,300.0,286000.0,-63.3,35.6,1.8400401541772369,1006888,5.454033333333332,0.0011459705399999,0.0471329446554978
mp-1006888-done,KYS2,2.335,3.019,-1e+21,300.0,483000.0,-43.3,30.1,3.243304719118045,1006888,5.454033333333332,0.0009055718699999,0.0312361735696128
mp-23025-done,La2Cl2O2,,4.073,1e+21,300.0,56700.0,139.0,3.5,0.3260584700743285,23025,6.756566666666667,0.0010955007,0.0464023160417078
mp-23025-done,La2Cl2O2,,4.073,5e+20,300.0,35500.0,185.0,4.4,0.1805339824967609,23025,6.756566666666667,0.0012149874999999,0.0525430245911058
mp-23025-done,La2Cl2O2,,4.073,1e+20,300.0,8510.0,266.0,4.9,0.1182092805819646,23025,6.756566666666667,0.00060213356,0.0262757752959635
mp-23025-done,La2Cl2O2,,4.073,5e+19,300.0,4270.0,375.0,5.3,0.0191321626505279,23025,6.756566666666667,0.00060046875,0.0265862798122851
mp-23025-done,La2Cl2O2,,4.073,1e+19,300.0,883.0,510.0,5.5,0.0038444218998496,23025,6.756566666666667,0.0002296682999999,0.0101917603970115
mp-23025-done,La2Cl2O2,,4.073,5e+18,300.0,485.0,570.0,6.1,0.0020669569142982,23025,6.756566666666667,0.0001575764999999,0.0069944537065944
mp-23025-done,La2Cl2O2,,4.073,1e+18,300.0,100.0,701.0,6.2,0.0004186679023216,23025,6.756566666666667,4.91401e-05,0.0021817466325669
mp-23025-done,La2Cl2O2,,4.073,-1e+18,300.0,383.0,-442.0,23.9,0.0020222222595735,23025,6.756566666666667,7.482441199999998e-05,0.0033213033029393
mp-23025-done,La2Cl2O2,,4.073,-5e+18,300.0,1850.0,-312.0,23.1,0.0099257931140261,23025,6.756566666666667,0.0001800864,0.0079843316638752
mp-23025-done,La2Cl2O2,,4.073,-1e+19,300.0,3190.0,-263.0,19.9,0.0179310732786966,23025,6.756566666666667,0.00022064911,0.0097711646739044
mp-23025-done,La2Cl2O2,,4.073,-5e+19,300.0,13700.0,-152.0,17.1,0.082093489190373,23025,6.756566666666667,0.0003165247999999,0.0138853865868217
mp-23025-done,La2Cl2O2,,4.073,-1e+20,300.0,24300.0,-115.0,15.1,0.1578831038918313,23025,6.756566666666667,0.0003213674999999,0.0139433003636069
mp-23025-done,La2Cl2O2,,4.073,-5e+20,300.0,93700.0,-47.3,11.7,0.6057468078321354,23025,6.756566666666667,0.0002096340729999,0.0085421820352808
mp-23025-done,La2Cl2O2,,4.073,-1e+21,300.0,137000.0,-20.0,8.6,0.9295310836364704,23025,6.756566666666667,5.479999999999999e-05,0.0021389267394305
mp-30993-done,La2I2O2,,3.275,1e+21,300.0,67700.0,65.2,4.2,0.4199791855548318,30993,7.014333333333333,0.000287795408,0.0116135314705484
mp-30993-done,La2I2O2,,3.275,5e+20,300.0,42400.0,98.6,5.3,0.2425026353270752,30993,7.014333333333333,0.0004122111039999,0.0170409434268634
mp-30993-done,La2I2O2,,3.275,1e+20,300.0,10300.0,209.0,6.3,0.0667014323971044,30993,7.014333333333333,0.0004499142999999,0.019061379369749
mp-30993-done,La2I2O2,,3.275,5e+19,300.0,5380.0,270.0,6.7,0.0263233018527128,30993,7.014333333333333,0.0003922019999999,0.0167115946845007
mp-30993-done,La2I2O2,,3.275,1e+19,300.0,1120.0,408.0,7.0,0.0053797496447488,30993,7.014333333333333,0.00018643968,0.0079678333485777
mp-30993-done,La2I2O2,,3.275,5e+18,300.0,594.0,463.0,7.4,0.0028702518391083,30993,7.014333333333333,0.0001273351859999,0.0054438431686218
mp-30993-done,La2I2O2,,3.275,1e+18,300.0,131.0,596.0,8.2,0.0006084826300405,30993,7.014333333333333,4.653329599999999e-05,0.0019900362919949
mp-30993-done,La2I2O2,,3.275,-1e+18,300.0,154.0,-490.0,9.6,0.0007021009823348,30993,7.014333333333333,3.69754e-05,0.0015812635736289
mp-30993-done,La2I2O2,,3.275,-5e+18,300.0,828.0,-355.0,10.3,0.0036407251701311,30993,7.014333333333333,0.0001043487,0.004460633473284
mp-30993-done,La2I2O2,,3.275,-1e+19,300.0,1310.0,-302.0,8.2,0.0062605358662062,30993,7.014333333333333,0.0001194772399999,0.0051054330542063
mp-30993-done,La2I2O2,,3.275,-5e+19,300.0,6740.0,-171.0,8.4,0.0318353878943963,30993,7.014333333333333,0.0001970843399999,0.0083911277659085
mp-30993-done,La2I2O2,,3.275,-1e+20,300.0,11000.0,-109.0,6.8,0.0660939911485082,30993,7.014333333333333,0.000130691,0.0055374200176356
mp-30993-done,La2I2O2,,3.275,-5e+20,300.0,42200.0,-42.1,5.3,0.2614149561346271,30993,7.014333333333333,7.4795702e-05,0.0030840416280592
mp-30993-done,La2I2O2,,3.275,-1e+21,300.0,68200.0,-29.3,4.3,0.4188858441707797,30993,7.014333333333333,5.8549018e-05,0.0023630011413033
mp-5394-done,La2S2F2,,1.422,1e+21,300.0,97000.0,94.7,6.1,0.6162115054175992,5394,5.069866666666667,0.00086990473,0.0458965584189883
mp-5394-done,La2S2F2,,1.422,5e+20,300.0,48900.0,127.0,6.1,0.3342660837330251,5394,5.069866666666667,0.0007887080999999,0.0437836080141573
mp-5394-done,La2S2F2,,1.422,1e+20,300.0,11700.0,221.0,7.3,0.0749691458333351,5394,5.069866666666667,0.0005714396999999,0.0333211624719792
mp-5394-done,La2S2F2,,1.422,5e+19,300.0,6220.0,272.0,7.8,0.0384109466581813,5394,5.069866666666667,0.0004601804799999,0.027025575830072
mp-5394-done,La2S2F2,,1.422,1e+19,300.0,1380.0,400.0,8.6,0.008153336658123,5394,5.069866666666667,0.0002207999999999,0.0130444543260168
mp-5394-done,La2S2F2,,1.422,5e+18,300.0,720.0,456.0,9.0,0.0042162494119328,5394,5.069866666666667,0.0001497139199999,0.0088516834948927
mp-5394-done,La2S2F2,,1.422,1e+18,300.0,159.0,587.0,9.9,0.0009096224920179,5394,5.069866666666667,5.478647099999999e-05,0.0032413067275596
mp-5394-done,La2S2F2,,1.422,-1e+18,300.0,656.0,-384.0,41.0,0.0036443652543985,5394,5.069866666666667,9.673113600000002e-05,0.0057197748496886
mp-5394-done,La2S2F2,,1.422,-5e+18,300.0,2910.0,-259.0,36.3,0.0168690467009963,5394,5.069866666666667,0.00019520571,0.01151263134157
mp-5394-done,La2S2F2,,1.422,-1e+19,300.0,5420.0,-210.0,33.8,0.0322482685390198,5394,5.069866666666667,0.0002390219999999,0.0140542894291108
mp-5394-done,La2S2F2,,1.422,-5e+19,300.0,22900.0,-113.0,28.6,0.1462584612873174,5394,5.069866666666667,0.0002924101,0.0168176621242997
mp-5394-done,La2S2F2,,1.422,-1e+20,300.0,43400.0,-80.6,27.1,0.2836822706260034,5394,5.069866666666667,0.0002819420239999,0.0157993525772726
mp-5394-done,La2S2F2,,1.422,-5e+20,300.0,177000.0,-29.1,22.1,1.258518051220155,5394,5.069866666666667,0.00014988537,0.007105385181926
mp-5394-done,La2S2F2,,1.422,-1e+21,300.0,308000.0,-14.4,19.2,2.1349930686981806,5394,5.069866666666667,6.386688e-05,0.0026593250533321
mp-7738-done,La2Se2F2,,1.667,1e+21,300.0,106000.0,74.1,6.6,0.7011389213222919,7738,7.245633333333333,0.0005820258599999,0.0219721608226127
mp-7738-done,La2Se2F2,,1.667,5e+20,300.0,55500.0,101.0,6.9,0.3881234119345723,7738,7.245633333333333,0.0005661555,0.0222494186895968
mp-7738-done,La2Se2F2,,1.667,1e+20,300.0,14600.0,147.0,9.1,0.1154554198818526,7738,7.245633333333333,0.0003154913999999,0.0128578017699664
mp-7738-done,La2Se2F2,,1.667,5e+19,300.0,9700.0,165.0,12.1,0.0734932627163234,7738,7.245633333333333,0.0002640825,0.0108243448122293
mp-7738-done,La2Se2F2,,1.667,1e+19,300.0,2680.0,255.0,16.7,0.0174944959557161,7738,7.245633333333333,0.0001742669999999,0.0071980145783951
mp-7738-done,La2Se2F2,,1.667,5e+18,300.0,1650.0,305.0,20.6,0.0097080152806011,7738,7.245633333333333,0.00015349125,0.0063466862257
mp-7738-done,La2Se2F2,,1.667,1e+18,300.0,334.0,433.0,20.8,0.0019580540948336,7738,7.245633333333333,6.2621326e-05,0.0025920884326601
mp-7738-done,La2Se2F2,,1.667,-1e+18,300.0,626.0,-353.0,39.0,0.0033594394786536,7738,7.245633333333333,7.800523399999998e-05,0.0032282512803392
mp-7738-done,La2Se2F2,,1.667,-5e+18,300.0,2920.0,-229.0,36.5,0.0162390031683626,7738,7.245633333333333,0.0001531277199999,0.0063259602856224
mp-7738-done,La2Se2F2,,1.667,-1e+19,300.0,5060.0,-183.0,31.6,0.0294748625514372,7738,7.245633333333333,0.00016945434,0.0069877039119165
mp-7738-done,La2Se2F2,,1.667,-5e+19,300.0,20700.0,-92.3,25.8,0.1321371692780999,7738,7.245633333333333,0.0001763493029999,0.0071708371629673
mp-7738-done,La2Se2F2,,1.667,-1e+20,300.0,35800.0,-66.2,22.3,0.2359533244213535,7738,7.245633333333333,0.000156891352,0.0062910994356009
mp-7738-done,La2Se2F2,,1.667,-5e+20,300.0,119000.0,-29.2,14.8,0.8282518929437129,7738,7.245633333333333,0.0001014641599999,0.0037700867855915
mp-7738-done,La2Se2F2,,1.667,-1e+21,300.0,175000.0,-13.0,10.9,1.205454661757517,7738,7.245633333333333,2.9575e-05,0.0010498648227487
mp-20072-done,LaCuO2,2.572,2.575,1e+21,300.0,90300.0,239.0,5.6,0.4250977511621087,20072,9.962733333333333,0.0051580262999999,0.1489635206245877
mp-20072-done,LaCuO2,2.572,2.575,5e+20,300.0,45900.0,298.0,5.7,0.2145691464574689,20072,9.962733333333333,0.0040761035999999,0.1201527695996224
mp-20072-done,LaCuO2,2.572,2.575,1e+20,300.0,9290.0,443.0,5.8,0.0429966603158916,20072,9.962733333333333,0.0018231532099999,0.0546632742785508
mp-20072-done,LaCuO2,2.572,2.575,5e+19,300.0,4810.0,503.0,6.0,0.0218600527888684,20072,9.962733333333333,0.00121697329,0.0365655338060585
mp-20072-done,LaCuO2,2.572,2.575,1e+19,300.0,1100.0,637.0,6.8,0.0047538637276072,20072,9.962733333333333,0.0004463459,0.0134340548778917
mp-20072-done,LaCuO2,2.572,2.575,5e+18,300.0,582.0,693.0,7.3,0.0024757064391737,20072,9.962733333333333,0.000279504918,0.0084144221225402
mp-20072-done,LaCuO2,2.572,2.575,1e+18,300.0,129.0,825.0,8.1,0.0005345287028745,20072,9.962733333333333,8.780062499999999e-05,0.0026437297345347
mp-20072-done,LaCuO2,2.572,2.575,-1e+18,300.0,1060.0,-552.0,66.2,0.0048394014171057,20072,9.962733333333333,0.0003229862399999,0.0097211101015753
mp-20072-done,LaCuO2,2.572,2.575,-5e+18,300.0,4650.0,-423.0,58.1,0.0220849950714537,20072,9.962733333333333,0.0008320198499999,0.0249985474738074
mp-20072-done,LaCuO2,2.572,2.575,-1e+19,300.0,8770.0,-366.0,54.8,0.0425835477211631,20072,9.962733333333333,0.00117479412,0.0352250948360623
mp-20072-done,LaCuO2,2.572,2.575,-5e+19,300.0,38200.0,-234.0,47.7,0.1974352110156492,20072,9.962733333333333,0.0020916792,0.0617611565458737
mp-20072-done,LaCuO2,2.572,2.575,-1e+20,300.0,70300.0,-181.0,43.9,0.3768948566959655,20072,9.962733333333333,0.0023030982999999,0.0668234367137346
mp-20072-done,LaCuO2,2.572,2.575,-5e+20,300.0,247000.0,-83.8,30.8,1.4811308193335162,20072,9.962733333333333,0.0017345426799999,0.0454709001311157
mp-20072-done,LaCuO2,2.572,2.575,-1e+21,300.0,385000.0,-54.2,24.0,2.4367126310556952,20072,9.962733333333333,0.0011309914,0.0273639177891057
mp-9915-done,Li2Be2P2,1.153,1.592,1e+21,300.0,440000.0,39.8,27.4,2.755389399625137,9915,11.587666666666664,0.0006969776,0.0145780145481965
mp-9915-done,Li2Be2P2,1.153,1.592,5e+20,300.0,274000.0,67.2,34.2,1.7534836211568046,9915,11.587666666666664,0.0012373401599999,0.0278238412724252
mp-9915-done,Li2Be2P2,1.153,1.592,1e+20,300.0,93600.0,158.0,58.4,0.4319421421704458,9915,11.587666666666664,0.0023366304,0.058320460436667
mp-9915-done,Li2Be2P2,1.153,1.592,5e+19,300.0,48400.0,214.0,60.4,0.2144590927155965,9915,11.587666666666664,0.0022165264,0.0563422161021613
mp-9915-done,Li2Be2P2,1.153,1.592,1e+19,300.0,10400.0,349.0,64.7,0.0446249969079909,9915,11.587666666666664,0.0012667304,0.0326693252706164
mp-9915-done,Li2Be2P2,1.153,1.592,5e+18,300.0,5510.0,407.0,68.8,0.0232823848876265,9915,11.587666666666664,0.0009127259899999,0.0235827231507243
mp-9915-done,Li2Be2P2,1.153,1.592,1e+18,300.0,1280.0,539.0,80.0,0.0051577748811738,9915,11.587666666666664,0.0003718668799999,0.0096231996406455
mp-9915-done,Li2Be2P2,1.153,1.592,-1e+18,300.0,1950.0,-353.0,121.5,0.0091636845052504,9915,11.587666666666664,0.0002429875499999,0.0062858783643932
mp-9915-done,Li2Be2P2,1.153,1.592,-5e+18,300.0,7550.0,-233.0,94.3,0.0400068504840093,9915,11.587666666666664,0.0004098819499999,0.0105751666331703
mp-9915-done,Li2Be2P2,1.153,1.592,-1e+19,300.0,13200.0,-186.0,82.3,0.0743816434259327,9915,11.587666666666664,0.0004566672,0.0117475212207307
mp-9915-done,Li2Be2P2,1.153,1.592,-5e+19,300.0,48600.0,-96.7,60.6,0.304983320604822,9915,11.587666666666664,0.0004544532539999,0.01146388537003
mp-9915-done,Li2Be2P2,1.153,1.592,-1e+20,300.0,85100.0,-70.5,53.1,0.5616901165340707,9915,11.587666666666664,0.0004229682749999,0.0104442140241881
mp-9915-done,Li2Be2P2,1.153,1.592,-5e+20,300.0,381000.0,-42.6,47.6,2.7805558771722403,9915,11.587666666666664,0.00069142356,0.0144365155374729
mp-9915-done,Li2Be2P2,1.153,1.592,-1e+21,300.0,598000.0,-47.9,37.3,4.2969083176239335,9915,11.587666666666664,0.0013720571799999,0.0259130102257723
mp-9919-done,Li2Zn2Sb2,,0.4,1e+21,300.0,996000.0,43.1,62.2,6.93483396964519,9919,1.9020333333333328,0.0018501795599999,0.0628111579555897
mp-9919-done,Li2Zn2Sb2,,0.4,5e+20,300.0,497000.0,63.1,62.0,3.5479411855402607,9919,1.9020333333333328,0.00197886017,0.1089285920409583
mp-9919-done,Li2Zn2Sb2,,0.4,1e+20,300.0,132000.0,103.0,82.3,0.9640348931292442,9919,1.9020333333333328,0.0014003879999999,0.1465828329280547
mp-9919-done,Li2Zn2Sb2,,0.4,5e+19,300.0,82700.0,129.0,103.3,0.5345063827461262,9919,1.9020333333333328,0.0013762106999999,0.1694465340644198
mp-9919-done,Li2Zn2Sb2,,0.4,1e+19,300.0,23200.0,238.0,144.7,0.1195063604903189,9919,1.9020333333333328,0.0013141408,0.1950207760968118
mp-9919-done,Li2Zn2Sb2,,0.4,5e+18,300.0,12700.0,292.0,158.9,0.0623124741176068,9919,1.9020333333333328,0.0010828528,0.1653760955773635
mp-9919-done,Li2Zn2Sb2,,0.4,1e+18,300.0,2970.0,422.0,185.3,0.0135530900220669,9919,1.9020333333333328,0.0005289094799999,0.0828325164896678
mp-9919-done,Li2Zn2Sb2,,0.4,-1e+18,300.0,10500.0,-297.0,655.9,0.0608328387840221,9919,1.9020333333333328,0.0009261945,0.1415574601809315
mp-9919-done,Li2Zn2Sb2,,0.4,-5e+18,300.0,42300.0,-185.0,527.7,0.2726102234364531,9919,1.9020333333333328,0.0014477174999999,0.1997179025720893
mp-9919-done,Li2Zn2Sb2,,0.4,-1e+19,300.0,71800.0,-150.0,448.4,0.4988110369494542,9919,1.9020333333333328,0.0016154999999999,0.2018664791432877
mp-9919-done,Li2Zn2Sb2,,0.4,-5e+19,300.0,195000.0,-115.0,243.4,1.6699668748743324,9919,1.9020333333333328,0.0025788749999999,0.2165908328398931
mp-9919-done,Li2Zn2Sb2,,0.4,-1e+20,300.0,276000.0,-112.0,172.0,2.3410039479776783,9919,1.9020333333333328,0.003462144,0.2447876676867379
mp-9919-done,Li2Zn2Sb2,,0.4,-5e+20,300.0,686000.0,-76.6,85.7,4.485981579671958,9919,1.9020333333333328,0.0040251461599999,0.1890327221280502
mp-9919-done,Li2Zn2Sb2,,0.4,-1e+21,300.0,1050000.0,-50.7,65.5,6.849171159934091,9919,1.9020333333333328,0.0026990144999999,0.0925249033573493
mp-1222404-done,LiBiS2,,1.418,1e+21,300.0,164000.0,89.6,10.2,1.2562529602548904,1222404,1.3939566666666667,0.0013166182399999,0.1490393318277917
mp-1222404-done,LiBiS2,,1.418,5e+20,300.0,86200.0,96.9,10.8,0.7111786930242484,1222404,1.3939566666666667,0.000809384382,0.1153442763108834
mp-1222404-done,LiBiS2,,1.418,1e+20,300.0,16600.0,158.0,10.3,0.1129213950943689,1222404,1.3939566666666667,0.0004144023999999,0.0825021766224937
mp-1222404-done,LiBiS2,,1.418,5e+19,300.0,8080.0,211.0,10.1,0.0514322728817765,1222404,1.3939566666666667,0.0003597296799999,0.0746642658229314
mp-1222404-done,LiBiS2,,1.418,1e+19,300.0,1600.0,344.0,10.0,0.0095714409535869,1222404,1.3939566666666667,0.0001893375999999,0.0404703544528788
mp-1222404-done,LiBiS2,,1.418,5e+18,300.0,803.0,402.0,10.0,0.0047525835267087,1222404,1.3939566666666667,0.0001297680119999,0.0278330922560123
mp-1222404-done,LiBiS2,,1.418,1e+18,300.0,161.0,540.0,10.1,0.0009478983918796,1222404,1.3939566666666667,4.69476e-05,0.0100969488184368
mp-1222404-done,LiBiS2,,1.418,-1e+18,300.0,1030.0,-367.0,64.6,0.0057715990531753,1222404,1.3939566666666667,0.0001387296699999,0.0297335575905988
mp-1222404-done,LiBiS2,,1.418,-5e+18,300.0,4750.0,-238.0,59.3,0.0275515660847458,1222404,1.3939566666666667,0.000269059,0.0567831393025182
mp-1222404-done,LiBiS2,,1.418,-1e+19,300.0,8780.0,-188.0,54.8,0.0526229915098379,1222404,1.3939566666666667,0.0003103203199999,0.0643560107276241
mp-1222404-done,LiBiS2,,1.418,-5e+19,300.0,33400.0,-94.5,41.7,0.2154624880447585,1222404,1.3939566666666667,0.0002982703499999,0.0555983845091083
mp-1222404-done,LiBiS2,,1.418,-1e+20,300.0,58700.0,-63.3,36.6,0.3819514139192783,1222404,1.3939566666666667,0.0002352044429999,0.0397325366505956
mp-1222404-done,LiBiS2,,1.418,-5e+20,300.0,218000.0,-107.0,27.2,1.570284302537698,1222404,1.3939566666666667,0.002495882,0.2525990996612454
mp-1222404-done,LiBiS2,,1.418,-1e+21,300.0,340000.0,-62.4,21.2,2.550080799290732,1222404,1.3939566666666667,0.0013238783999999,0.1006997330598532
mp-15789-done,LiDyS2,1.937,2.92,1e+21,300.0,90000.0,57.9,5.6,0.6421768774402782,15789,3.7260333333333335,0.0003017169,0.0207213173433724
mp-15789-done,LiDyS2,1.937,2.92,5e+20,300.0,51800.0,79.0,6.5,0.3238286685634293,15789,3.7260333333333335,0.0003232837999999,0.0239477641348141
mp-15789-done,LiDyS2,1.937,2.92,1e+20,300.0,11300.0,179.0,7.0,0.0633173017260566,15789,3.7260333333333335,0.0003620633,0.0286642753497256
mp-15789-done,LiDyS2,1.937,2.92,5e+19,300.0,5950.0,230.0,7.4,0.0319919739338176,15789,3.7260333333333335,0.0003147549999999,0.0251266269594754
mp-15789-done,LiDyS2,1.937,2.92,1e+19,300.0,1330.0,359.0,8.3,0.0066357524531164,15789,3.7260333333333335,0.00017141173,0.0137766080566355
mp-15789-done,LiDyS2,1.937,2.92,5e+18,300.0,695.0,416.0,8.7,0.0033923086751601,15789,3.7260333333333335,0.0001202739199999,0.0096749954184735
mp-15789-done,LiDyS2,1.937,2.92,1e+18,300.0,151.0,549.0,9.4,0.0007123347482653,15789,3.7260333333333335,4.5511551e-05,0.0036636428981289
mp-15789-done,LiDyS2,1.937,2.92,-1e+18,300.0,586.0,-491.0,36.6,0.0031092362054266,15789,3.7260333333333335,0.000141273466,0.0113650896981506
mp-15789-done,LiDyS2,1.937,2.92,-5e+18,300.0,2820.0,-356.0,35.2,0.015159204076277,15789,3.7260333333333335,0.0003573955199999,0.0286589516385082
mp-15789-done,LiDyS2,1.937,2.92,-1e+19,300.0,5510.0,-299.0,34.4,0.0300142403166886,15789,3.7260333333333335,0.00049259951,0.0393445104467597
mp-15789-done,LiDyS2,1.937,2.92,-5e+19,300.0,25000.0,-177.0,31.2,0.144400955384147,15789,3.7260333333333335,0.0007832249999999,0.0607083036353084
mp-15789-done,LiDyS2,1.937,2.92,-1e+20,300.0,47000.0,-133.0,29.3,0.2828367935981331,15789,3.7260333333333335,0.000831383,0.0622157595788495
mp-15789-done,LiDyS2,1.937,2.92,-5e+20,300.0,204000.0,-56.6,25.4,1.3576884287897195,15789,3.7260333333333335,0.00065352624,0.0385658148053568
mp-15789-done,LiDyS2,1.937,2.92,-1e+21,300.0,370000.0,-36.6,23.1,2.548102960010549,15789,3.7260333333333335,0.0004956372,0.0236990643887898
mp-15795-done,LiDySe2,1.532,2.658,1e+21,300.0,134000.0,61.3,8.3,0.9125888157128914,15795,2.4745666666666666,0.00050353046,0.0445976391653203
mp-15795-done,LiDySe2,1.532,2.658,5e+20,300.0,67500.0,85.3,8.4,0.4830032017098729,15795,2.4745666666666666,0.000491136075,0.0498182051675005
mp-15795-done,LiDySe2,1.532,2.658,1e+20,300.0,15100.0,166.0,9.4,0.0907159223416199,15795,2.4745666666666666,0.0004160956,0.0486607910313138
mp-15795-done,LiDySe2,1.532,2.658,5e+19,300.0,8070.0,216.0,10.1,0.0451106925996139,15795,2.4745666666666666,0.00037651392,0.044828825240106
mp-15795-done,LiDySe2,1.532,2.658,1e+19,300.0,1820.0,345.0,11.4,0.0090923038620001,15795,2.4745666666666666,0.0002166254999999,0.0261660923545139
mp-15795-done,LiDySe2,1.532,2.658,5e+18,300.0,948.0,402.0,11.8,0.0046077233598144,15795,2.4745666666666666,0.0001532005919999,0.0185385012788386
mp-15795-done,LiDySe2,1.532,2.658,1e+18,300.0,207.0,536.0,12.9,0.0009653796926974,15795,2.4745666666666666,5.947027200000001e-05,0.0072069685489379
mp-15795-done,LiDySe2,1.532,2.658,-1e+18,300.0,921.0,-478.0,57.5,0.0046156508738661,15795,2.4745666666666666,0.0002104337639999,0.025464093041208
mp-15795-done,LiDySe2,1.532,2.658,-5e+18,300.0,4440.0,-343.0,55.4,0.0225799764105312,15795,2.4745666666666666,0.00052236156,0.062755012179377
mp-15795-done,LiDySe2,1.532,2.658,-1e+19,300.0,8670.0,-286.0,54.1,0.044805899643132,15795,2.4745666666666666,0.00070917132,0.0844461826904876
mp-15795-done,LiDySe2,1.532,2.658,-5e+19,300.0,38200.0,-164.0,47.7,0.2168268666356004,15795,2.4745666666666666,0.0010274272,0.1145236310432136
mp-15795-done,LiDySe2,1.532,2.658,-1e+20,300.0,69300.0,-122.0,43.3,0.4204909584192284,15795,2.4745666666666666,0.0010314611999999,0.1068850434335617
mp-15795-done,LiDySe2,1.532,2.658,-5e+20,300.0,270000.0,-52.7,33.7,1.7992496495598116,15795,2.4745666666666666,0.0007498683,0.0526369112181748
mp-15795-done,LiDySe2,1.532,2.658,-1e+21,300.0,457000.0,-32.4,28.5,3.1718415443693373,15795,2.4745666666666666,0.0004797403199999,0.0254891411709609
mp-15791-done,LiErS2,2.008,3.044,1e+21,300.0,88800.0,66.1,5.5,0.6141263894121703,15791,2.712,0.0003879858479999,0.034994387095597
mp-15791-done,LiErS2,2.008,3.044,5e+20,300.0,46200.0,88.0,5.8,0.3123327340572679,15791,2.712,0.0003577727999999,0.0354894283923514
mp-15791-done,LiErS2,2.008,3.044,1e+20,300.0,10700.0,181.0,6.7,0.0584745446021393,15791,2.712,0.0003505426999999,0.0379584104841765
mp-15791-done,LiErS2,2.008,3.044,5e+19,300.0,5690.0,233.0,7.1,0.0291969786664024,15791,2.712,0.0003089044099999,0.0338068820742151
mp-15791-done,LiErS2,2.008,3.044,1e+19,300.0,1270.0,363.0,7.9,0.0059895067410532,15791,2.712,0.00016734663,0.0184710017737323
mp-15791-done,LiErS2,2.008,3.044,5e+18,300.0,662.0,420.0,8.3,0.0030592507196743,15791,2.712,0.0001167767999999,0.0129032322188489
mp-15791-done,LiErS2,2.008,3.044,1e+18,300.0,144.0,553.0,9.0,0.0006420793569199,15791,2.712,4.4036496e-05,0.0048701407754951
mp-15791-done,LiErS2,2.008,3.044,-1e+18,300.0,587.0,-493.0,36.6,0.0031144871067745,15791,2.712,0.0001426697629999,0.0157639499561503
mp-15791-done,LiErS2,2.008,3.044,-5e+18,300.0,2790.0,-360.0,34.8,0.0150723697102357,15791,2.712,0.0003615839999999,0.0397771622069186
mp-15791-done,LiErS2,2.008,3.044,-1e+19,300.0,5450.0,-303.0,34.0,0.0298302438119495,15791,2.712,0.00050035905,0.0547472679385526
mp-15791-done,LiErS2,2.008,3.044,-5e+19,300.0,25000.0,-181.0,31.2,0.1443701490575857,15791,2.712,0.0008190249999999,0.0860208891627849
mp-15791-done,LiErS2,2.008,3.044,-1e+20,300.0,47800.0,-136.0,29.8,0.2837332842024651,15791,2.712,0.0008841087999999,0.0885368004550449
mp-15791-done,LiErS2,2.008,3.044,-5e+20,300.0,212000.0,-55.1,26.4,1.3904838032224447,15791,2.712,0.00064363412,0.0470666662591892
mp-15791-done,LiErS2,2.008,3.044,-1e+21,300.0,383000.0,-35.1,23.9,2.588680514443844,15791,2.712,0.00047185983,0.0267056180077762
mp-15792-done,LiGdSe2,1.461,2.532,1e+21,300.0,127000.0,56.4,7.9,0.8824013563922356,15792,2.2408,0.0004039819199999,0.0388045989260096
mp-15792-done,LiGdSe2,1.461,2.532,5e+20,300.0,67300.0,72.8,8.4,0.4798542736694711,15792,2.2408,0.0003566792319999,0.0393301606292111
mp-15792-done,LiGdSe2,1.461,2.532,1e+20,300.0,15300.0,159.0,9.5,0.086083453127115,15792,2.2408,0.0003867992999999,0.0498691886970201
mp-15792-done,LiGdSe2,1.461,2.532,5e+19,300.0,7840.0,214.0,9.8,0.041651199048802,15792,2.2408,0.00035904064,0.0471914545401401
mp-15792-done,LiGdSe2,1.461,2.532,1e+19,300.0,1670.0,348.0,10.4,0.0083631308740076,15792,2.2408,0.00020224368,0.0269758574498875
mp-15792-done,LiGdSe2,1.461,2.532,5e+18,300.0,859.0,406.0,10.7,0.0042471442213437,15792,2.2408,0.000141594124,0.0189208664545585
mp-15792-done,LiGdSe2,1.461,2.532,1e+18,300.0,183.0,540.0,11.4,0.0008907946586105,15792,2.2408,5.33628e-05,0.0071414130968218
mp-15792-done,LiGdSe2,1.461,2.532,-1e+18,300.0,676.0,-491.0,42.2,0.0036632848920832,15792,2.2408,0.000162970756,0.0217830370089349
mp-15792-done,LiGdSe2,1.461,2.532,-5e+18,300.0,3260.0,-357.0,40.7,0.0178440180574813,15792,2.2408,0.00041548374,0.0551858199005611
mp-15792-done,LiGdSe2,1.461,2.532,-1e+19,300.0,6420.0,-299.0,40.1,0.0354350143642089,15792,2.2408,0.00057395442,0.0756452321106634
mp-15792-done,LiGdSe2,1.461,2.532,-5e+19,300.0,30200.0,-175.0,37.7,0.1757803486638542,15792,2.2408,0.0009248749999999,0.1148161699458414
mp-15792-done,LiGdSe2,1.461,2.532,-1e+20,300.0,58000.0,-130.0,36.2,0.3514374604671195,15792,2.2408,0.0009801999999999,0.1134386816348917
mp-15792-done,LiGdSe2,1.461,2.532,-5e+20,300.0,251000.0,-50.7,31.4,1.660244249975175,15792,2.2408,0.00064519299,0.0496169447453029
mp-15792-done,LiGdSe2,1.461,2.532,-1e+21,300.0,429000.0,-32.7,26.8,2.9817336522130726,15792,2.2408,0.00045872541,0.0263507393469229
mp-15790-done,LiHoS2,1.976,2.984,1e+21,300.0,87100.0,64.3,5.4,0.6132687101156122,15790,4.144533333333333,0.0003601140789999,0.0227067504518653
mp-15790-done,LiHoS2,1.976,2.984,5e+20,300.0,47000.0,81.6,5.9,0.3147519016834889,15790,4.144533333333333,0.0003129523199999,0.0210539786203238
mp-15790-done,LiHoS2,1.976,2.984,1e+20,300.0,11500.0,178.0,7.2,0.058530308554916,15790,4.144533333333333,0.0003643659999999,0.0260071722232742
mp-15790-done,LiHoS2,1.976,2.984,5e+19,300.0,6060.0,232.0,7.6,0.0287512905865993,15790,4.144533333333333,0.00032617344,0.0234472461904811
mp-15790-done,LiHoS2,1.976,2.984,1e+19,300.0,1330.0,364.0,8.3,0.0058223469597839,15790,4.144533333333333,0.0001762196799999,0.0127376803513467
mp-15790-done,LiHoS2,1.976,2.984,5e+18,300.0,694.0,422.0,8.7,0.0029676995883853,15790,4.144533333333333,0.0001235902959999,0.0089396213540785
mp-15790-done,LiHoS2,1.976,2.984,1e+18,300.0,151.0,555.0,9.4,0.0006232358925884,15790,4.144533333333333,4.6511775e-05,0.0033662256821835
mp-15790-done,LiHoS2,1.976,2.984,-1e+18,300.0,570.0,-491.0,35.6,0.0030103528964637,15790,4.144533333333333,0.00013741617,0.0099395821041909
mp-15790-done,LiHoS2,1.976,2.984,-5e+18,300.0,2710.0,-357.0,33.8,0.014588580347606,15790,4.144533333333333,0.00034538679,0.0249129597906633
mp-15790-done,LiHoS2,1.976,2.984,-1e+19,300.0,5280.0,-300.0,33.0,0.0288584601661611,15790,4.144533333333333,0.0004751999999999,0.0341592659050181
mp-15790-done,LiHoS2,1.976,2.984,-5e+19,300.0,24000.0,-179.0,30.0,0.1390432261062382,15790,4.144533333333333,0.0007689839999999,0.0538557433954565
mp-15790-done,LiHoS2,1.976,2.984,-1e+20,300.0,45500.0,-134.0,28.4,0.2723126383653649,15790,4.144533333333333,0.000816998,0.0554919509465565
mp-15790-done,LiHoS2,1.976,2.984,-5e+20,300.0,202000.0,-56.4,25.2,1.3320453956647995,15790,4.144533333333333,0.0006425539199999,0.035198284465315
mp-15790-done,LiHoS2,1.976,2.984,-1e+21,300.0,371000.0,-36.3,23.2,2.524092039140008,15790,4.144533333333333,0.0004888629899999,0.0219923730616727
mp-15796-done,LiHoSe2,1.521,2.696,1e+21,300.0,145000.0,57.4,9.1,1.0022328719277704,15796,2.873366666666667,0.0004777402,0.0369806164369548
mp-15796-done,LiHoSe2,1.521,2.696,5e+20,300.0,74300.0,82.8,9.3,0.5228096078750942,15796,2.873366666666667,0.0005093889119999,0.0449966848733696
mp-15796-done,LiHoSe2,1.521,2.696,1e+20,300.0,14900.0,170.0,9.3,0.0894955654876212,15796,2.873366666666667,0.0004306099999999,0.0436007447791595
mp-15796-done,LiHoSe2,1.521,2.696,5e+19,300.0,7580.0,225.0,9.5,0.0427649986058856,15796,2.873366666666667,0.0003837375,0.0394773841561918
mp-15796-done,LiHoSe2,1.521,2.696,1e+19,300.0,1620.0,358.0,10.1,0.0083841431925211,15796,2.873366666666667,0.0002076256799999,0.0216145350898725
mp-15796-done,LiHoSe2,1.521,2.696,5e+18,300.0,836.0,416.0,10.4,0.0042433401297041,15796,2.873366666666667,0.0001446748159999,0.0150828099351411
mp-15796-done,LiHoSe2,1.521,2.696,1e+18,300.0,182.0,549.0,11.4,0.0008901630281134,15796,2.873366666666667,5.4854982e-05,0.0057254781235911
mp-15796-done,LiHoSe2,1.521,2.696,-1e+18,300.0,733.0,-492.0,45.7,0.0039851643945761,15796,2.873366666666667,0.0001774329119999,0.0184996054446137
mp-15796-done,LiHoSe2,1.521,2.696,-5e+18,300.0,3520.0,-357.0,43.9,0.019448307081438,15796,2.873366666666667,0.00044862048,0.0465242835166958
mp-15796-done,LiHoSe2,1.521,2.696,-1e+19,300.0,6890.0,-300.0,43.0,0.0385950473434712,15796,2.873366666666667,0.0006201,0.0638847685067305
mp-15796-done,LiHoSe2,1.521,2.696,-5e+19,300.0,31300.0,-178.0,39.1,0.1869743104864914,15796,2.873366666666667,0.0009917091999999,0.0972155593840812
mp-15796-done,LiHoSe2,1.521,2.696,-1e+20,300.0,59200.0,-134.0,37.0,0.3661177862778557,15796,2.873366666666667,0.0010629952,0.0984411453835309
mp-15796-done,LiHoSe2,1.521,2.696,-5e+20,300.0,261000.0,-57.9,32.6,1.7801014389020138,15796,2.873366666666667,0.0008749790099999,0.0564081878386253
mp-15796-done,LiHoSe2,1.521,2.696,-1e+21,300.0,483000.0,-37.2,30.1,3.32046991423474,15796,2.873366666666667,0.00066839472,0.0323738628523547
mp-12558-done,LiMgAs,1.369,1.616,1e+21,300.0,293000.0,62.5,18.3,1.9354672845594127,12558,4.9002,0.00114453125,0.0502305569751162
mp-12558-done,LiMgAs,1.369,1.616,5e+20,300.0,180000.0,95.9,22.5,1.0505903944959971,12558,4.9002,0.0016554258,0.0834557608447006
mp-12558-done,LiMgAs,1.369,1.616,1e+20,300.0,43900.0,214.0,27.4,0.223908041047767,12558,4.9002,0.0020104444,0.1177050357190892
mp-12558-done,LiMgAs,1.369,1.616,5e+19,300.0,22100.0,273.0,27.6,0.1125172333984712,12558,4.9002,0.0016470908999999,0.0985747344190341
mp-12558-done,LiMgAs,1.369,1.616,1e+19,300.0,4540.0,413.0,28.4,0.0235591285862889,12558,4.9002,0.0007743832599999,0.0471824416940298
mp-12558-done,LiMgAs,1.369,1.616,5e+18,300.0,2370.0,472.0,29.6,0.0122770849977944,12558,4.9002,0.00052799808,0.0322443079650662
mp-12558-done,LiMgAs,1.369,1.616,1e+18,300.0,546.0,605.0,34.1,0.0027452893609375,12558,4.9002,0.00019984965,0.0122283426515278
mp-12558-done,LiMgAs,1.369,1.616,-1e+18,300.0,2040.0,-435.0,127.3,0.0124866954489535,12558,4.9002,0.000386019,0.023572783525414
mp-12558-done,LiMgAs,1.369,1.616,-5e+18,300.0,8850.0,-308.0,110.5,0.0562632266741959,12558,4.9002,0.0008395464,0.0508152504076987
mp-12558-done,LiMgAs,1.369,1.616,-1e+19,300.0,16800.0,-254.0,105.1,0.1084815872677206,12558,4.9002,0.0010838687999999,0.0649194073000252
mp-12558-done,LiMgAs,1.369,1.616,-5e+19,300.0,76200.0,-144.0,95.1,0.4966286786241349,12558,4.9002,0.0015800832,0.0878339832942126
mp-12558-done,LiMgAs,1.369,1.616,-1e+20,300.0,149000.0,-106.0,93.2,0.9698683361634838,12558,4.9002,0.001674164,0.0855610482259319
mp-12558-done,LiMgAs,1.369,1.616,-5e+20,300.0,719000.0,-41.8,89.7,4.802807212123128,12558,4.9002,0.0012562655599999,0.0388415322962028
mp-12558-done,LiMgAs,1.369,1.616,-1e+21,300.0,1230000.0,-24.6,76.5,8.516238926802219,12558,4.9002,0.0007443468,0.0166440619018435
mp-15793-done,LiTbSe2,1.506,2.6,1e+21,300.0,131000.0,58.1,8.2,0.8970570749320811,15793,2.299233333333333,0.0004422049099999,0.0415048246732885
mp-15793-done,LiTbSe2,1.506,2.6,5e+20,300.0,67800.0,81.1,8.5,0.4839994550042095,15793,2.299233333333333,0.0004459348379999,0.0480665691926828
mp-15793-done,LiTbSe2,1.506,2.6,1e+20,300.0,16100.0,159.0,10.0,0.0918389331009101,15793,2.299233333333333,0.0004070240999999,0.0510679797152538
mp-15793-done,LiTbSe2,1.506,2.6,5e+19,300.0,8470.0,211.0,10.6,0.0450268063271896,15793,2.299233333333333,0.0003770928699999,0.0482573836777143
mp-15793-done,LiTbSe2,1.506,2.6,1e+19,300.0,1860.0,341.0,11.6,0.0091542413314301,15793,2.299233333333333,0.0002162826599999,0.028108277272023
mp-15793-done,LiTbSe2,1.506,2.6,5e+18,300.0,960.0,399.0,12.0,0.0046568979354089,15793,2.299233333333333,0.00015283296,0.0199010731404293
mp-15793-done,LiTbSe2,1.506,2.6,1e+18,300.0,206.0,533.0,12.9,0.0009776244249001,15793,2.299233333333333,5.852233399999998e-05,0.0076326478407487
mp-15793-done,LiTbSe2,1.506,2.6,-1e+18,300.0,746.0,-486.0,46.6,0.0039155226311784,15793,2.299233333333333,0.000176202216,0.022951475612662
mp-15793-done,LiTbSe2,1.506,2.6,-5e+18,300.0,3600.0,-351.0,45.0,0.0191234623910661,15793,2.299233333333333,0.0004435235999999,0.0573928397239626
mp-15793-done,LiTbSe2,1.506,2.6,-1e+19,300.0,7070.0,-294.0,44.1,0.0379210542607818,15793,2.299233333333333,0.00061110252,0.0784418680140006
mp-15793-done,LiTbSe2,1.506,2.6,-5e+19,300.0,32300.0,-171.0,40.4,0.1849573254077683,15793,2.299233333333333,0.0009444842999999,0.1140593975760134
mp-15793-done,LiTbSe2,1.506,2.6,-1e+20,300.0,60700.0,-126.0,37.9,0.3647556424663833,15793,2.299233333333333,0.0009636731999999,0.1085222058447831
mp-15793-done,LiTbSe2,1.506,2.6,-5e+20,300.0,247000.0,-53.3,30.8,1.6818315090148903,15793,2.299233333333333,0.0007016998299999,0.052877799618004
mp-15793-done,LiTbSe2,1.506,2.6,-1e+21,300.0,437000.0,-36.9,27.2,3.065749309551194,15793,2.299233333333333,0.0005950235699999,0.0332726278689308
mp-15788-done,LiYS2,1.96,2.96,1e+21,300.0,86800.0,61.3,5.4,0.6066282309339783,15788,4.2453,0.000326167492,0.0201672908053638
mp-15788-done,LiYS2,1.96,2.96,5e+20,300.0,46400.0,82.9,5.8,0.3089421392136819,15788,4.2453,0.0003188798239999,0.021005459146818
mp-15788-done,LiYS2,1.96,2.96,1e+20,300.0,11200.0,169.0,7.0,0.0612484853888737,15788,4.2453,0.0003198832,0.0222834969408998
mp-15788-done,LiYS2,1.96,2.96,5e+19,300.0,6030.0,220.0,7.5,0.0306844966423466,15788,4.2453,0.0002918519999999,0.0204761266250431
mp-15788-done,LiYS2,1.96,2.96,1e+19,300.0,1370.0,350.0,8.5,0.0063146943907105,15788,4.2453,0.000167825,0.0118419714906021
mp-15788-done,LiYS2,1.96,2.96,5e+18,300.0,718.0,407.0,9.0,0.0032259338729738,15788,4.2453,0.0001189359819999,0.0083983939736583
mp-15788-done,LiYS2,1.96,2.96,1e+18,300.0,157.0,540.0,9.8,0.0006773829830269,15788,4.2453,4.57812e-05,0.0032346757321516
mp-15788-done,LiYS2,1.96,2.96,-1e+18,300.0,626.0,-494.0,39.1,0.003234840963772,15788,4.2453,0.0001527665359999,0.0107872390166332
mp-15788-done,LiYS2,1.96,2.96,-5e+18,300.0,3020.0,-359.0,37.7,0.0158660676841334,15788,4.2453,0.00038922062,0.0274024020996347
mp-15788-done,LiYS2,1.96,2.96,-1e+19,300.0,5920.0,-301.0,36.9,0.0315408338031222,15788,4.2453,0.00053635792,0.0376229516722312
mp-15788-done,LiYS2,1.96,2.96,-5e+19,300.0,26500.0,-179.0,33.1,0.1523291868140507,15788,4.2453,0.0008490864999999,0.0579234717569516
mp-15788-done,LiYS2,1.96,2.96,-1e+20,300.0,49100.0,-137.0,30.6,0.2952379982182382,15788,4.2453,0.0009215578999999,0.0608886810568393
mp-15788-done,LiYS2,1.96,2.96,-5e+20,300.0,208000.0,-56.0,26.0,1.3494456668090766,15788,4.2453,0.000652288,0.034976817831222
mp-15788-done,LiYS2,1.96,2.96,-1e+21,300.0,360000.0,-37.0,22.5,2.477911309212517,15788,4.2453,0.0004928399999999,0.0219912766682455
mp-15794-done,LiYSe2,1.566,2.7,1e+21,300.0,132000.0,63.6,8.2,0.8791366978418139,15794,2.9337,0.00053393472,0.0420108251923475
mp-15794-done,LiYSe2,1.566,2.7,5e+20,300.0,65000.0,93.5,8.1,0.4547083337777129,15794,2.9337,0.0005682462499999,0.0503109006375007
mp-15794-done,LiYSe2,1.566,2.7,1e+20,300.0,14100.0,176.0,8.8,0.0856108311736243,15794,2.9337,0.0004367615999999,0.043396817130298
mp-15794-done,LiYSe2,1.566,2.7,5e+19,300.0,7380.0,228.0,9.2,0.0416108377336836,15794,2.9337,0.0003836419199999,0.0386825384898731
mp-15794-done,LiYSe2,1.566,2.7,1e+19,300.0,1610.0,358.0,10.1,0.0082915639816858,15794,2.9337,0.0002063440399999,0.0210412608784609
mp-15794-done,LiYSe2,1.566,2.7,5e+18,300.0,838.0,416.0,10.5,0.0042082789654713,15794,2.9337,0.000145020928,0.0148085897410384
mp-15794-done,LiYSe2,1.566,2.7,1e+18,300.0,183.0,549.0,11.4,0.0008842052035238,15794,2.9337,5.5156383e-05,0.0056385892320484
mp-15794-done,LiYSe2,1.566,2.7,-1e+18,300.0,745.0,-488.0,46.5,0.0039111603474812,15794,2.9337,0.00017741728,0.0181185259364633
mp-15794-done,LiYSe2,1.566,2.7,-5e+18,300.0,3580.0,-353.0,44.6,0.0190494551838692,15794,2.9337,0.0004461002199999,0.0453238813625101
mp-15794-done,LiYSe2,1.566,2.7,-1e+19,300.0,6990.0,-296.0,43.6,0.037704441050592,15794,2.9337,0.0006124358399999,0.0618329667485483
mp-15794-done,LiYSe2,1.566,2.7,-5e+19,300.0,31300.0,-174.0,39.1,0.1806871589007823,15794,2.9337,0.0009476387999999,0.0912833329624664
mp-15794-done,LiYSe2,1.566,2.7,-1e+20,300.0,57900.0,-131.0,36.1,0.3502544173237072,15794,2.9337,0.0009936218999999,0.0907706174079294
mp-15794-done,LiYSe2,1.566,2.7,-5e+20,300.0,233000.0,-57.0,29.1,1.5601496214464423,15794,2.9337,0.0007570169999999,0.0505368713087625
mp-15794-done,LiYSe2,1.566,2.7,-1e+21,300.0,408000.0,-37.3,25.5,2.8280384220934205,15794,2.9337,0.0005676463199999,0.0295559922239748
mp-10182-done,LiZnP,1.366,1.511,1e+21,300.0,563000.0,44.1,35.1,3.865464652167335,10182,2.6302,0.00109492803,0.0505688680973394
mp-10182-done,LiZnP,1.366,1.511,5e+20,300.0,350000.0,70.0,43.7,2.16998575934624,10182,2.6302,0.0017149999999999,0.1071833520188689
mp-10182-done,LiZnP,1.366,1.511,1e+20,300.0,86400.0,171.0,53.9,0.529573773327919,10182,2.6302,0.0025264223999999,0.2398674001277347
mp-10182-done,LiZnP,1.366,1.511,5e+19,300.0,43400.0,218.0,54.2,0.2876982064244449,10182,2.6302,0.0020625416,0.2120575963334319
mp-10182-done,LiZnP,1.366,1.511,1e+19,300.0,9210.0,341.0,57.5,0.0658376696367707,10182,2.6302,0.00107094801,0.1191691075456248
mp-10182-done,LiZnP,1.366,1.511,5e+18,300.0,4850.0,396.0,60.5,0.0348623244348477,10182,2.6302,0.0007605576,0.0856142379515965
mp-10182-done,LiZnP,1.366,1.511,1e+18,300.0,1150.0,525.0,71.6,0.0081153076847321,10182,2.6302,0.0003169687499999,0.0360421761276961
mp-10182-done,LiZnP,1.366,1.511,-1e+18,300.0,3140.0,-439.0,196.0,0.0166020131270553,10182,2.6302,0.00060514394,0.068589634245259
mp-10182-done,LiZnP,1.366,1.511,-5e+18,300.0,13900.0,-310.0,174.0,0.076349404816305,10182,2.6302,0.00133579,0.148061956410952
mp-10182-done,LiZnP,1.366,1.511,-1e+19,300.0,27100.0,-253.0,168.9,0.1502055263406905,10182,2.6302,0.0017346438999999,0.1871644855651192
mp-10182-done,LiZnP,1.366,1.511,-5e+19,300.0,125000.0,-136.0,155.7,0.733355450032639,10182,2.6302,0.002312,0.2062103658773544
mp-10182-done,LiZnP,1.366,1.511,-1e+20,300.0,234000.0,-96.8,146.2,1.4346698192553493,10182,2.6302,0.0021926361599999,0.1618233491473711
mp-10182-done,LiZnP,1.366,1.511,-5e+20,300.0,937000.0,-39.7,116.9,6.212339972390687,10182,2.6302,0.00147679633,0.0501031265205826
mp-10182-done,LiZnP,1.366,1.511,-1e+21,300.0,1580000.0,-25.2,98.4,10.545060355168925,10182,2.6302,0.0010033632,0.0228465284089743
mp-1018025-done,LuAgO2,2.258,3.225,1e+21,300.0,87900.0,99.3,5.5,0.4537414872034713,1018025,21.09133333333333,0.0008667370709999,0.0120687035652397
mp-1018025-done,LuAgO2,2.258,3.225,5e+20,300.0,56900.0,135.0,7.1,0.2571226597959315,1018025,21.09133333333333,0.0010370025,0.0145725175675526
mp-1018025-done,LuAgO2,2.258,3.225,1e+20,300.0,14300.0,257.0,8.9,0.0558425247861619,1018025,21.09133333333333,0.0009445007,0.0133989622019058
mp-1018025-done,LuAgO2,2.258,3.225,5e+19,300.0,7080.0,318.0,8.8,0.027775600822685,1018025,21.09133333333333,0.0007159579199999,0.0101702859088241
mp-1018025-done,LuAgO2,2.258,3.225,1e+19,300.0,1420.0,462.0,8.9,0.005592605226368,1018025,21.09133333333333,0.0003030904799999,0.0043099712377422
mp-1018025-done,LuAgO2,2.258,3.225,5e+18,300.0,746.0,522.0,9.3,0.0028660818901874,1018025,21.09133333333333,0.000203273064,0.0028909330949052
mp-1018025-done,LuAgO2,2.258,3.225,1e+18,300.0,174.0,655.0,10.8,0.0006229503336444,1018025,21.09133333333333,7.465035e-05,0.0010617841559505
mp-1018025-done,LuAgO2,2.258,3.225,-1e+18,300.0,443.0,-386.0,27.7,0.0019822572787263,1018025,21.09133333333333,6.6005228e-05,0.0009387603534843
mp-1018025-done,LuAgO2,2.258,3.225,-5e+18,300.0,1770.0,-262.0,22.1,0.008930066239937,1018025,21.09133333333333,0.0001214998799999,0.0017274648808747
mp-1018025-done,LuAgO2,2.258,3.225,-1e+19,300.0,3190.0,-211.0,19.9,0.0170393794279664,1018025,21.09133333333333,0.0001420219899999,0.0020184690492134
mp-1018025-done,LuAgO2,2.258,3.225,-5e+19,300.0,12400.0,-114.0,15.4,0.0725277450934539,1018025,21.09133333333333,0.0001611503999999,0.002284324198728
mp-1018025-done,LuAgO2,2.258,3.225,-1e+20,300.0,22000.0,-81.6,13.7,0.1334605791247146,1018025,21.09133333333333,0.0001464883199999,0.0020705263938593
mp-1018025-done,LuAgO2,2.258,3.225,-5e+20,300.0,76100.0,-31.7,9.5,0.4844645751843204,1018025,21.09133333333333,7.647212899999998e-05,0.0010633043003681
mp-1018025-done,LuAgO2,2.258,3.225,-1e+21,300.0,110000.0,-21.0,6.9,0.7414423731488459,1018025,21.09133333333333,4.851e-05,0.00066656664254
mp-1206843-done,LuHSe,1.456,2.01,1e+21,300.0,787000.0,22.5,49.1,5.070511755122296,1206843,20.755666666666663,0.0003984187499999,0.0046280802001711
mp-1206843-done,LuHSe,1.456,2.01,5e+20,300.0,514000.0,21.2,64.2,3.374205293552331,1206843,20.755666666666663,0.0002310121599999,0.0028721100598554
mp-1206843-done,LuHSe,1.456,2.01,1e+20,300.0,204000.0,43.4,127.3,1.29220778858489,1206843,20.755666666666663,0.0003842462399999,0.0052283439945165
mp-1206843-done,LuHSe,1.456,2.01,5e+19,300.0,132000.0,65.6,164.2,0.7869369097941252,1206843,20.755666666666663,0.0005680435199999,0.0079105134806536
mp-1206843-done,LuHSe,1.456,2.01,1e+19,300.0,44900.0,134.0,280.5,0.2262768616857323,1206843,20.755666666666663,0.0008062244,0.0115274030584045
mp-1206843-done,LuHSe,1.456,2.01,5e+18,300.0,26800.0,176.0,334.4,0.1296458613406612,1206843,20.755666666666663,0.0008301567999999,0.011924506260847
mp-1206843-done,LuHSe,1.456,2.01,1e+18,300.0,8240.0,286.0,514.4,0.0340820636620171,1206843,20.755666666666663,0.00067399904,0.0097259334214571
mp-1206843-done,LuHSe,1.456,2.01,-1e+18,300.0,6450.0,-290.0,402.8,0.0236046259220556,1206843,20.755666666666663,0.000542445,0.0078315306493948
mp-1206843-done,LuHSe,1.456,2.01,-5e+18,300.0,19900.0,-173.0,248.6,0.0884019834133012,1206843,20.755666666666663,0.0005955871,0.0085720371103898
mp-1206843-done,LuHSe,1.456,2.01,-1e+19,300.0,31500.0,-130.0,196.9,0.1558191788007737,1206843,20.755666666666663,0.0005323499999999,0.0076371904502704
mp-1206843-done,LuHSe,1.456,2.01,-5e+19,300.0,92800.0,-67.1,115.8,0.5528278892473913,1206843,20.755666666666663,0.0004178236479999,0.0058824941419984
mp-1206843-done,LuHSe,1.456,2.01,-1e+20,300.0,159000.0,-50.2,99.2,0.9859773029832,1206843,20.755666666666663,0.00040068636,0.0055288325099887
mp-1206843-done,LuHSe,1.456,2.01,-5e+20,300.0,719000.0,-38.4,89.8,4.658381111078423,1206843,20.755666666666663,0.00106020864,0.0125152275930843
mp-1206843-done,LuHSe,1.456,2.01,-1e+21,300.0,1090000.0,-27.4,67.8,6.820135512512343,1206843,20.755666666666663,0.0008183283999999,0.0089026791824512
mp-20185-done,LuNiSb,0.202,1.17,1e+21,300.0,1100000.0,29.9,68.5,7.621342713704304,20185,9.1289,0.0009834109999999,0.0176130761232847
mp-20185-done,LuNiSb,0.202,1.17,5e+20,300.0,759000.0,59.3,94.8,4.920637240220411,20185,9.1289,0.0026690159099999,0.0569915406685244
mp-20185-done,LuNiSb,0.202,1.17,1e+20,300.0,228000.0,139.0,142.1,1.774684220806929,20185,9.1289,0.004405188,0.1212038512508685
mp-20185-done,LuNiSb,0.202,1.17,5e+19,300.0,128000.0,168.0,160.2,1.0444504806386925,20185,9.1289,0.003612672,0.1065333984180163
mp-20185-done,LuNiSb,0.202,1.17,1e+19,300.0,35300.0,274.0,218.3,0.3091670947036231,20185,9.1289,0.0026501827999999,0.0842391595675487
mp-20185-done,LuNiSb,0.202,1.17,5e+18,300.0,20300.0,315.0,244.0,0.266160000666015,20185,9.1289,0.0020142674999999,0.0643189346270415
mp-20185-done,LuNiSb,0.202,1.17,1e+18,300.0,9640.0,244.0,344.9,0.5515307453081453,20185,9.1289,0.00057392704,0.0177862035822579
mp-20185-done,LuNiSb,0.202,1.17,-1e+18,300.0,7760.0,-212.0,222.8,0.6651685509545338,20185,9.1289,0.00034876544,0.0106829589210709
mp-20185-done,LuNiSb,0.202,1.17,-5e+18,300.0,14500.0,-438.0,170.5,0.2722281363519516,20185,9.1289,0.0027817379999999,0.0887682188665285
mp-20185-done,LuNiSb,0.202,1.17,-1e+19,300.0,25200.0,-411.0,154.7,0.2370221633319654,20185,9.1289,0.0042568091999999,0.1363499223813383
mp-20185-done,LuNiSb,0.202,1.17,-5e+19,300.0,105000.0,-280.0,131.1,0.6541305750083181,20185,9.1289,0.0082319999999999,0.2524371135370667
mp-20185-done,LuNiSb,0.202,1.17,-1e+20,300.0,199000.0,-219.0,124.4,1.2481741864559883,20185,9.1289,0.009544239,0.2759228322504528
mp-20185-done,LuNiSb,0.202,1.17,-5e+20,300.0,752000.0,-110.0,93.9,5.311606869447028,20185,9.1289,0.0090991999999999,0.1890349157878625
mp-20185-done,LuNiSb,0.202,1.17,-1e+21,300.0,1330000.0,-80.4,82.8,9.551213016350312,20185,9.1289,0.0085973328,0.1380719612211382
mp-1001604-done,LuTlS2,1.285,2.485,1e+21,300.0,335000.0,19.0,20.9,2.386378312697945,1001604,2.190533333333333,0.0001209349999999,0.0079268517301244
mp-1001604-done,LuTlS2,1.285,2.485,5e+20,300.0,220000.0,25.2,27.5,1.5139418360260304,1001604,2.190533333333333,0.0001397088,0.0113140561304526
mp-1001604-done,LuTlS2,1.285,2.485,1e+20,300.0,59400.0,69.2,37.1,0.3905416409992007,1001604,2.190533333333333,0.000284445216,0.0330612499243913
mp-1001604-done,LuTlS2,1.285,2.485,5e+19,300.0,31300.0,97.3,39.0,0.2008866958162089,1001604,2.190533333333333,0.0002963261769999,0.0371736675349267
mp-1001604-done,LuTlS2,1.285,2.485,1e+19,300.0,7000.0,194.0,43.7,0.0406718942288393,1001604,2.190533333333333,0.000263452,0.0354228284443178
mp-1001604-done,LuTlS2,1.285,2.485,5e+18,300.0,3620.0,245.0,45.2,0.0205337557992586,1001604,2.190533333333333,0.0002172904999999,0.0294822126023969
mp-1001604-done,LuTlS2,1.285,2.485,1e+18,300.0,756.0,375.0,47.2,0.0041762440878598,1001604,2.190533333333333,0.0001063125,0.0145321049892512
mp-1001604-done,LuTlS2,1.285,2.485,-1e+18,300.0,234.0,-558.0,14.6,0.0012896487825446,1001604,2.190533333333333,7.2859176e-05,0.0099724078898468
mp-1001604-done,LuTlS2,1.285,2.485,-5e+18,300.0,1150.0,-422.0,14.4,0.0063649868794589,1001604,2.190533333333333,0.0002047965999999,0.0279662374151294
mp-1001604-done,LuTlS2,1.285,2.485,-1e+19,300.0,2280.0,-363.0,14.2,0.0126858690196877,1001604,2.190533333333333,0.00030043332,0.040908319927378
mp-1001604-done,LuTlS2,1.285,2.485,-5e+19,300.0,11100.0,-231.0,13.8,0.0637272004251061,1001604,2.190533333333333,0.0005923070999999,0.0788250192641712
mp-1001604-done,LuTlS2,1.285,2.485,-1e+20,300.0,21700.0,-179.0,13.5,0.1291185673550395,1001604,2.190533333333333,0.0006952896999999,0.0899216429577517
mp-1001604-done,LuTlS2,1.285,2.485,-5e+20,300.0,105000.0,-83.4,13.1,0.6966109053141958,1001604,2.190533333333333,0.0007303338,0.0758881863493722
mp-1001604-done,LuTlS2,1.285,2.485,-1e+21,300.0,213000.0,-55.5,13.3,1.4545062458987257,1001604,2.190533333333333,0.00065609325,0.0539988580978503
mp-626000-done,Na2H2O2,3.733,3.895,1e+21,300.0,33800.0,75.2,2.1,0.1345510975717898,626000,8.070766666666666,0.000191140352,0.006988407670196
mp-626000-done,Na2H2O2,3.733,3.895,5e+20,300.0,20800.0,119.0,2.6,0.072926330054786,626000,8.070766666666666,0.0002945487999999,0.0108506840858986
mp-626000-done,Na2H2O2,3.733,3.895,1e+20,300.0,4730.0,253.0,3.0,0.0147463438708968,626000,8.070766666666666,0.0003027625699999,0.0112335198622024
mp-626000-done,Na2H2O2,3.733,3.895,5e+19,300.0,2430.0,317.0,3.0,0.007303968291477,626000,8.070766666666666,0.00024418827,0.0090685615799124
mp-626000-done,Na2H2O2,3.733,3.895,1e+19,300.0,650.0,460.0,4.1,0.0017184121911322,626000,8.070766666666666,0.00013754,0.0051114371345283
mp-626000-done,Na2H2O2,3.733,3.895,5e+18,300.0,397.0,519.0,5.0,0.0009930815104349,626000,8.070766666666666,0.0001069363169999,0.0039744610965675
mp-626000-done,Na2H2O2,3.733,3.895,1e+18,300.0,123.0,650.0,7.6,0.0002848169642717,626000,8.070766666666666,5.19675e-05,0.0019316256415435
mp-626000-done,Na2H2O2,3.733,3.895,-1e+18,300.0,1410.0,-359.0,88.2,0.0040443783895139,626000,8.070766666666666,0.00018172221,0.0067514475194286
mp-626000-done,Na2H2O2,3.733,3.895,-5e+18,300.0,4330.0,-224.0,54.0,0.0141217666053521,626000,8.070766666666666,0.00021726208,0.0080617839736375
mp-626000-done,Na2H2O2,3.733,3.895,-1e+19,300.0,6900.0,-168.0,43.1,0.0247518017101868,626000,8.070766666666666,0.0001947455999999,0.0072167928747476
mp-626000-done,Na2H2O2,3.733,3.895,-5e+19,300.0,18500.0,-76.3,23.1,0.0925572677082726,626000,8.070766666666666,0.0001077012649999,0.0039579930625947
mp-626000-done,Na2H2O2,3.733,3.895,-1e+20,300.0,29200.0,-52.9,18.2,0.1578014397018413,626000,8.070766666666666,8.171357199999999e-05,0.0029791418486318
mp-626000-done,Na2H2O2,3.733,3.895,-5e+20,300.0,87300.0,-22.3,10.9,0.5464778654178178,626000,8.070766666666666,4.341341700000001e-05,0.0015113909152174
mp-626000-done,Na2H2O2,3.733,3.895,-1e+21,300.0,140000.0,-16.0,8.7,0.8986761095355288,626000,8.070766666666666,3.584e-05,0.0011987366738686
mp-4961-done,Na2HgO2,1.706,1.834,1e+21,300.0,131000.0,149.0,8.2,0.6909636246366223,4961,8.639733333333334,0.0029083309999999,0.0935084810845466
mp-4961-done,Na2HgO2,1.706,1.834,5e+20,300.0,70300.0,202.0,8.8,0.3504416511522341,4961,8.639733333333334,0.0028685212,0.0957218698729524
mp-4961-done,Na2HgO2,1.706,1.834,1e+20,300.0,14400.0,349.0,9.0,0.0702036295198444,4961,8.639733333333334,0.0017539343999999,0.0604114957713316
mp-4961-done,Na2HgO2,1.706,1.834,5e+19,300.0,7530.0,411.0,9.4,0.0361293784165603,4961,8.639733333333334,0.0012719751299999,0.0439832385179599
mp-4961-done,Na2HgO2,1.706,1.834,1e+19,300.0,1920.0,545.0,12.0,0.0084613484096316,4961,8.639733333333334,0.000570288,0.0197829034030856
mp-4961-done,Na2HgO2,1.706,1.834,5e+18,300.0,1090.0,600.0,13.6,0.0045868930138652,4961,8.639733333333334,0.0003923999999999,0.0136181905479587
mp-4961-done,Na2HgO2,1.706,1.834,1e+18,300.0,279.0,725.0,17.4,0.0010755238353141,4961,8.639733333333334,0.000146649375,0.0050915155313846
mp-4961-done,Na2HgO2,1.706,1.834,-1e+18,300.0,1190.0,-572.0,74.3,0.0069484890330855,4961,8.639733333333334,0.00038934896,0.0135086141018697
mp-4961-done,Na2HgO2,1.706,1.834,-5e+18,300.0,4480.0,-453.0,55.9,0.0286704530729132,4961,8.639733333333334,0.00091933632,0.0318168030465435
mp-4961-done,Na2HgO2,1.706,1.834,-1e+19,300.0,8040.0,-399.0,50.2,0.0532458780458904,4961,8.639733333333334,0.00127997604,0.0441727516726772
mp-4961-done,Na2HgO2,1.706,1.834,-5e+19,300.0,33900.0,-269.0,42.4,0.2265686633091209,4961,8.639733333333334,0.0024530379,0.0830009366113041
mp-4961-done,Na2HgO2,1.706,1.834,-1e+20,300.0,64800.0,-217.0,40.4,0.4170186850074652,4961,8.639733333333334,0.0030513671999999,0.1010748840363715
mp-4961-done,Na2HgO2,1.706,1.834,-5e+20,300.0,281000.0,-114.0,35.1,1.6886611620543392,4961,8.639733333333334,0.0036518759999999,0.1060729042146107
mp-4961-done,Na2HgO2,1.706,1.834,-1e+21,300.0,508000.0,-76.0,31.7,3.1641659193613365,4961,8.639733333333334,0.0029342079999999,0.0745738659027454
mp-5962-done,Na2Mg2As2,1.041,1.043,1e+21,300.0,193000.0,66.9,12.1,1.1770680800742728,5962,2.1930333333333336,0.00086379273,0.076893181305775
mp-5962-done,Na2Mg2As2,1.041,1.043,5e+20,300.0,111000.0,105.0,13.8,0.6577603395297399,5962,2.1930333333333336,0.0012237749999999,0.1287825574662708
mp-5962-done,Na2Mg2As2,1.041,1.043,1e+20,300.0,24900.0,224.0,15.5,0.1361039241272126,5962,2.1930333333333336,0.0012493824,0.1609242730540748
mp-5962-done,Na2Mg2As2,1.041,1.043,5e+19,300.0,12600.0,282.0,15.8,0.0683175077253203,5962,2.1930333333333336,0.0010020023999999,0.1329297137542989
mp-5962-done,Na2Mg2As2,1.041,1.043,1e+19,300.0,2690.0,417.0,16.8,0.0143674618761331,5962,2.1930333333333336,0.00046776141,0.0635717914501719
mp-5962-done,Na2Mg2As2,1.041,1.043,5e+18,300.0,1400.0,474.0,17.4,0.0074122354945468,5962,2.1930333333333336,0.0003145463999999,0.0428840055563088
mp-5962-done,Na2Mg2As2,1.041,1.043,1e+18,300.0,300.0,609.0,18.7,0.0015761926457986,5962,2.1930333333333336,0.0001112642999999,0.0152096715177966
mp-5962-done,Na2Mg2As2,1.041,1.043,-1e+18,300.0,6160.0,-223.0,384.4,0.0351274338896598,5962,2.1930333333333336,0.00030633064,0.0412444170779184
mp-5962-done,Na2Mg2As2,1.041,1.043,-5e+18,300.0,24100.0,-123.0,301.0,0.1558129088364312,5962,2.1930333333333336,0.0003646088999999,0.04656868041687
mp-5962-done,Na2Mg2As2,1.041,1.043,-1e+19,300.0,43000.0,-93.0,268.3,0.2859405406295854,5962,2.1930333333333336,0.000371907,0.0450073722728023
mp-5962-done,Na2Mg2As2,1.041,1.043,-5e+19,300.0,149000.0,-33.1,186.1,1.0380277250374002,5962,2.1930333333333336,0.0001632458899999,0.0151571778172044
mp-5962-done,Na2Mg2As2,1.041,1.043,-1e+20,300.0,219000.0,-19.3,136.7,1.5232013455726978,5962,2.1930333333333336,8.157530999999999e-05,0.0065853195813791
mp-5962-done,Na2Mg2As2,1.041,1.043,-5e+20,300.0,370000.0,-28.1,46.2,2.797218845950205,5962,2.1930333333333336,0.0002921556999999,0.0175635833322863
mp-5962-done,Na2Mg2As2,1.041,1.043,-1e+21,300.0,504000.0,-30.4,31.4,3.7060476440234713,5962,2.1930333333333336,0.0004657766399999,0.0236872476469343
mp-4824-done,Na2Zn2P2,,0.915,1e+21,300.0,331000.0,56.2,20.7,2.2380185799661567,4824,1.9253,0.00104544364,0.0753324747976767
mp-4824-done,Na2Zn2P2,,0.915,5e+20,300.0,195000.0,81.7,24.4,1.3104904733123346,4824,1.9253,0.0013016035499999,0.1206756334257489
mp-4824-done,Na2Zn2P2,,0.915,1e+20,300.0,47600.0,183.0,29.7,0.2869622664124921,4824,1.9253,0.0015940764,0.2161691799659489
mp-4824-done,Na2Zn2P2,,0.915,5e+19,300.0,24400.0,236.0,30.4,0.1461057681214966,4824,1.9253,0.0013589824,0.1968203073846451
mp-4824-done,Na2Zn2P2,,0.915,1e+19,300.0,5310.0,368.0,33.1,0.0313972515479003,4824,1.9253,0.00071910144,0.1102523304662182
mp-4824-done,Na2Zn2P2,,0.915,5e+18,300.0,2780.0,425.0,34.7,0.016343583773032,4824,1.9253,0.0005021375,0.0775843987325787
mp-4824-done,Na2Zn2P2,,0.915,1e+18,300.0,614.0,558.0,38.3,0.0035729988308535,4824,1.9253,0.000191177496,0.0297340720901601
mp-4824-done,Na2Zn2P2,,0.915,-1e+18,300.0,1710.0,-382.0,106.8,0.0099969157085482,4824,1.9253,0.00024953004,0.0386808925247487
mp-4824-done,Na2Zn2P2,,0.915,-5e+18,300.0,7330.0,-256.0,91.6,0.0453520497116458,4824,1.9253,0.00048037888,0.0731299389057988
mp-4824-done,Na2Zn2P2,,0.915,-1e+19,300.0,13400.0,-206.0,83.7,0.0857363870714003,4824,1.9253,0.0005686424,0.0848282612371962
mp-4824-done,Na2Zn2P2,,0.915,-5e+19,300.0,52200.0,-114.0,65.2,0.3480530325207376,4824,1.9253,0.0006783911999999,0.0895229896494809
mp-4824-done,Na2Zn2P2,,0.915,-1e+20,300.0,96300.0,-93.1,60.1,0.6305819631368612,4824,1.9253,0.0008346908429999,0.0979729332228795
mp-4824-done,Na2Zn2P2,,0.915,-5e+20,300.0,333000.0,-39.3,41.6,2.4134992300446423,4824,1.9253,0.0005143151699999,0.0355615788653079
mp-4824-done,Na2Zn2P2,,0.915,-1e+21,300.0,615000.0,-35.5,38.4,4.523815163040463,4824,1.9253,0.0007750537499999,0.036053957654921
mp-754326-done,NaAgO2,0.643,1.013,1e+21,300.0,45400.0,136.0,2.8,0.2513402812249125,754326,20.8385,0.0008397184,0.0119448756671839
mp-754326-done,NaAgO2,0.643,1.013,5e+20,300.0,24500.0,173.0,3.1,0.143493574881552,754326,20.8385,0.0007332605,0.0104841396130892
mp-754326-done,NaAgO2,0.643,1.013,1e+20,300.0,5080.0,295.0,3.2,0.0328322660870405,754326,20.8385,0.0004420869999999,0.0063544625857673
mp-754326-done,NaAgO2,0.643,1.013,5e+19,300.0,2590.0,357.0,3.2,0.0167519247770592,754326,20.8385,0.00033009291,0.0047483422092998
mp-754326-done,NaAgO2,0.643,1.013,1e+19,300.0,631.0,497.0,3.9,0.0037883254473115,754326,20.8385,0.0001558626789999,0.0022434582503534
mp-754326-done,NaAgO2,0.643,1.013,5e+18,300.0,360.0,553.0,4.5,0.0020643568685568,754326,20.8385,0.0001100912399999,0.0015847638017098
mp-754326-done,NaAgO2,0.643,1.013,1e+18,300.0,96.0,679.0,6.0,0.0005053537420599,754326,20.8385,4.4259935999999984e-05,0.0006371696045279
mp-754326-done,NaAgO2,0.643,1.013,-1e+18,300.0,785.0,-504.0,49.0,0.0034542775791702,754326,20.8385,0.0001994025599999,0.0028702091561693
mp-754326-done,NaAgO2,0.643,1.013,-5e+18,300.0,3230.0,-373.0,40.3,0.0152384825024652,754326,20.8385,0.0004493866699999,0.0064648360826567
mp-754326-done,NaAgO2,0.643,1.013,-1e+19,300.0,6030.0,-314.0,37.6,0.0291529413040349,754326,20.8385,0.0005945338799999,0.0085472077047503
mp-754326-done,NaAgO2,0.643,1.013,-5e+19,300.0,25300.0,-184.0,31.6,0.1299981883897338,754326,20.8385,0.0008565568,0.0122549091351846
mp-754326-done,NaAgO2,0.643,1.013,-1e+20,300.0,44100.0,-137.0,27.5,0.2370577282046865,754326,20.8385,0.0008277128999999,0.0117820782350001
mp-754326-done,NaAgO2,0.643,1.013,-5e+20,300.0,130000.0,-61.8,16.2,0.7984107165008837,754326,20.8385,0.0004965012,0.0068840862705231
mp-754326-done,NaAgO2,0.643,1.013,-1e+21,300.0,191000.0,-40.2,11.9,1.2561160845461603,754326,20.8385,0.00030866364,0.0041910251640338
mp-1221102-done,NaBiTe2,1.068,1.308,1e+21,300.0,258000.0,116.0,16.1,1.5068395710965934,1221102,1.8476333333333328,0.003471648,0.3104793002276452
mp-1221102-done,NaBiTe2,1.068,1.308,5e+20,300.0,139000.0,159.0,17.4,0.8111555349741439,1221102,1.8476333333333328,0.0035140589999999,0.396502976436433
mp-1221102-done,NaBiTe2,1.068,1.308,1e+20,300.0,31300.0,273.0,19.6,0.1868189865691283,1221102,1.8476333333333328,0.0023327576999999,0.3439880616290492
mp-1221102-done,NaBiTe2,1.068,1.308,5e+19,300.0,16200.0,328.0,20.2,0.0963000396487776,1221102,1.8476333333333328,0.0017428608,0.2689692184243455
mp-1221102-done,NaBiTe2,1.068,1.308,1e+19,300.0,3410.0,462.0,21.3,0.0201403304416264,1221102,1.8476333333333328,0.0007278440399999,0.1169056059815385
mp-1221102-done,NaBiTe2,1.068,1.308,5e+18,300.0,1740.0,520.0,21.7,0.0102250235714664,1221102,1.8476333333333328,0.0004704959999999,0.07597392959231
mp-1221102-done,NaBiTe2,1.068,1.308,1e+18,300.0,357.0,656.0,22.3,0.0021015933615699,1221102,1.8476333333333328,0.000153629952,0.0249165353018183
mp-1221102-done,NaBiTe2,1.068,1.308,-1e+18,300.0,4040.0,-277.0,252.0,0.0224565655489479,1221102,1.8476333333333328,0.00030998516,0.0497278489422255
mp-1221102-done,NaBiTe2,1.068,1.308,-5e+18,300.0,17300.0,-161.0,215.4,0.1048197337982667,1221102,1.8476333333333328,0.0004484332999999,0.0689030595739807
mp-1221102-done,NaBiTe2,1.068,1.308,-1e+19,300.0,31000.0,-122.0,193.7,0.1961491494191118,1221102,1.8476333333333328,0.000461404,0.067727951075098
mp-1221102-done,NaBiTe2,1.068,1.308,-5e+19,300.0,109000.0,-69.1,136.7,0.8393553321099158,1221102,1.8476333333333328,0.0005204542899999,0.058108278984576
mp-1221102-done,NaBiTe2,1.068,1.308,-1e+20,300.0,184000.0,-75.1,114.7,1.4223595397406463,1221102,1.8476333333333328,0.0010377618399999,0.0952077157609531
mp-1221102-done,NaBiTe2,1.068,1.308,-5e+20,300.0,530000.0,-45.2,66.2,3.735651173362914,1221102,1.8476333333333328,0.0010828112,0.0581814090989636
mp-1221102-done,NaBiTe2,1.068,1.308,-1e+21,300.0,781000.0,-24.9,48.8,5.292462031257711,1221102,1.8476333333333328,0.0004842278099999,0.0203454345610537
mp-3613-done,NaErS2,2.323,3.167,1e+21,300.0,108000.0,98.9,6.7,0.7853106008853993,3613,3.9532,0.00105637068,0.0668799187535392
mp-3613-done,NaErS2,2.323,3.167,5e+20,300.0,59100.0,125.0,7.4,0.4345039326117765,3613,3.9532,0.0009234375,0.0631380909593636
mp-3613-done,NaErS2,2.323,3.167,1e+20,300.0,15500.0,212.0,9.7,0.1056560200767394,3613,3.9532,0.000696632,0.0514897791314235
mp-3613-done,NaErS2,2.323,3.167,5e+19,300.0,8390.0,262.0,10.5,0.0553422538663932,3613,3.9532,0.0005759231599999,0.0431021895386833
mp-3613-done,NaErS2,2.323,3.167,1e+19,300.0,1900.0,390.0,11.9,0.0120055618523444,3613,3.9532,0.00028899,0.021864440228289
mp-3613-done,NaErS2,2.323,3.167,5e+18,300.0,999.0,447.0,12.5,0.0062230316834533,3613,3.9532,0.0001996091909999,0.0151241119781306
mp-3613-done,NaErS2,2.323,3.167,1e+18,300.0,221.0,579.0,13.8,0.0013432558412749,3613,3.9532,7.408826099999999e-05,0.0056204918904779
mp-3613-done,NaErS2,2.323,3.167,-1e+18,300.0,754.0,-524.0,47.1,0.0040239011718396,3613,3.9532,0.0002070303039999,0.015695116766473
mp-3613-done,NaErS2,2.323,3.167,-5e+18,300.0,3550.0,-389.0,44.4,0.019299657250703,3613,3.9532,0.00053718955,0.0405681255896026
mp-3613-done,NaErS2,2.323,3.167,-1e+19,300.0,6990.0,-331.0,43.6,0.0383259836760543,3613,3.9532,0.0007658313899999,0.0575592938489101
mp-3613-done,NaErS2,2.323,3.167,-5e+19,300.0,33300.0,-200.0,41.5,0.1903130082368006,3613,3.9532,0.0013319999999999,0.0964399047874626
mp-3613-done,NaErS2,2.323,3.167,-1e+20,300.0,63800.0,-152.0,39.8,0.3760193265260557,3613,3.9532,0.0014740351999999,0.1021455663589162
mp-3613-done,NaErS2,2.323,3.167,-5e+20,300.0,275000.0,-65.0,34.4,1.788126870475604,3613,3.9532,0.0011618749999999,0.0607111401011549
mp-3613-done,NaErS2,2.323,3.167,-1e+21,300.0,491000.0,-41.6,30.6,3.3048935742910515,3613,3.9532,0.00084970496,0.0351209977373292
mp-8584-done,NaErSe2,1.876,2.833,1e+21,300.0,123000.0,68.1,7.7,0.9231808894705362,8584,3.0198,0.0005704260299999,0.0434006184145997
mp-8584-done,NaErSe2,1.876,2.833,5e+20,300.0,75900.0,85.4,9.5,0.5063036075464767,8584,3.0198,0.000553550844,0.0470959653155373
mp-8584-done,NaErSe2,1.876,2.833,1e+20,300.0,20600.0,167.0,12.9,0.121291431357196,8584,3.0198,0.0005745133999999,0.054870742786847
mp-8584-done,NaErSe2,1.876,2.833,5e+19,300.0,10900.0,217.0,13.6,0.0624822070460298,8584,3.0198,0.0005132701,0.0499568240857383
mp-8584-done,NaErSe2,1.876,2.833,1e+19,300.0,2360.0,348.0,14.7,0.0130934193417336,8584,3.0198,0.00028580544,0.0282705720725951
mp-8584-done,NaErSe2,1.876,2.833,5e+18,300.0,1210.0,406.0,15.2,0.0066898071004794,8584,3.0198,0.00019945156,0.0197705830231509
mp-8584-done,NaErSe2,1.876,2.833,1e+18,300.0,256.0,541.0,16.0,0.0014004949109182,8584,3.0198,7.492633599999998e-05,0.0074400559770406
mp-8584-done,NaErSe2,1.876,2.833,-1e+18,300.0,619.0,-516.0,38.6,0.0034262937252692,8584,3.0198,0.0001648124639999,0.016354627274376
mp-8584-done,NaErSe2,1.876,2.833,-5e+18,300.0,2970.0,-381.0,37.0,0.0165645409643916,8584,3.0198,0.0004311281699999,0.0425964831478667
mp-8584-done,NaErSe2,1.876,2.833,-1e+19,300.0,5840.0,-322.0,36.5,0.032872773519418,8584,3.0198,0.0006055145599999,0.0595066623503642
mp-8584-done,NaErSe2,1.876,2.833,-5e+19,300.0,27600.0,-195.0,34.4,0.1617007051014682,8584,3.0198,0.00104949,0.0989617885343069
mp-8584-done,NaErSe2,1.876,2.833,-1e+20,300.0,52800.0,-147.0,33.0,0.3187030317982566,8584,3.0198,0.0011409552,0.1025269579628418
mp-8584-done,NaErSe2,1.876,2.833,-5e+20,300.0,226000.0,-62.2,28.2,1.4870101823255393,8584,3.0198,0.0008743578399999,0.05820244061502
mp-8584-done,NaErSe2,1.876,2.833,-1e+21,300.0,391000.0,-39.8,24.4,2.712728825832917,8584,3.0198,0.0006193596399999,0.0324129014690079
mp-8260-done,NaGdS2,2.222,2.948,1e+21,300.0,154000.0,106.0,9.6,1.0758296639206937,8260,3.969466666666667,0.001730344,0.1028885452877982
mp-8260-done,NaGdS2,2.222,2.948,5e+20,300.0,83300.0,144.0,10.4,0.5593777015323492,8260,3.969466666666667,0.0017273088,0.1144205006554617
mp-8260-done,NaGdS2,2.222,2.948,5e+20,300.0,83300.0,144.0,10.4,0.5667332394645904,8260,3.969466666666667,0.0017273088,0.114234965548938
mp-8260-done,NaGdS2,2.222,2.948,1e+20,300.0,20500.0,247.0,12.8,0.1419633867375083,8260,3.969466666666667,0.0012506844999999,0.091259086285393
mp-8260-done,NaGdS2,2.222,2.948,5e+19,300.0,10800.0,302.0,13.4,0.0737875205238266,8260,3.969466666666667,0.0009850031999999,0.0730849326604673
mp-8260-done,NaGdS2,2.222,2.948,5e+19,300.0,10800.0,302.0,13.4,0.0758031703323261,8260,3.969466666666667,0.0009850031999999,0.0730485163924661
mp-8260-done,NaGdS2,2.222,2.948,1e+19,300.0,2570.0,428.0,16.0,0.0170386548807654,8260,3.969466666666667,0.00047078288,0.0354282391739482
mp-8260-done,NaGdS2,2.222,2.948,5e+18,300.0,1310.0,490.0,16.3,0.0085829663271675,8260,3.969466666666667,0.000314531,0.0237199906248998
mp-8260-done,NaGdS2,2.222,2.948,5e+18,300.0,1310.0,490.0,16.3,0.0088935144373842,8260,3.969466666666667,0.000314531,0.0237181390584434
mp-8260-done,NaGdS2,2.222,2.948,1e+18,300.0,303.0,616.0,18.9,0.0019186144057156,8260,3.969466666666667,0.000114975168,0.0086852692344888
mp-8260-done,NaGdS2,2.222,2.948,-1e+18,300.0,1640.0,-526.0,102.3,0.0086563629889084,8260,3.969466666666667,0.00045374864,0.0342182961625964
mp-8260-done,NaGdS2,2.222,2.948,-5e+18,300.0,8250.0,-386.0,103.0,0.0436708790470418,8260,3.969466666666667,0.001229217,0.0918894744571775
mp-8260-done,NaGdS2,2.222,2.948,-5e+18,300.0,8250.0,-386.0,103.0,0.0406905215485643,8260,3.969466666666667,0.001229217,0.091957766913402
mp-8260-done,NaGdS2,2.222,2.948,-1e+19,300.0,14700.0,-336.0,91.6,0.0799200268625176,8260,3.969466666666667,0.0016595712,0.1229498187455363
mp-8260-done,NaGdS2,2.222,2.948,-5e+19,300.0,72800.0,-199.0,90.9,0.4072707448482733,8260,3.969466666666667,0.0028829527999999,0.1976097167091875
mp-8260-done,NaGdS2,2.222,2.948,-5e+19,300.0,72800.0,-199.0,90.9,0.3905493159212067,8260,3.969466666666667,0.0028829527999999,0.1983675847643612
mp-8260-done,NaGdS2,2.222,2.948,-1e+20,300.0,132000.0,-154.0,82.5,0.7692894413312205,8260,3.969466666666667,0.003130512,0.1981856796586203
mp-8260-done,NaGdS2,2.222,2.948,-5e+20,300.0,538000.0,-63.3,67.1,3.530406229581389,8260,3.969466666666667,0.0021557068199999,0.0862297341496946
mp-8260-done,NaGdS2,2.222,2.948,-5e+20,300.0,538000.0,-63.3,67.1,3.562103436043247,8260,3.969466666666667,0.0021557068199999,0.0858668295163684
mp-8260-done,NaGdS2,2.222,2.948,-1e+21,300.0,938000.0,-40.2,58.6,6.330212120106686,8260,3.969466666666667,0.00151584552,0.0441522173083675
mp-5694-done,NaHoS2,2.27,3.084,1e+21,300.0,109000.0,102.0,6.8,0.8073084557679864,5694,4.218133333333333,0.001134036,0.0676976899300307
mp-5694-done,NaHoS2,2.27,3.084,5e+20,300.0,60100.0,123.0,7.5,0.4532523988240529,5694,4.218133333333333,0.0009092528999999,0.058392923564887
mp-5694-done,NaHoS2,2.27,3.084,1e+20,300.0,15900.0,210.0,9.9,0.1070899838029012,5694,4.218133333333333,0.0007011899999999,0.0486349454296498
mp-5694-done,NaHoS2,2.27,3.084,5e+19,300.0,8590.0,260.0,10.7,0.055835370393551,5694,4.218133333333333,0.0005806839999999,0.040759587183702
mp-5694-done,NaHoS2,2.27,3.084,1e+19,300.0,1950.0,389.0,12.2,0.012118330795492,5694,4.218133333333333,0.0002950759499999,0.020926127339093
mp-5694-done,NaHoS2,2.27,3.084,5e+18,300.0,1020.0,446.0,12.8,0.0062717054251828,5694,4.218133333333333,0.00020289432,0.0144087263038319
mp-5694-done,NaHoS2,2.27,3.084,1e+18,300.0,224.0,578.0,14.0,0.0013468467906198,5694,4.218133333333333,7.483481599999999e-05,0.0053206660161016
mp-5694-done,NaHoS2,2.27,3.084,-1e+18,300.0,936.0,-514.0,58.4,0.0048846381411139,5694,4.218133333333333,0.000247287456,0.0175671136853102
mp-5694-done,NaHoS2,2.27,3.084,-5e+18,300.0,4470.0,-379.0,55.8,0.0237272612760881,5694,4.218133333333333,0.00064207527,0.0454099272486195
mp-5694-done,NaHoS2,2.27,3.084,-1e+19,300.0,8780.0,-320.0,54.8,0.0471225851072454,5694,4.218133333333333,0.0008990719999999,0.0632369089118064
mp-5694-done,NaHoS2,2.27,3.084,-5e+19,300.0,40500.0,-192.0,50.6,0.2289126507908888,5694,4.218133333333333,0.001492992,0.1007180050754988
mp-5694-done,NaHoS2,2.27,3.084,-1e+20,300.0,75800.0,-146.0,47.3,0.4423324779772553,5694,4.218133333333333,0.0016157528,0.1040080240098764
mp-5694-done,NaHoS2,2.27,3.084,-5e+20,300.0,301000.0,-60.1,37.6,1.9586119650294125,5694,4.218133333333333,0.0010872150099999,0.0528052375878969
mp-5694-done,NaHoS2,2.27,3.084,-1e+21,300.0,507000.0,-38.4,31.6,3.46098337153687,5694,4.218133333333333,0.00074760192,0.029206559116071
mp-5175-done,NaInO2,2.071,2.151,1e+21,300.0,83900.0,210.0,5.2,0.5222320572250343,5175,10.565033333333334,0.0036999899999999,0.1001145874026985
mp-5175-done,NaInO2,2.071,2.151,5e+20,300.0,41800.0,264.0,5.2,0.261671046701609,5175,10.565033333333334,0.0029132927999999,0.0807251966361668
mp-5175-done,NaInO2,2.071,2.151,1e+20,300.0,8770.0,403.0,5.5,0.0540891908227058,5175,10.565033333333334,0.0014243269299999,0.0402385487151095
mp-5175-done,NaInO2,2.071,2.151,5e+19,300.0,4710.0,461.0,5.9,0.0284023521950886,5175,10.565033333333334,0.0010009739099999,0.0283470048730456
mp-5175-done,NaInO2,2.071,2.151,1e+19,300.0,1190.0,590.0,7.4,0.0067246259663337,5175,10.565033333333334,0.0004142389999999,0.0117550648130996
mp-5175-done,NaInO2,2.071,2.151,5e+18,300.0,653.0,645.0,8.2,0.0035959968988985,5175,10.565033333333334,0.0002716643249999,0.0077114349414106
mp-5175-done,NaInO2,2.071,2.151,1e+18,300.0,152.0,774.0,9.5,0.0008012629283834,5175,10.565033333333334,9.1059552e-05,0.0025854905593227
mp-5175-done,NaInO2,2.071,2.151,-1e+18,300.0,4300.0,-318.0,268.2,0.0237430738625718,5175,10.565033333333334,0.0004348331999999,0.0123196444030416
mp-5175-done,NaInO2,2.071,2.151,-5e+18,300.0,16000.0,-208.0,200.3,0.100056827864186,5175,10.565033333333334,0.000692224,0.0194716778631229
mp-5175-done,NaInO2,2.071,2.151,-1e+19,300.0,28100.0,-166.0,175.5,0.1856341903053473,5175,10.565033333333334,0.0007743235999999,0.0216076889634241
mp-5175-done,NaInO2,2.071,2.151,-5e+19,300.0,129000.0,-85.6,161.0,0.7093537043438282,5175,10.565033333333334,0.0009452294399999,0.0251515963619422
mp-5175-done,NaInO2,2.071,2.151,-1e+20,300.0,195000.0,-38.7,121.8,1.3385259825871536,5175,10.565033333333334,0.00029204955,0.0073603921881431
mp-5175-done,NaInO2,2.071,2.151,-5e+20,300.0,663000.0,-17.2,82.7,4.406080202199348,5175,10.565033333333334,0.0001961419199999,0.0039304074383186
mp-5175-done,NaInO2,2.071,2.151,-1e+21,300.0,897000.0,-15.2,56.0,6.324287609375372,5175,10.565033333333334,0.0002072428799999,0.0036811938272042
mp-20289-done,NaInS2,1.864,2.068,1e+21,300.0,147000.0,111.0,9.2,0.8153128668698505,20289,2.048033333333333,0.001811187,0.1897626280613372
mp-20289-done,NaInS2,1.864,2.068,5e+20,300.0,83500.0,155.0,10.4,0.4397042346504698,20289,2.048033333333333,0.0020060875,0.2419170967811337
mp-20289-done,NaInS2,1.864,2.068,1e+20,300.0,19200.0,281.0,12.0,0.0944192722623551,20289,2.048033333333333,0.0015160512,0.2122872444469048
mp-20289-done,NaInS2,1.864,2.068,5e+19,300.0,9700.0,340.0,12.1,0.0473551027142184,20289,2.048033333333333,0.0011213199999999,0.160541116965645
mp-20289-done,NaInS2,1.864,2.068,1e+19,300.0,2000.0,481.0,12.5,0.0096627696042326,20289,2.048033333333333,0.0004627219999999,0.0674621484687634
mp-20289-done,NaInS2,1.864,2.068,5e+18,300.0,1030.0,540.0,12.8,0.0049382100236325,20289,2.048033333333333,0.000300348,0.0438897462030397
mp-20289-done,NaInS2,1.864,2.068,1e+18,300.0,225.0,673.0,14.0,0.0010592929834421,20289,2.048033333333333,0.000101909025,0.0149201198166205
mp-20289-done,NaInS2,1.864,2.068,-1e+18,300.0,1260.0,-456.0,78.5,0.0067302766600194,20289,2.048033333333333,0.00026199936,0.0382524819973107
mp-20289-done,NaInS2,1.864,2.068,-5e+18,300.0,5910.0,-323.0,73.8,0.032380667205007,20289,2.048033333333333,0.00061658439,0.0889127437866379
mp-20289-done,NaInS2,1.864,2.068,-1e+19,300.0,11400.0,-266.0,71.4,0.0637643520189941,20289,2.048033333333333,0.0008066184,0.1145874539395698
mp-20289-done,NaInS2,1.864,2.068,-5e+19,300.0,49500.0,-151.0,61.8,0.2979953903697068,20289,2.048033333333333,0.0011286494999999,0.1443268134694966
mp-20289-done,NaInS2,1.864,2.068,-1e+20,300.0,90500.0,-112.0,56.5,0.5688523822354433,20289,2.048033333333333,0.001135232,0.1301430925981334
mp-20289-done,NaInS2,1.864,2.068,-5e+20,300.0,357000.0,-49.0,44.5,2.428851560476346,20289,2.048033333333333,0.000857157,0.0574388455587868
mp-20289-done,NaInS2,1.864,2.068,-1e+21,300.0,609000.0,-31.4,38.0,4.238179072331637,20289,2.048033333333333,0.0006004496399999,0.0286555528791291
mp-1220714-done,NaLaS2,2.574,2.974,1e+21,300.0,48300.0,151.0,3.0,0.3490019043258764,1220714,2.2872033333333337,0.0011012882999999,0.1253265433511289
mp-1220714-done,NaLaS2,2.574,2.974,5e+20,300.0,23600.0,192.0,2.9,0.1710267798226562,1220714,2.2872033333333337,0.0008699904,0.1061727779686661
mp-1220714-done,NaLaS2,2.574,2.974,1e+20,300.0,4790.0,313.0,3.0,0.0333401235018735,1220714,2.2872033333333337,0.0004692715099999,0.0606674495085603
mp-1220714-done,NaLaS2,2.574,2.974,5e+19,300.0,2420.0,371.0,3.0,0.0166315855678368,1220714,2.2872033333333337,0.00033309122,0.0433743603676521
mp-1220714-done,NaLaS2,2.574,2.974,1e+19,300.0,517.0,506.0,3.2,0.0034669603412964,1220714,2.2872033333333337,0.0001323706119999,0.0173360538658169
mp-1220714-done,NaLaS2,2.574,2.974,5e+18,300.0,269.0,563.0,3.4,0.0017883436127725,1220714,2.2872033333333337,8.5264661e-05,0.0111749634381052
mp-1220714-done,NaLaS2,2.574,2.974,1e+18,300.0,57.9,694.0,3.6,0.0003824305698776,1220714,2.2872033333333337,2.78867244e-05,0.0036571382161975
mp-1220714-done,NaLaS2,2.574,2.974,-1e+18,300.0,465.0,-532.0,29.0,0.0023836157099194,1220714,2.2872033333333337,0.00013160616,0.0172440920037993
mp-1220714-done,NaLaS2,2.574,2.974,-5e+18,300.0,2250.0,-396.0,28.1,0.0116549972966938,1220714,2.2872033333333337,0.000352836,0.0460449426524645
mp-1220714-done,NaLaS2,2.574,2.974,-1e+19,300.0,4440.0,-337.0,27.7,0.0232416220687032,1220714,2.2872033333333337,0.00050424636,0.0654739285808594
mp-1220714-done,NaLaS2,2.574,2.974,-5e+19,300.0,20800.0,-208.0,26.0,0.1143181745500572,1220714,2.2872033333333337,0.0008998912,0.1124151331203104
mp-1220714-done,NaLaS2,2.574,2.974,-1e+20,300.0,39100.0,-160.0,24.4,0.2220600550170985,1220714,2.2872033333333337,0.0010009599999999,0.1196717735547788
mp-1220714-done,NaLaS2,2.574,2.974,-5e+20,300.0,158000.0,-72.5,19.7,0.990789267369108,1220714,2.2872033333333337,0.0008304875,0.0760057389838556
mp-1220714-done,NaLaS2,2.574,2.974,-1e+21,300.0,273000.0,-47.8,17.1,1.788798034417925,1220714,2.2872033333333337,0.0006237613199999,0.0459097971557377
mp-999472-done,NaLaSe2,2.153,2.656,1e+21,300.0,64400.0,102.0,4.0,0.4614174127996773,999472,3.4676666666666667,0.0006700176,0.0511583045652972
mp-999472-done,NaLaSe2,2.153,2.656,5e+20,300.0,33200.0,138.0,4.1,0.2180699503649273,999472,3.4676666666666667,0.0006322608,0.0514627765650716
mp-999472-done,NaLaSe2,2.153,2.656,1e+20,300.0,7120.0,255.0,4.4,0.0419970397276807,999472,3.4676666666666667,0.0004629779999999,0.0395745608751392
mp-999472-done,NaLaSe2,2.153,2.656,5e+19,300.0,3640.0,312.0,4.5,0.0210529262948686,999472,3.4676666666666667,0.00035433216,0.030469530487477
mp-999472-done,NaLaSe2,2.153,2.656,1e+19,300.0,776.0,448.0,4.8,0.0043742844583634,999472,3.4676666666666667,0.000155746304,0.0134571832123294
mp-999472-done,NaLaSe2,2.153,2.656,5e+18,300.0,400.0,505.0,5.0,0.0022475937274309,999472,3.4676666666666667,0.00010201,0.0088195262774372
mp-999472-done,NaLaSe2,2.153,2.656,1e+18,300.0,85.3,638.0,5.3,0.0004768572406084,999472,3.4676666666666667,3.47208532e-05,0.0030034097170998
mp-999472-done,NaLaSe2,2.153,2.656,-1e+18,300.0,385.0,-533.0,24.0,0.0020957384392064,999472,3.4676666666666667,0.0001093742649999,0.0094566358352622
mp-999472-done,NaLaSe2,2.153,2.656,-5e+18,300.0,1870.0,-397.0,23.4,0.0102880221122308,999472,3.4676666666666667,0.00029472883,0.0254225994620544
mp-999472-done,NaLaSe2,2.153,2.656,-1e+19,300.0,3700.0,-338.0,23.1,0.0204922262462783,999472,3.4676666666666667,0.0004227027999999,0.0363546627011795
mp-999472-done,NaLaSe2,2.153,2.656,-5e+19,300.0,17500.0,-208.0,21.9,0.1006145408392625,999472,3.4676666666666667,0.0007571199999999,0.0636541759999706
mp-999472-done,NaLaSe2,2.153,2.656,-1e+20,300.0,33300.0,-159.0,20.8,0.1977266015519037,999472,3.4676666666666667,0.0008418572999999,0.068903163049327
mp-999472-done,NaLaSe2,2.153,2.656,-5e+20,300.0,139000.0,-72.3,17.4,0.9100105191424324,999472,3.4676666666666667,0.0007265933099999,0.0497930714732869
mp-999472-done,NaLaSe2,2.153,2.656,-1e+21,300.0,246000.0,-48.5,15.4,1.665098156149554,999472,3.4676666666666667,0.0005786535,0.0338211579903932
mp-9035-done,NaLuS2,2.367,3.291,1e+21,300.0,118000.0,93.0,7.4,0.8918449735613119,9035,2.689866666666666,0.001020582,0.0854827609685831
mp-9035-done,NaLuS2,2.367,3.291,5e+20,300.0,68200.0,105.0,8.5,0.4818611045742786,9035,2.689866666666666,0.0007519049999999,0.071119439078378
mp-9035-done,NaLuS2,2.367,3.291,1e+20,300.0,17600.0,181.0,11.0,0.1064323088703612,9035,2.689866666666666,0.0005765935999999,0.0618596514583172
mp-9035-done,NaLuS2,2.367,3.291,5e+19,300.0,9190.0,233.0,11.5,0.0537583912481975,9035,2.689866666666666,0.00049891591,0.0545536543224866
mp-9035-done,NaLuS2,2.367,3.291,1e+19,300.0,1990.0,364.0,12.4,0.011285173531148,9035,2.689866666666666,0.0002636670399999,0.0292838450703968
mp-9035-done,NaLuS2,2.367,3.291,5e+18,300.0,1030.0,421.0,12.8,0.0058145769046053,9035,2.689866666666666,0.0001825582299999,0.0203167452125806
mp-9035-done,NaLuS2,2.367,3.291,1e+18,300.0,221.0,554.0,13.8,0.0012417207202017,9035,2.689866666666666,6.782843600000001e-05,0.0075613939948955
mp-9035-done,NaLuS2,2.367,3.291,-1e+18,300.0,709.0,-525.0,44.2,0.0037940037404504,9035,2.689866666666666,0.0001954181249999,0.0217642252211038
mp-9035-done,NaLuS2,2.367,3.291,-5e+18,300.0,3330.0,-391.0,41.5,0.018101150054412,9035,2.689866666666666,0.00050909373,0.0563995325413171
mp-9035-done,NaLuS2,2.367,3.291,-1e+19,300.0,6530.0,-332.0,40.8,0.0358756625827755,9035,2.689866666666666,0.0007197627199999,0.0792183522568796
mp-9035-done,NaLuS2,2.367,3.291,-5e+19,300.0,31100.0,-202.0,38.8,0.1768772907707227,9035,2.689866666666666,0.0012690044,0.1327992055280419
mp-9035-done,NaLuS2,2.367,3.291,-1e+20,300.0,59700.0,-154.0,37.3,0.3481241021925725,9035,2.689866666666666,0.0014158452,0.1398139732200353
mp-9035-done,NaLuS2,2.367,3.291,-5e+20,300.0,259000.0,-63.0,32.4,1.6427317995806712,9035,2.689866666666666,0.001027971,0.0711792939970068
mp-9035-done,NaLuS2,2.367,3.291,-1e+21,300.0,446000.0,-39.7,27.9,3.0273489185977014,9035,2.689866666666666,0.00070293614,0.0368852352784329
mp-1220912-done,NaPrS2,2.131,2.683,1e+21,300.0,121000.0,102.0,7.6,0.7914624643603884,1220912,3.7252,0.001258884,0.0836159892354235
mp-1220912-done,NaPrS2,2.131,2.683,5e+20,300.0,64400.0,142.0,8.0,0.4071331117147536,1220912,3.7252,0.0012985615999999,0.0942732518091491
mp-1220912-done,NaPrS2,2.131,2.683,1e+20,300.0,14700.0,262.0,9.1,0.0853297795617407,1220912,3.7252,0.0010090668,0.079443032206093
mp-1220912-done,NaPrS2,2.131,2.683,5e+19,300.0,7610.0,319.0,9.5,0.0433715396364856,1220912,3.7252,0.00077440121,0.0616467965531601
mp-1220912-done,NaPrS2,2.131,2.683,1e+19,300.0,1720.0,453.0,10.7,0.0093820925835092,1220912,3.7252,0.00035295948,0.028353331477244
mp-1220912-done,NaPrS2,2.131,2.683,5e+18,300.0,913.0,509.0,11.4,0.0049109547847063,1220912,3.7252,0.000236540953,0.0190241756237773
mp-1220912-done,NaPrS2,2.131,2.683,1e+18,300.0,207.0,639.0,12.9,0.0010800033276573,1220912,3.7252,8.452244699999998e-05,0.006804838626554
mp-1220912-done,NaPrS2,2.131,2.683,-1e+18,300.0,1450.0,-511.0,90.4,0.0074872988876498,1220912,3.7252,0.0003786254499999,0.030430525223428
mp-1220912-done,NaPrS2,2.131,2.683,-5e+18,300.0,6810.0,-377.0,85.0,0.035685157798889,1220912,3.7252,0.0009678984899999,0.077207767537872
mp-1220912-done,NaPrS2,2.131,2.683,-1e+19,300.0,13300.0,-319.0,83.0,0.0704934373047386,1220912,3.7252,0.0013534213,0.1069702800572621
mp-1220912-done,NaPrS2,2.131,2.683,-5e+19,300.0,62200.0,-190.0,77.6,0.3475731494654081,1220912,3.7252,0.0022454199999999,0.1653973779728905
mp-1220912-done,NaPrS2,2.131,2.683,-1e+20,300.0,118000.0,-142.0,73.5,0.6859180616634978,1220912,3.7252,0.0023793519999999,0.1618196543419614
mp-1220912-done,NaPrS2,2.131,2.683,-5e+20,300.0,473000.0,-59.4,59.0,3.0723381192144825,1220912,3.7252,0.0016689142799999,0.0736552374137811
mp-1220912-done,NaPrS2,2.131,2.683,-1e+21,300.0,794000.0,-37.7,49.6,5.408394004746907,1220912,3.7252,0.00112850426,0.0370666002697348
mp-999447-done,NaSmTe2,1.117,2.064,1e+21,300.0,213000.0,56.7,13.3,1.463794674702137,999447,1.6119633333333334,0.00068477157,0.0667905181302647
mp-999447-done,NaSmTe2,1.117,2.064,5e+20,300.0,117000.0,87.5,14.6,0.7919265687109114,999447,1.6119633333333334,0.00089578125,0.1117914654791264
mp-999447-done,NaSmTe2,1.117,2.064,1e+20,300.0,28800.0,162.0,18.0,0.199919679833381,999447,1.6119633333333334,0.0007558271999999,0.1251450332897991
mp-999447-done,NaSmTe2,1.117,2.064,5e+19,300.0,15700.0,204.0,19.6,0.1065374368032087,999447,1.6119633333333334,0.0006533712,0.1140595124577256
mp-999447-done,NaSmTe2,1.117,2.064,1e+19,300.0,3640.0,323.0,22.7,0.0235268334308678,999447,1.6119633333333334,0.00037975756,0.0696594026153051
mp-999447-done,NaSmTe2,1.117,2.064,5e+18,300.0,1890.0,380.0,23.6,0.0120722333289472,999447,1.6119633333333334,0.0002729159999999,0.0504144131327364
mp-999447-done,NaSmTe2,1.117,2.064,1e+18,300.0,402.0,514.0,25.1,0.0025321247118263,999447,1.6119633333333334,0.000106206792,0.019734981254502
mp-999447-done,NaSmTe2,1.117,2.064,-1e+18,300.0,837.0,-514.0,52.3,0.0044703367939164,999447,1.6119633333333334,0.000221132052,0.0410407286274713
mp-999447-done,NaSmTe2,1.117,2.064,-5e+18,300.0,4030.0,-377.0,50.4,0.0217897248289629,999447,1.6119633333333334,0.0005727798699999,0.1051774380108919
mp-999447-done,NaSmTe2,1.117,2.064,-1e+19,300.0,7930.0,-319.0,49.5,0.0432364203058753,999447,1.6119633333333334,0.00080696473,0.1462599414165749
mp-999447-done,NaSmTe2,1.117,2.064,-5e+19,300.0,36900.0,-191.0,46.0,0.2113400652654461,999447,1.6119633333333334,0.0013461488999999,0.2214906582800905
mp-999447-done,NaSmTe2,1.117,2.064,-1e+20,300.0,69600.0,-142.0,43.4,0.4164382695110331,999447,1.6119633333333334,0.0014034143999999,0.207564576664493
mp-999447-done,NaSmTe2,1.117,2.064,-5e+20,300.0,280000.0,-61.2,35.0,1.8927928234963665,999447,1.6119633333333334,0.0010487231999999,0.0897685733105504
mp-999447-done,NaSmTe2,1.117,2.064,-1e+21,300.0,482000.0,-38.4,30.1,3.348953024262555,999447,1.6119633333333334,0.0007107379199999,0.0429802400666354
mp-999127-done,NaTbSe2,1.795,2.672,1e+21,300.0,122000.0,77.6,7.6,0.9018223398479188,999127,3.599633333333333,0.0007346547199999,0.0489611432392962
mp-999127-done,NaTbSe2,1.795,2.672,5e+20,300.0,69300.0,101.0,8.6,0.4938088826832017,999127,3.599633333333333,0.0007069293,0.05180940118568
mp-999127-done,NaTbSe2,1.795,2.672,1e+20,300.0,18500.0,186.0,11.5,0.1182218723768191,999127,3.599633333333333,0.000640026,0.0516447761884595
mp-999127-done,NaTbSe2,1.795,2.672,5e+19,300.0,9980.0,235.0,12.5,0.0621258551794022,999127,3.599633333333333,0.0005511455,0.0451541571927225
mp-999127-done,NaTbSe2,1.795,2.672,1e+19,300.0,2240.0,362.0,14.0,0.0134576295536396,999127,3.599633333333333,0.0002935385599999,0.0243729175114943
mp-999127-done,NaTbSe2,1.795,2.672,5e+18,300.0,1160.0,419.0,14.5,0.0069242347056391,999127,3.599633333333333,0.00020365076,0.0169400395938279
mp-999127-done,NaTbSe2,1.795,2.672,1e+18,300.0,248.0,553.0,15.5,0.0014667290085437,999127,3.599633333333333,7.5840632e-05,0.0063181220199706
mp-999127-done,NaTbSe2,1.795,2.672,-1e+18,300.0,722.0,-515.0,45.1,0.0040022329798038,999127,3.599633333333333,0.0001914924499999,0.015941605066004
mp-999127-done,NaTbSe2,1.795,2.672,-5e+18,300.0,3450.0,-380.0,43.1,0.0193077919511942,999127,3.599633333333333,0.0004981799999999,0.0412977152227696
mp-999127-done,NaTbSe2,1.795,2.672,-1e+19,300.0,6790.0,-322.0,42.4,0.0383157597644588,999127,3.599633333333333,0.0007040143599999,0.0580558723047234
mp-999127-done,NaTbSe2,1.795,2.672,-5e+19,300.0,32300.0,-193.0,40.3,0.1900780331708427,999127,3.599633333333333,0.0012031427,0.0952428232899837
mp-999127-done,NaTbSe2,1.795,2.672,-1e+20,300.0,62000.0,-146.0,38.7,0.3768007711909507,999127,3.599633333333333,0.001321592,0.0997068201253223
mp-999127-done,NaTbSe2,1.795,2.672,-5e+20,300.0,265000.0,-61.0,33.1,1.7582105179304914,999127,3.599633333333333,0.000986065,0.0552124153320035
mp-999127-done,NaTbSe2,1.795,2.672,-1e+21,300.0,462000.0,-39.3,28.8,3.161732821417186,999127,3.599633333333333,0.0007135543799999,0.0316602161605413
mp-3056-done,NaTlO2,0.708,0.813,1e+21,300.0,126000.0,147.0,7.8,0.8870146734223877,3056,5.325333333333333,0.0027227339999999,0.1314833295095035
mp-3056-done,NaTlO2,0.708,0.813,5e+20,300.0,71400.0,185.0,8.9,0.4827376879901557,3056,5.325333333333333,0.002443665,0.1262208222503704
mp-3056-done,NaTlO2,0.708,0.813,1e+20,300.0,17400.0,306.0,10.8,0.1085981387625373,3056,5.325333333333333,0.0016292664,0.0899495922077716
mp-3056-done,NaTlO2,0.708,0.813,5e+19,300.0,9320.0,363.0,11.6,0.0569968676659384,3056,5.325333333333333,0.00122808708,0.0684510444809942
mp-3056-done,NaTlO2,0.708,0.813,1e+19,300.0,2220.0,494.0,13.8,0.0129986655673712,3056,5.325333333333333,0.0005417599199999,0.0304454604984175
mp-3056-done,NaTlO2,0.708,0.813,5e+18,300.0,1180.0,551.0,14.7,0.0068300487926872,3056,5.325333333333333,0.00035824918,0.0201559378994775
mp-3056-done,NaTlO2,0.708,0.813,1e+18,300.0,263.0,683.0,16.4,0.0014859808377842,3056,5.325333333333333,0.000122686607,0.0069095608334384
mp-3056-done,NaTlO2,0.708,0.813,-1e+18,300.0,5210.0,-292.0,325.1,0.0287883853078375,3056,5.325333333333333,0.00044422544,0.0248906616254182
mp-3056-done,NaTlO2,0.708,0.813,-5e+18,300.0,18800.0,-185.0,234.9,0.1166797470453468,3056,5.325333333333333,0.00064343,0.0354701462765628
mp-3056-done,NaTlO2,0.708,0.813,-1e+19,300.0,32700.0,-146.0,204.0,0.2095044683670348,3056,5.325333333333333,0.0006970332,0.0377806843654495
mp-3056-done,NaTlO2,0.708,0.813,-5e+19,300.0,128000.0,-71.5,159.7,0.8600413666476129,3056,5.325333333333333,0.000654368,0.0317378347346693
mp-3056-done,NaTlO2,0.708,0.813,-1e+20,300.0,226000.0,-49.2,140.8,1.5458425296107203,3056,5.325333333333333,0.00054706464,0.0238851974208793
mp-3056-done,NaTlO2,0.708,0.813,-5e+20,300.0,656000.0,-21.2,81.9,4.66333326804073,3056,5.325333333333333,0.0002948326399999,0.0088550149414139
mp-3056-done,NaTlO2,0.708,0.813,-1e+21,300.0,966000.0,-14.5,60.3,6.881107200937694,3056,5.325333333333333,0.0002031015,0.0049916640177724
mp-754825-done,NaTmO2,,4.378,1e+21,300.0,49500.0,174.0,3.1,0.2800867215231615,754825,1.7245333333333337,0.001498662,0.2242812042665039
mp-754825-done,NaTmO2,,4.378,5e+20,300.0,26500.0,226.0,3.3,0.1431370579363425,754825,1.7245333333333337,0.0013535139999999,0.2174121311223052
mp-754825-done,NaTmO2,,4.378,1e+20,300.0,5760.0,362.0,3.6,0.0300487110704876,754825,1.7245333333333337,0.0007548134399999,0.1290586739572569
mp-754825-done,NaTmO2,,4.378,5e+19,300.0,3050.0,420.0,3.8,0.0156043692659893,754825,1.7245333333333337,0.0005380199999999,0.092754728409637
mp-754825-done,NaTmO2,,4.378,1e+19,300.0,729.0,551.0,4.6,0.0034948500321804,754825,1.7245333333333337,0.0002213251289999,0.0384238748760763
mp-754825-done,NaTmO2,,4.378,5e+18,300.0,391.0,607.0,4.9,0.0018247305200929,754825,1.7245333333333337,0.000144063559,0.0250348224999917
mp-754825-done,NaTmO2,,4.378,1e+18,300.0,88.2,739.0,5.5,0.000392851459931,754825,1.7245333333333337,4.81678722e-05,0.0083773797321836
mp-754825-done,NaTmO2,,4.378,-1e+18,300.0,1980.0,-342.0,123.9,0.0101385437963608,754825,1.7245333333333337,0.0002315887199999,0.0400517336540503
mp-754825-done,NaTmO2,,4.378,-5e+18,300.0,8000.0,-223.0,99.9,0.0444884402762502,754825,1.7245333333333337,0.000397832,0.0674664392380395
mp-754825-done,NaTmO2,,4.378,-1e+19,300.0,14200.0,-177.0,88.6,0.0826416271556804,754825,1.7245333333333337,0.0004448717999999,0.073850923633789
mp-754825-done,NaTmO2,,4.378,-5e+19,300.0,53000.0,-91.7,66.2,0.3399511645062079,754825,1.7245333333333337,0.0004456711699999,0.06476258414141
mp-754825-done,NaTmO2,,4.378,-1e+20,300.0,94800.0,-65.2,59.2,0.6334882742953704,754825,1.7245333333333337,0.0004029985919999,0.0512716156666393
mp-754825-done,NaTmO2,,4.378,-5e+20,300.0,385000.0,-48.2,48.0,2.818980640215951,754825,1.7245333333333337,0.0008944474,0.0590587421018502
mp-754825-done,NaTmO2,,4.378,-1e+21,300.0,591000.0,-42.0,36.9,4.060572873406369,754825,1.7245333333333337,0.001042524,0.0540624819706222
mp-9076-done,NaTmS2,2.325,3.192,1e+21,300.0,112000.0,93.7,7.0,0.8427145541409425,9076,4.243799999999999,0.00098332528,0.057996016891339
mp-9076-done,NaTmS2,2.325,3.192,5e+20,300.0,65100.0,113.0,8.1,0.4731424836318679,9076,4.243799999999999,0.0008312618999999,0.0528686900180215
mp-9076-done,NaTmS2,2.325,3.192,1e+20,300.0,17800.0,194.0,11.1,0.1104336990457654,9076,4.243799999999999,0.0006699208,0.0461565120044071
mp-9076-done,NaTmS2,2.325,3.192,5e+19,300.0,9530.0,244.0,11.9,0.0570766128388464,9076,4.243799999999999,0.00056737808,0.0395764490178314
mp-9076-done,NaTmS2,2.325,3.192,1e+19,300.0,2130.0,373.0,13.3,0.0122547718018155,9076,4.243799999999999,0.0002963447699999,0.0208886952275598
mp-9076-done,NaTmS2,2.325,3.192,5e+18,300.0,1110.0,430.0,13.9,0.0063327683785661,9076,4.243799999999999,0.000205239,0.014487006254981
mp-9076-done,NaTmS2,2.325,3.192,1e+18,300.0,242.0,563.0,15.1,0.001356520645084,9076,4.243799999999999,7.670649800000001e-05,0.0054207540494886
mp-9076-done,NaTmS2,2.325,3.192,-1e+18,300.0,767.0,-519.0,47.9,0.0040518125809485,9076,4.243799999999999,0.0002065998869999,0.0145908964894685
mp-9076-done,NaTmS2,2.325,3.192,-5e+18,300.0,3660.0,-383.0,45.6,0.019619215227069,9076,4.243799999999999,0.00053688174,0.0377782511803549
mp-9076-done,NaTmS2,2.325,3.192,-1e+19,300.0,7180.0,-324.0,44.8,0.0389680461885847,9076,4.243799999999999,0.0007537276799999,0.0527972333690128
mp-9076-done,NaTmS2,2.325,3.192,-5e+19,300.0,33300.0,-196.0,41.5,0.1898323377733959,9076,4.243799999999999,0.0012792527999999,0.0865601409323681
mp-9076-done,NaTmS2,2.325,3.192,-1e+20,300.0,62200.0,-149.0,38.8,0.3689929810707816,9076,4.243799999999999,0.0013809022,0.0898090726594528
mp-9076-done,NaTmS2,2.325,3.192,-5e+20,300.0,253000.0,-67.3,31.6,1.6818850290534806,9076,4.243799999999999,0.0011459103699999,0.0580140708313822
mp-9076-done,NaTmS2,2.325,3.192,-1e+21,300.0,458000.0,-44.7,28.6,3.1048302791018365,9076,4.243799999999999,0.00091512522,0.0373590118937858
mp-23058-done,Nd2Cl2O2,4.688,4.689,1e+21,300.0,18300.0,172.0,1.1,0.1065431802230894,23058,6.811733333333334,0.0005413871999999,0.0234763903526715
mp-23058-done,Nd2Cl2O2,4.688,4.689,5e+20,300.0,10100.0,217.0,1.3,0.0567206166645474,23058,6.811733333333334,0.0004755988999999,0.0207731857909615
mp-23058-done,Nd2Cl2O2,4.688,4.689,1e+20,300.0,2260.0,342.0,1.4,0.0121111013400526,23058,6.811733333333334,0.0002643386399999,0.0116212485145502
mp-23058-done,Nd2Cl2O2,4.688,4.689,5e+19,300.0,1150.0,402.0,1.4,0.0061044442574943,23058,6.811733333333334,0.0001858445999999,0.0081775750345986
mp-23058-done,Nd2Cl2O2,4.688,4.689,1e+19,300.0,242.0,540.0,1.5,0.0012461360542805,23058,6.811733333333334,7.05672e-05,0.0031073277257215
mp-23058-done,Nd2Cl2O2,4.688,4.689,5e+18,300.0,124.0,598.0,1.5,0.0006318250478817,23058,6.811733333333334,4.4342896e-05,0.0019527533376031
mp-23058-done,Nd2Cl2O2,4.688,4.689,1e+18,300.0,26.2,734.0,1.6,0.0001308515084702,23058,6.811733333333334,1.4115407199999996e-05,0.0006216539327697
mp-23058-done,Nd2Cl2O2,4.688,4.689,-1e+18,300.0,310.0,-382.0,19.3,0.0016121335675619,23058,6.811733333333334,4.523644e-05,0.0019918162180278
mp-23058-done,Nd2Cl2O2,4.688,4.689,-5e+18,300.0,1370.0,-257.0,17.1,0.0075552955106985,23058,6.811733333333334,9.048713e-05,0.0039807875098845
mp-23058-done,Nd2Cl2O2,4.688,4.689,-1e+19,300.0,2550.0,-207.0,15.9,0.0145737354910736,23058,6.811733333333334,0.0001092649499999,0.004801935317219
mp-23058-done,Nd2Cl2O2,4.688,4.689,-5e+19,300.0,11000.0,-110.0,13.8,0.0689748650307597,23058,6.811733333333334,0.0001330999999999,0.00580318171456
mp-23058-done,Nd2Cl2O2,4.688,4.689,-1e+20,300.0,21700.0,-78.2,13.5,0.1398318588173108,23058,6.811733333333334,0.000132700708,0.0057267983971367
mp-23058-done,Nd2Cl2O2,4.688,4.689,-5e+20,300.0,102000.0,-24.8,12.7,0.6958832894592929,23058,6.811733333333334,6.273407999999999e-05,0.0025068174023248
mp-23058-done,Nd2Cl2O2,4.688,4.689,-1e+21,300.0,160000.0,-25.4,10.0,1.1855970738970354,23058,6.811733333333334,0.0001032255999999,0.0038722521670446
mp-1207192-done,Nd2H2Se2,,1.928,1e+21,300.0,543000.0,27.7,33.9,3.266145542426315,1207192,18.137,0.0004166384699999,0.0058398678246711
mp-1207192-done,Nd2H2Se2,,1.928,5e+20,300.0,323000.0,48.1,40.3,2.01148526615903,1207192,18.137,0.0007472960299999,0.0111268319200407
mp-1207192-done,Nd2H2Se2,,1.928,1e+20,300.0,115000.0,67.7,71.5,0.6603176705865998,1207192,18.137,0.00052707835,0.0084120249373359
mp-1207192-done,Nd2H2Se2,,1.928,5e+19,300.0,72400.0,101.0,90.4,0.371893430206361,1207192,18.137,0.0007385524,0.0119707707451816
mp-1207192-done,Nd2H2Se2,,1.928,1e+19,300.0,22700.0,220.0,141.6,0.0880489241623104,1207192,18.137,0.0010986799999999,0.0180852189407837
mp-1207192-done,Nd2H2Se2,,1.928,5e+18,300.0,13300.0,276.0,165.5,0.0482156330269929,1207192,18.137,0.0010131407999999,0.0167137000810684
mp-1207192-done,Nd2H2Se2,,1.928,1e+18,300.0,3910.0,404.0,244.0,0.0125956192233472,1207192,18.137,0.00063817456,0.0105485748562475
mp-1207192-done,Nd2H2Se2,,1.928,-1e+18,300.0,3490.0,-381.0,218.0,0.013993625107463,1207192,18.137,0.0005066118899999,0.0083732918505209
mp-1207192-done,Nd2H2Se2,,1.928,-5e+18,300.0,12700.0,-257.0,158.0,0.0572240561629634,1207192,18.137,0.0008388223,0.0138311306502108
mp-1207192-done,Nd2H2Se2,,1.928,-1e+19,300.0,21800.0,-208.0,136.0,0.1033731050438948,1207192,18.137,0.0009431552,0.0155121037475795
mp-1207192-done,Nd2H2Se2,,1.928,-5e+19,300.0,70200.0,-114.0,87.7,0.372837470283424,1207192,18.137,0.0009123191999999,0.0147865026064855
mp-1207192-done,Nd2H2Se2,,1.928,-1e+20,300.0,111000.0,-86.8,69.4,0.62763675156208,1207192,18.137,0.0008363006399999,0.0133703729692014
mp-1207192-done,Nd2H2Se2,,1.928,-5e+20,300.0,342000.0,-48.3,42.7,2.1715431944983496,1207192,18.137,0.0007978483799999,0.0117859026965957
mp-1207192-done,Nd2H2Se2,,1.928,-1e+21,300.0,649000.0,-33.4,40.5,4.148244329569642,1207192,18.137,0.0007239984399999,0.0097463383747502
mp-5634-done,Nd2O2F2,4.58,4.581,1e+21,300.0,26400.0,116.0,1.6,0.1394339704471713,5634,10.455966666666669,0.0003552384,0.0100582812911008
mp-5634-done,Nd2O2F2,4.58,4.581,5e+20,300.0,14600.0,159.0,1.8,0.0682578864041878,5634,10.455966666666669,0.0003691025999999,0.0105215143825166
mp-5634-done,Nd2O2F2,4.58,4.581,1e+20,300.0,3210.0,291.0,2.0,0.0124450208101739,5634,10.455966666666669,0.00027182601,0.0077898926250248
mp-5634-done,Nd2O2F2,4.58,4.581,5e+19,300.0,1630.0,351.0,2.0,0.0061167874505885,5634,10.455966666666669,0.0002008176299999,0.0057584408750114
mp-5634-done,Nd2O2F2,4.58,4.581,1e+19,300.0,365.0,486.0,2.3,0.0012525030266702,5634,10.455966666666669,8.621154e-05,0.0024732638362363
mp-5634-done,Nd2O2F2,4.58,4.581,5e+18,300.0,194.0,542.0,2.4,0.0006407788199995,5634,10.455966666666669,5.699021599999999e-05,0.0016350489285489
mp-5634-done,Nd2O2F2,4.58,4.581,1e+18,300.0,43.4,675.0,2.7,0.0001341661135827,5634,10.455966666666669,1.9774125e-05,0.0005673470058171
mp-5634-done,Nd2O2F2,4.58,4.581,-1e+18,300.0,115.0,-610.0,7.2,0.0003901027931733,5634,10.455966666666669,4.279149999999999e-05,0.0012277172903563
mp-5634-done,Nd2O2F2,4.58,4.581,-5e+18,300.0,510.0,-478.0,6.4,0.0018564999608638,5634,10.455966666666669,0.0001165268399999,0.003342765644721
mp-5634-done,Nd2O2F2,4.58,4.581,-1e+19,300.0,967.0,-420.0,6.0,0.0036462127125335,5634,10.455966666666669,0.0001705787999999,0.0048924984691218
mp-5634-done,Nd2O2F2,4.58,4.581,-5e+19,300.0,4510.0,-283.0,5.6,0.0182721075633406,5634,10.455966666666669,0.00036120139,0.0103454216898894
mp-5634-done,Nd2O2F2,4.58,4.581,-1e+20,300.0,8770.0,-225.0,5.5,0.0373721944271367,5634,10.455966666666669,0.00044398125,0.0126932310833728
mp-5634-done,Nd2O2F2,4.58,4.581,-5e+20,300.0,35800.0,-115.0,4.5,0.1930613803372293,5634,10.455966666666669,0.0004734549999999,0.0133379778298106
mp-5634-done,Nd2O2F2,4.58,4.581,-1e+21,300.0,68600.0,-78.1,4.3,0.3909295710806506,5634,10.455966666666669,0.0004184332459999,0.0115728933925932
mp-5760-done,Nd2S2F2,,1.172,1e+21,300.0,93000.0,81.8,5.8,0.6133157770658543,5760,6.357966666666667,0.00062228532,0.0267792328752707
mp-5760-done,Nd2S2F2,,1.172,5e+20,300.0,56700.0,112.0,7.1,0.3646764266090431,5760,6.357966666666667,0.0007112447999999,0.0317395162943271
mp-5760-done,Nd2S2F2,,1.172,1e+20,300.0,17900.0,179.0,11.2,0.1068543204181439,5760,6.357966666666667,0.0005735339,0.0266148390409781
mp-5760-done,Nd2S2F2,,1.172,5e+19,300.0,10400.0,218.0,12.9,0.0589001816505682,5760,6.357966666666667,0.0004942496,0.0231070526325294
mp-5760-done,Nd2S2F2,,1.172,1e+19,300.0,2460.0,337.0,15.3,0.0130396025974014,5760,6.357966666666667,0.00027937974,0.0131555233910767
mp-5760-done,Nd2S2F2,,1.172,5e+18,300.0,1290.0,393.0,16.1,0.0067344499753013,5760,6.357966666666667,0.0001992392099999,0.0093911343053773
mp-5760-done,Nd2S2F2,,1.172,1e+18,300.0,290.0,524.0,18.1,0.0014502716197466,5760,6.357966666666667,7.962703999999999e-05,0.0037563368201545
mp-5760-done,Nd2S2F2,,1.172,-1e+18,300.0,627.0,-362.0,39.1,0.0035101502265147,5760,6.357966666666667,8.216458799999998e-05,0.0038747883721815
mp-5760-done,Nd2S2F2,,1.172,-5e+18,300.0,2740.0,-239.0,34.2,0.016224098047077,5760,6.357966666666667,0.0001565115399999,0.0073661839962329
mp-5760-done,Nd2S2F2,,1.172,-1e+19,300.0,5100.0,-192.0,31.8,0.0309980703827438,5760,6.357966666666667,0.0001880064,0.0088280218034272
mp-5760-done,Nd2S2F2,,1.172,-5e+19,300.0,22500.0,-98.8,28.1,0.1458469692143925,5760,6.357966666666667,0.0002196323999999,0.0101309360459625
mp-5760-done,Nd2S2F2,,1.172,-1e+20,300.0,44100.0,-67.4,27.5,0.2875766038012331,5760,6.357966666666667,0.000200335716,0.0090437624666566
mp-5760-done,Nd2S2F2,,1.172,-5e+20,300.0,181000.0,-22.6,22.6,1.2775945111222204,5760,6.357966666666667,9.244756e-05,0.003632250119438
mp-5760-done,Nd2S2F2,,1.172,-1e+21,300.0,308000.0,-15.1,19.2,2.201593155728763,5760,6.357966666666667,7.022708e-05,0.0024613560086205
mp-1018818-done,Nd2Te2Cl2,,0.388,1e+21,300.0,221000.0,27.6,13.8,1.4891587923275944,1018818,3.933233333333334,0.0001683489599999,0.0093140973263371
mp-1018818-done,Nd2Te2Cl2,,0.388,5e+20,300.0,157000.0,55.7,19.6,0.9727780976698772,1018818,3.933233333333334,0.0004870909299999,0.0297853523284777
mp-1018818-done,Nd2Te2Cl2,,0.388,1e+20,300.0,49400.0,123.0,30.8,0.3168316651021293,1018818,3.933233333333334,0.0007473725999999,0.0527549061208492
mp-1018818-done,Nd2Te2Cl2,,0.388,5e+19,300.0,28600.0,163.0,35.7,0.1755628210949216,1018818,3.933233333333334,0.0007598734,0.055481462557911
mp-1018818-done,Nd2Te2Cl2,,0.388,1e+19,300.0,6970.0,279.0,43.5,0.0399938265454815,1018818,3.933233333333334,0.00054255177,0.0409655739403947
mp-1018818-done,Nd2Te2Cl2,,0.388,5e+18,300.0,3670.0,334.0,45.8,0.0207744638696708,1018818,3.933233333333334,0.00040941052,0.0310629524015817
mp-1018818-done,Nd2Te2Cl2,,0.388,1e+18,300.0,802.0,466.0,50.1,0.0044661510150667,1018818,3.933233333333334,0.000174159112,0.0132685934535316
mp-1018818-done,Nd2Te2Cl2,,0.388,-1e+18,300.0,1020.0,-368.0,63.4,0.005780839741338,1018818,3.933233333333334,0.00013813248,0.0105203338142988
mp-1018818-done,Nd2Te2Cl2,,0.388,-5e+18,300.0,4580.0,-242.0,57.1,0.0268757598437831,1018818,3.933233333333334,0.00026822312,0.0203193735593387
mp-1018818-done,Nd2Te2Cl2,,0.388,-1e+19,300.0,8620.0,-192.0,53.8,0.0517478441640444,1018818,3.933233333333334,0.00031776768,0.0239223975607003
mp-1018818-done,Nd2Te2Cl2,,0.388,-5e+19,300.0,36200.0,-94.8,45.2,0.2403632686907245,1018818,3.933233333333334,0.0003253308479999,0.0233849276071955
mp-1018818-done,Nd2Te2Cl2,,0.388,-1e+20,300.0,66400.0,-66.0,41.4,0.4600081020348752,1018818,3.933233333333334,0.0002892383999999,0.0197511384877251
mp-1018818-done,Nd2Te2Cl2,,0.388,-5e+20,300.0,279000.0,-27.0,34.8,1.9792054140368711,1018818,3.933233333333334,0.0002033909999999,0.010320157655267
mp-1018818-done,Nd2Te2Cl2,,0.388,-1e+21,300.0,488000.0,-15.4,30.4,3.5102283306148947,1018818,3.933233333333334,0.0001157340799999,0.0046645264753809
mp-1206278-done,NdInCu4,0.022,0.551,1e+21,300.0,1900000.0,72.1,118.4,11.478231550202624,1206278,2.9655,0.0098769789999999,0.2051473810421519
mp-1206278-done,NdInCu4,0.022,0.551,5e+20,300.0,1120000.0,105.0,139.8,7.222125003706329,1206278,2.9655,0.0123479999999999,0.3636176241913384
mp-1206278-done,NdInCu4,0.022,0.551,1e+20,300.0,315000.0,158.0,183.2,3.4819845342049303,1206278,2.9655,0.00786366,0.36589432475326
mp-1206278-done,NdInCu4,0.022,0.551,5e+19,300.0,216000.0,137.0,204.7,4.086345597909634,1206278,2.9655,0.0040541039999999,0.1724699134593212
mp-1206278-done,NdInCu4,0.022,0.551,1e+19,300.0,208000.0,-6.03,254.6,5.74832858418786,1206278,2.9655,7.5630672e-06,0.0002603815461916
mp-1206278-done,NdInCu4,0.022,0.551,5e+18,300.0,226000.0,-34.5,267.3,5.929918806997775,1206278,2.9655,0.0002689965,0.0090719674644791
mp-1206278-done,NdInCu4,0.022,0.551,1e+18,300.0,248000.0,-56.5,279.3,6.04879327338298,1206278,2.9655,0.0007916779999999,0.026347423230755
mp-1206278-done,NdInCu4,0.022,0.551,-1e+18,300.0,251000.0,-64.4,554.3,5.97621462564284,1206278,2.9655,0.00104098736,0.0349257632428129
mp-1206278-done,NdInCu4,0.022,0.551,-5e+18,300.0,241000.0,-75.5,504.0,5.597975031009969,1206278,2.9655,0.0013737602499999,0.0481262657399684
mp-1206278-done,NdInCu4,0.022,0.551,-1e+19,300.0,233000.0,-89.5,455.6,5.161869217114344,1206278,2.9655,0.0018663882499999,0.0688927080882355
mp-1206278-done,NdInCu4,0.022,0.551,-5e+19,300.0,283000.0,-140.0,303.9,3.222612160264429,1206278,2.9655,0.0055467999999999,0.2689091530507848
mp-1206278-done,NdInCu4,0.022,0.551,-1e+20,300.0,419000.0,-126.0,254.0,3.175909179036711,1206278,2.9655,0.0066520439999999,0.324943859271234
mp-1206278-done,NdInCu4,0.022,0.551,-5e+20,300.0,1310000.0,-60.8,163.1,8.945503621607338,1206278,2.9655,0.0048425983999999,0.1219695305410312
mp-1206278-done,NdInCu4,0.022,0.551,-1e+21,300.0,2110000.0,-40.2,131.9,14.56936067641611,1206278,2.9655,0.0034098444,0.0583382633530612
mp-3664-done,NdTlS2,1.619,2.326,1e+21,300.0,256000.0,21.1,16.0,1.8744740135134148,3664,2.434133333333333,0.00011397376,0.0079357725704625
mp-3664-done,NdTlS2,1.619,2.326,5e+20,300.0,171000.0,24.9,21.3,1.1725004126044445,3664,2.434133333333333,0.0001060217099999,0.0088188918644135
mp-3664-done,NdTlS2,1.619,2.326,1e+20,300.0,44300.0,66.6,27.7,0.2982551969575258,3664,2.434133333333333,0.0001964953079999,0.0215740154617378
mp-3664-done,NdTlS2,1.619,2.326,5e+19,300.0,22900.0,94.6,28.6,0.1497789137120747,3664,2.434133333333333,0.0002049357639999,0.0237936598931602
mp-3664-done,NdTlS2,1.619,2.326,1e+19,300.0,4820.0,191.0,30.1,0.0295056616273759,3664,2.434133333333333,0.0001758384199999,0.0214120356545222
mp-3664-done,NdTlS2,1.619,2.326,5e+18,300.0,2460.0,241.0,30.8,0.014920174512574,3664,2.434133333333333,0.0001428792599999,0.0175021810926749
mp-3664-done,NdTlS2,1.619,2.326,1e+18,300.0,516.0,369.0,32.2,0.0030930045219106,3664,2.434133333333333,7.025907599999999e-05,0.0086482418446816
mp-3664-done,NdTlS2,1.619,2.326,-1e+18,300.0,183.0,-603.0,11.4,0.0010708090190795,3664,2.434133333333333,6.654044700000001e-05,0.0081973144480267
mp-3664-done,NdTlS2,1.619,2.326,-5e+18,300.0,879.0,-468.0,11.0,0.0051644065833954,3664,2.434133333333333,0.0001925220959999,0.0236775641836743
mp-3664-done,NdTlS2,1.619,2.326,-1e+19,300.0,1730.0,-410.0,10.8,0.0101927830517796,3664,2.434133333333333,0.000290813,0.0356924141239484
mp-3664-done,NdTlS2,1.619,2.326,-5e+19,300.0,8280.0,-275.0,10.3,0.0499126814402697,3664,2.434133333333333,0.0006261749999999,0.0756235991131955
mp-3664-done,NdTlS2,1.619,2.326,-1e+20,300.0,16000.0,-221.0,10.0,0.0979081867742269,3664,2.434133333333333,0.0007814559999999,0.0925880551871879
mp-3664-done,NdTlS2,1.619,2.326,-5e+20,300.0,70700.0,-116.0,8.8,0.4440820397999359,3664,2.434133333333333,0.0009513392,0.0991592785807781
mp-3664-done,NdTlS2,1.619,2.326,-1e+21,300.0,137000.0,-80.4,8.5,0.8673253309545642,3664,2.434133333333333,0.00088558992,0.0804726040867468
mp-22964-done,Pb2Cl2F2,,3.596,1e+21,300.0,44900.0,98.9,2.8,0.2309593293089787,22964,1.4963,0.000439176329,0.0762785856555252
mp-22964-done,Pb2Cl2F2,,3.596,5e+20,300.0,26700.0,143.0,3.3,0.1278422432405234,22964,1.4963,0.0005459883,0.1008510742711732
mp-22964-done,Pb2Cl2F2,,3.596,1e+20,300.0,6520.0,262.0,4.1,0.0289831746945358,22964,1.4963,0.0004475588799999,0.088028024059768
mp-22964-done,Pb2Cl2F2,,3.596,5e+19,300.0,3380.0,319.0,4.2,0.0148250521424592,22964,1.4963,0.00034395218,0.068283994004139
mp-22964-done,Pb2Cl2F2,,3.596,1e+19,300.0,703.0,455.0,4.4,0.0030437009088514,22964,1.4963,0.000145538575,0.0291204561526045
mp-22964-done,Pb2Cl2F2,,3.596,5e+18,300.0,355.0,514.0,4.4,0.0015342709615681,22964,1.4963,9.378958000000002e-05,0.0187850382018144
mp-22964-done,Pb2Cl2F2,,3.596,1e+18,300.0,72.4,651.0,4.5,0.0003113070072582,22964,1.4963,3.06831924e-05,0.0061505333261225
mp-22964-done,Pb2Cl2F2,,3.596,-1e+18,300.0,275.0,-367.0,17.2,0.0016077257388378,22964,1.4963,3.7039475e-05,0.0074182423316624
mp-22964-done,Pb2Cl2F2,,3.596,-5e+18,300.0,1300.0,-240.0,16.2,0.0077898723664959,22964,1.4963,7.487999999999999e-05,0.0149352777468381
mp-22964-done,Pb2Cl2F2,,3.596,-1e+19,300.0,2490.0,-191.0,15.5,0.015321365918902,22964,1.4963,9.083769e-05,0.0180278657171759
mp-22964-done,Pb2Cl2F2,,3.596,-5e+19,300.0,11400.0,-98.5,14.2,0.0764120094867954,22964,1.4963,0.0001106056499999,0.0210983923310904
mp-22964-done,Pb2Cl2F2,,3.596,-1e+20,300.0,22500.0,-71.9,14.0,0.1575041737102263,22964,1.4963,0.000116316225,0.0210997577915861
mp-22964-done,Pb2Cl2F2,,3.596,-5e+20,300.0,118000.0,-42.4,14.8,0.945996696514943,22964,1.4963,0.0002121356799999,0.0260577284040807
mp-22964-done,Pb2Cl2F2,,3.596,-1e+21,300.0,232000.0,-44.6,14.5,1.6585967563672237,22964,1.4963,0.00046148512,0.0438827469458671
mp-1025029-done,Pr2H2Se2,,1.934,1e+21,300.0,508000.0,28.5,31.7,3.066066450212864,1025029,20.800666666666668,0.0004126229999999,0.00518658751467
mp-1025029-done,Pr2H2Se2,,1.934,5e+20,300.0,312000.0,50.6,39.0,1.9388861862479632,1025029,20.800666666666668,0.0007988323199999,0.0105388921915082
mp-1025029-done,Pr2H2Se2,,1.934,1e+20,300.0,117000.0,71.2,73.1,0.6560834272067048,1025029,20.800666666666668,0.0005931244799999,0.0082928376022227
mp-1025029-done,Pr2H2Se2,,1.934,5e+19,300.0,69200.0,108.0,86.4,0.3622188261281695,1025029,20.800666666666668,0.0008071488,0.011441948220267
mp-1025029-done,Pr2H2Se2,,1.934,1e+19,300.0,21200.0,226.0,132.5,0.0840949539165318,1025029,20.800666666666668,0.0010828111999999,0.0155540851220354
mp-1025029-done,Pr2H2Se2,,1.934,5e+18,300.0,12700.0,282.0,158.2,0.0461256513598113,1025029,20.800666666666668,0.0010099547999999,0.0145339597276063
mp-1025029-done,Pr2H2Se2,,1.934,1e+18,300.0,3910.0,412.0,244.3,0.012223414886843,1025029,20.800666666666668,0.00066369904,0.0095666537044978
mp-1025029-done,Pr2H2Se2,,1.934,-1e+18,300.0,3990.0,-353.0,248.8,0.0164923663307823,1025029,20.800666666666668,0.0004971899099999,0.0071650974450231
mp-1025029-done,Pr2H2Se2,,1.934,-5e+18,300.0,14200.0,-230.0,177.6,0.0669577660571175,1025029,20.800666666666668,0.0007511799999999,0.010799216783228
mp-1025029-done,Pr2H2Se2,,1.934,-1e+19,300.0,23600.0,-184.0,147.5,0.1184278267389155,1025029,20.800666666666668,0.0007990016,0.0114584539056201
mp-1025029-done,Pr2H2Se2,,1.934,-5e+19,300.0,66800.0,-107.0,83.4,0.3707655574994513,1025029,20.800666666666668,0.0007647932,0.0108371487375383
mp-1025029-done,Pr2H2Se2,,1.934,-1e+20,300.0,102000.0,-84.8,63.9,0.5982606339341383,1025029,20.800666666666668,0.0007334860799999,0.0102830305888179
mp-1025029-done,Pr2H2Se2,,1.934,-5e+20,300.0,325000.0,-49.0,40.6,2.069275510678612,1025029,20.800666666666668,0.000780325,0.010236033750531
mp-1025029-done,Pr2H2Se2,,1.934,-1e+21,300.0,614000.0,-34.3,38.3,3.960618058661268,1025029,20.800666666666668,0.0007223648599999,0.0087519472597599
mp-3992-done,Pr2S2F2,,1.195,1e+21,300.0,86300.0,88.7,5.4,0.5637976957256338,3992,6.302366666666667,0.000678981647,0.0296664168448523
mp-3992-done,Pr2S2F2,,1.195,5e+20,300.0,50000.0,119.0,6.2,0.3339971821940901,3992,6.302366666666667,0.0007080499999999,0.0320077387011314
mp-3992-done,Pr2S2F2,,1.195,1e+20,300.0,15400.0,185.0,9.6,0.0961940010086987,3992,6.302366666666667,0.000527065,0.0247117294360898
mp-3992-done,Pr2S2F2,,1.195,5e+19,300.0,8830.0,225.0,11.0,0.0525151221492408,3992,6.302366666666667,0.0004470187499999,0.0211027725544769
mp-3992-done,Pr2S2F2,,1.195,1e+19,300.0,2070.0,345.0,12.9,0.0115062777537475,3992,6.302366666666667,0.00024638175,0.0117066855241866
mp-3992-done,Pr2S2F2,,1.195,5e+18,300.0,1090.0,402.0,13.6,0.0059312495399348,3992,6.302366666666667,0.0001761483599999,0.0083769835701968
mp-3992-done,Pr2S2F2,,1.195,1e+18,300.0,244.0,533.0,15.2,0.0012736211311055,3992,6.302366666666667,6.931771599999999e-05,0.0032989374156159
mp-3992-done,Pr2S2F2,,1.195,-1e+18,300.0,611.0,-362.0,38.1,0.0034302881933138,3992,6.302366666666667,8.006788399999998e-05,0.0038092512924138
mp-3992-done,Pr2S2F2,,1.195,-5e+18,300.0,2680.0,-240.0,33.5,0.015861153111198,3992,6.302366666666667,0.0001543679999999,0.0073296502311938
mp-3992-done,Pr2S2F2,,1.195,-1e+19,300.0,4990.0,-192.0,31.2,0.0302945177256972,3992,6.302366666666667,0.00018395136,0.0087144103234215
mp-3992-done,Pr2S2F2,,1.195,-5e+19,300.0,22200.0,-97.9,27.7,0.1420775649643953,3992,6.302366666666667,0.000212773902,0.0099049923167454
mp-3992-done,Pr2S2F2,,1.195,-1e+20,300.0,42900.0,-66.5,26.8,0.2817500388441541,3992,6.302366666666667,0.000189714525,0.0086441902605346
mp-3992-done,Pr2S2F2,,1.195,-5e+20,300.0,177000.0,-21.4,22.1,1.243932003537342,3992,6.302366666666667,8.105891999999999e-05,0.0032224640267707
mp-3992-done,Pr2S2F2,,1.195,-1e+21,300.0,296000.0,-16.2,18.5,2.121954096448805,3992,6.302366666666667,7.768223999999998e-05,0.0027663562031061
mp-1018941-done,Pr2Te2Cl2,,0.397,1e+21,300.0,198000.0,31.3,12.3,1.4328364503326407,1018941,3.9868666666666654,0.00019397862,0.0107374121319434
mp-1018941-done,Pr2Te2Cl2,,0.397,5e+20,300.0,149000.0,51.9,18.6,0.9176417641259584,1018941,3.9868666666666654,0.0004013478899999,0.0245497318842433
mp-1018941-done,Pr2Te2Cl2,,0.397,1e+20,300.0,49100.0,127.0,30.6,0.304709894536444,1018941,3.9868666666666654,0.0007919339,0.0553596485142038
mp-1018941-done,Pr2Te2Cl2,,0.397,5e+19,300.0,28200.0,167.0,35.2,0.1725585265673024,1018941,3.9868666666666654,0.0007864698,0.0567244099939095
mp-1018941-done,Pr2Te2Cl2,,0.397,1e+19,300.0,6950.0,280.0,43.4,0.040331865330042,1018941,3.9868666666666654,0.0005448799999999,0.0405900028769934
mp-1018941-done,Pr2Te2Cl2,,0.397,5e+18,300.0,3680.0,334.0,45.9,0.0210183546526007,1018941,3.9868666666666654,0.00041052608,0.0307288815285076
mp-1018941-done,Pr2Te2Cl2,,0.397,1e+18,300.0,813.0,466.0,50.8,0.0045368105962143,1018941,3.9868666666666654,0.000176547828,0.0132696052157374
mp-1018941-done,Pr2Te2Cl2,,0.397,-1e+18,300.0,981.0,-368.0,61.2,0.0056906568118426,1018941,3.9868666666666654,0.000132850944,0.0099823947337282
mp-1018941-done,Pr2Te2Cl2,,0.397,-5e+18,300.0,4400.0,-242.0,55.0,0.0264601339722094,1018941,3.9868666666666654,0.0002576816,0.0192619449748507
mp-1018941-done,Pr2Te2Cl2,,0.397,-1e+19,300.0,8280.0,-192.0,51.7,0.0509229756722506,1018941,3.9868666666666654,0.00030523392,0.0226782928560283
mp-1018941-done,Pr2Te2Cl2,,0.397,-5e+19,300.0,35300.0,-97.4,44.0,0.2367431083245987,1018941,3.9868666666666654,0.000334882628,0.023786475018329
mp-1018941-done,Pr2Te2Cl2,,0.397,-1e+20,300.0,66400.0,-68.4,41.5,0.4607164555096507,1018941,3.9868666666666654,0.000310656384,0.0209545077944257
mp-1018941-done,Pr2Te2Cl2,,0.397,-5e+20,300.0,279000.0,-25.5,34.8,1.987715540963416,1018941,3.9868666666666654,0.00018141975,0.0091095783953718
mp-1018941-done,Pr2Te2Cl2,,0.397,-1e+21,300.0,499000.0,-13.7,31.1,3.5270265042336644,1018941,3.9868666666666654,9.365730999999998e-05,0.0037393655141138
mp-1115-done,PtSe2,0.083,0.547,1e+21,300.0,213000.0,50.0,13.3,1.4801049309941332,1115,4.807153333333333,0.0005324999999999,0.0254085315544228
mp-1115-done,PtSe2,0.083,0.547,5e+20,300.0,122000.0,94.4,15.3,0.7798185863415291,1115,4.807153333333333,0.00108718592,0.0583779157456336
mp-1115-done,PtSe2,0.083,0.547,1e+20,300.0,32100.0,154.0,18.5,0.5192250393706558,1115,4.807153333333333,0.0007612836,0.0428781179291357
mp-1115-done,PtSe2,0.083,0.547,5e+19,300.0,21600.0,69.5,19.7,0.6960066222764002,1115,4.807153333333333,0.0001043333999999,0.0056876449626116
mp-1115-done,PtSe2,0.083,0.547,1e+19,300.0,32500.0,-200.0,25.8,0.8181373811461427,1115,4.807153333333333,0.0012999999999999,0.0693297501933742
mp-1115-done,PtSe2,0.083,0.547,5e+18,300.0,50600.0,-226.0,30.0,0.8595739077552428,1115,4.807153333333333,0.0025844455999999,0.1368221280138813
mp-1115-done,PtSe2,0.083,0.547,1e+18,300.0,92700.0,-229.0,36.6,0.9944689625268472,1115,4.807153333333333,0.0048612807,0.2513752422388214
mp-1115-done,PtSe2,0.083,0.547,-1e+18,300.0,103000.0,-226.0,779.6,0.9794002663652468,1115,4.807153333333333,0.0052608279999999,0.2727441080096761
mp-1115-done,PtSe2,0.083,0.547,-5e+18,300.0,82500.0,-224.0,489.0,0.7604102863346709,1115,4.807153333333333,0.00413952,0.2230519639888825
mp-1115-done,PtSe2,0.083,0.547,-1e+19,300.0,79500.0,-215.0,355.7,0.647760676756486,1115,4.807153333333333,0.0036748874999999,0.2021051565543958
mp-1115-done,PtSe2,0.083,0.547,-5e+19,300.0,158000.0,-138.0,194.6,0.963590118672236,1115,4.807153333333333,0.0030089519999999,0.1564244897572513
mp-1115-done,PtSe2,0.083,0.547,-1e+20,300.0,247000.0,-98.4,154.2,1.5400822375111047,1115,4.807153333333333,0.00239159232,0.1130378237883089
mp-1115-done,PtSe2,0.083,0.547,-5e+20,300.0,740000.0,-37.3,92.4,5.336854590952679,1115,4.807153333333333,0.0010295545999999,0.0304481603627798
mp-1115-done,PtSe2,0.083,0.547,-1e+21,300.0,1080000.0,-32.5,67.6,8.318273784506813,1115,4.807153333333333,0.0011407499999999,0.026073437224364
mp-696804-done,Rb2H2S2,,3.173,1e+21,300.0,52700.0,84.1,3.3,0.3215008222969636,696804,1.3816,0.0003727370869999,0.0656573730903126
mp-696804-done,Rb2H2S2,,3.173,5e+20,300.0,35100.0,117.0,4.4,0.2137433475814795,696804,1.3816,0.0004804838999999,0.0903536973520416
mp-696804-done,Rb2H2S2,,3.173,1e+20,300.0,11400.0,221.0,7.1,0.0635413677718119,696804,1.3816,0.0005567873999999,0.1155846920758447
mp-696804-done,Rb2H2S2,,3.173,5e+19,300.0,6510.0,275.0,8.1,0.0349862765254125,696804,1.3816,0.0004923187499999,0.1042616517239149
mp-696804-done,Rb2H2S2,,3.173,1e+19,300.0,1690.0,404.0,10.5,0.0084151803591508,696804,1.3816,0.00027583504,0.0595320922888187
mp-696804-done,Rb2H2S2,,3.173,5e+18,300.0,931.0,459.0,11.6,0.0045195431739327,696804,1.3816,0.0001961440109999,0.042451752152077
mp-696804-done,Rb2H2S2,,3.173,1e+18,300.0,69.2,626.0,4.3,0.0004086138949709,696804,1.3816,2.7117819199999995e-05,0.0058866100241385
mp-696804-done,Rb2H2S2,,3.173,-1e+18,300.0,3060.0,-369.0,191.1,0.0174221792108333,696804,1.3816,0.0004166526599999,0.0893451153651318
mp-696804-done,Rb2H2S2,,3.173,-5e+18,300.0,11900.0,-248.0,149.0,0.0720674798585493,696804,1.3816,0.0007318976,0.1510450519408781
mp-696804-done,Rb2H2S2,,3.173,-1e+19,300.0,20900.0,-201.0,130.3,0.1291787165041293,696804,1.3816,0.0008443808999999,0.1676713255440394
mp-696804-done,Rb2H2S2,,3.173,-5e+19,300.0,74500.0,-102.0,93.0,0.4847997148600688,696804,1.3816,0.000775098,0.1245871386223575
mp-696804-done,Rb2H2S2,,3.173,-1e+20,300.0,125000.0,-69.3,78.0,0.8543450523926772,696804,1.3816,0.0006003112499999,0.0805446336023565
mp-696804-done,Rb2H2S2,,3.173,-5e+20,300.0,360000.0,-22.4,44.9,2.529880388737507,696804,1.3816,0.0001806335999999,0.013854110110331
mp-696804-done,Rb2H2S2,,3.173,-1e+21,300.0,485000.0,-11.8,30.3,3.593232888236354,696804,1.3816,6.75314e-05,0.0040723820186816
mp-5072-done,Rb2HgO2,,2.09,1e+21,300.0,53600.0,188.0,3.3,0.3387497182410771,5072,2.9282,0.0018944383999999,0.1739639630284727
mp-5072-done,Rb2HgO2,,2.09,1e+21,300.0,53600.0,188.0,3.3,0.3387497182410771,5072,2.9282,0.0018944383999999,0.1739639630284727
mp-5072-done,Rb2HgO2,,2.09,5e+20,300.0,26900.0,238.0,3.4,0.17764895844945,5072,2.9282,0.0015237235999999,0.1471794302026133
mp-5072-done,Rb2HgO2,,2.09,1e+20,300.0,5680.0,371.0,3.5,0.0378981208364034,5072,2.9282,0.0007818008799999,0.0790736700017976
mp-5072-done,Rb2HgO2,,2.09,5e+19,300.0,3040.0,428.0,3.8,0.019921619948215,5072,2.9282,0.00055687936,0.0566678819725675
mp-5072-done,Rb2HgO2,,2.09,1e+19,300.0,766.0,554.0,4.8,0.004773201719253,5072,2.9282,0.000235097656,0.0240470307600004
mp-5072-done,Rb2HgO2,,2.09,5e+18,300.0,423.0,606.0,5.3,0.0025918379273864,5072,2.9282,0.0001553408279999,0.0159009069825056
mp-5072-done,Rb2HgO2,,2.09,1e+18,300.0,101.0,731.0,6.3,0.0006024412294316,5072,2.9282,5.3970461e-05,0.0055282452896356
mp-5072-done,Rb2HgO2,,2.09,-1e+18,300.0,600.0,-474.0,37.4,0.0030720598787016,5072,2.9282,0.0001348055999999,0.013796631351115
mp-5072-done,Rb2HgO2,,2.09,-5e+18,300.0,2420.0,-346.0,30.3,0.0129067396484422,5072,2.9282,0.00028971272,0.029551398059898
mp-5072-done,Rb2HgO2,,2.09,-1e+19,300.0,4360.0,-290.0,27.2,0.0238153212499701,5072,2.9282,0.000366676,0.0372636277353132
mp-5072-done,Rb2HgO2,,2.09,-5e+19,300.0,16600.0,-166.0,20.8,0.0980236081456404,5072,2.9282,0.0004574295999999,0.0453465763833819
mp-5072-done,Rb2HgO2,,2.09,-1e+20,300.0,28200.0,-121.0,17.6,0.1749131755826923,5072,2.9282,0.0004128762,0.0399156759652317
mp-5072-done,Rb2HgO2,,2.09,-5e+20,300.0,85800.0,-67.7,10.7,0.7077453670255035,5072,2.9282,0.000393246282,0.032446550399219
mp-5072-done,Rb2HgO2,,2.09,-1e+21,300.0,137000.0,-78.8,8.5,1.2062284665392031,5072,2.9282,0.0008506932799999,0.0617275122947274
mp-5072-done,Rb2HgO2,,2.09,-1e+21,300.0,137000.0,-78.8,8.5,1.2062284665392031,5072,2.9282,0.0008506932799999,0.0617275122947274
mp-7895-done,Rb2O2,1.925,2.021,1e+21,300.0,8610.0,79.9,0.5,0.0536112231691525,7895,6.4045,5.4966326100000005e-05,0.0025533623160345
mp-7895-done,Rb2O2,1.925,2.021,5e+20,300.0,4780.0,115.0,0.6,0.0286333629211588,7895,6.4045,6.321549999999999e-05,0.0029479646900073
mp-7895-done,Rb2O2,1.925,2.021,1e+20,300.0,1100.0,222.0,0.7,0.0063853309511198,7895,6.4045,5.42124e-05,0.0025368914214516
mp-7895-done,Rb2O2,1.925,2.021,5e+19,300.0,568.0,277.0,0.7,0.0032634254003862,7895,6.4045,4.358207200000001e-05,0.0020404345060824
mp-7895-done,Rb2O2,1.925,2.021,1e+19,300.0,123.0,411.0,0.8,0.0006836389599654,7895,6.4045,2.0777283e-05,0.0009731469464959
mp-7895-done,Rb2O2,1.925,2.021,5e+18,300.0,64.0,468.0,0.8,0.0003530068657867,7895,6.4045,1.4017536e-05,0.0006565741314425
mp-7895-done,Rb2O2,1.925,2.021,1e+18,300.0,14.1,598.0,0.9,7.635037548326007e-05,7895,6.4045,5.0422164e-06,0.0002361850085386
mp-7895-done,Rb2O2,1.925,2.021,-1e+18,300.0,113.0,-484.0,7.0,0.0006302998213101,7895,6.4045,2.6470928e-05,0.0012398308899698
mp-7895-done,Rb2O2,1.925,2.021,-5e+18,300.0,516.0,-351.0,6.4,0.0029594196327271,7895,6.4045,6.357171599999998e-05,0.0029764550270211
mp-7895-done,Rb2O2,1.925,2.021,-1e+19,300.0,1000.0,-293.0,6.3,0.0058123065742995,7895,6.4045,8.584899999999997e-05,0.0040176981663727
mp-7895-done,Rb2O2,1.925,2.021,-5e+19,300.0,4570.0,-169.0,5.7,0.027222777932459,7895,6.4045,0.00013052377,0.0060881248076098
mp-7895-done,Rb2O2,1.925,2.021,-1e+20,300.0,8590.0,-124.0,5.4,0.0521752443525354,7895,6.4045,0.00013207984,0.0061368971646294
mp-7895-done,Rb2O2,1.925,2.021,-5e+20,300.0,32300.0,-52.9,4.0,0.2200373753250113,7895,6.4045,9.0388643e-05,0.0040933564660686
mp-7895-done,Rb2O2,1.925,2.021,-1e+21,300.0,54200.0,-35.1,3.4,0.3693119162404095,7895,6.4045,6.6774942e-05,0.002957342608225
mp-1206230-done,Rb2Tl2O2,1.243,1.641,1e+21,300.0,34500.0,105.0,2.2,0.2169963891359194,1206230,3.071433333333333,0.0003803624999999,0.0347000725666373
mp-1206230-done,Rb2Tl2O2,1.243,1.641,5e+20,300.0,18500.0,143.0,2.3,0.1127850624795073,1206230,3.071433333333333,0.0003783065,0.0356420119138934
mp-1206230-done,Rb2Tl2O2,1.243,1.641,1e+20,300.0,4010.0,261.0,2.5,0.0232645550851064,1206230,3.071433333333333,0.00027316521,0.0264806342831353
mp-1206230-done,Rb2Tl2O2,1.243,1.641,5e+19,300.0,2030.0,320.0,2.5,0.0116171645488166,1206230,3.071433333333333,0.0002078719999999,0.0202272392368559
mp-1206230-done,Rb2Tl2O2,1.243,1.641,1e+19,300.0,434.0,458.0,2.7,0.0024159084899139,1206230,3.071433333333333,9.1037576e-05,0.008885039782823
mp-1206230-done,Rb2Tl2O2,1.243,1.641,5e+18,300.0,229.0,514.0,2.9,0.0012538146366651,1206230,3.071433333333333,6.050088400000001e-05,0.0059069681766954
mp-1206230-done,Rb2Tl2O2,1.243,1.641,1e+18,300.0,51.6,644.0,3.2,0.0002747543758516,1206230,3.071433333333333,2.14003776e-05,0.0020900792317111
mp-1206230-done,Rb2Tl2O2,1.243,1.641,-1e+18,300.0,533.0,-415.0,33.3,0.0030530393502068,1206230,3.071433333333333,9.1795925e-05,0.0089571961497955
mp-1206230-done,Rb2Tl2O2,1.243,1.641,-5e+18,300.0,2340.0,-286.0,29.3,0.0141256241233978,1206230,3.071433333333333,0.00019140264,0.018609526763776
mp-1206230-done,Rb2Tl2O2,1.243,1.641,-1e+19,300.0,4410.0,-233.0,27.5,0.0273076255018375,1206230,3.071433333333333,0.00023941449,0.0231785579866601
mp-1206230-done,Rb2Tl2O2,1.243,1.641,-5e+19,300.0,18300.0,-131.0,22.9,0.1235537578723486,1206230,3.071433333333333,0.0003140462999999,0.0294880346337852
mp-1206230-done,Rb2Tl2O2,1.243,1.641,-1e+20,300.0,34000.0,-100.0,21.2,0.2374167570255238,1206230,3.071433333333333,0.0003399999999999,0.030826419213482
mp-1206230-done,Rb2Tl2O2,1.243,1.641,-5e+20,300.0,181000.0,-40.3,22.6,1.1964474566121153,1206230,3.071433333333333,0.0002939602899999,0.0206632029666173
mp-1206230-done,Rb2Tl2O2,1.243,1.641,-1e+21,300.0,330000.0,-21.1,20.6,2.265415301976289,1206230,3.071433333333333,0.0001469193,0.0082587671136831
mp-30041-done,RbBiS2,1.379,1.753,1e+21,300.0,44700.0,184.0,2.8,0.2145452685910604,30041,1.16597,0.0015133632,0.3288692058171561
mp-30041-done,RbBiS2,1.379,1.753,1e+21,300.0,44700.0,184.0,2.8,0.2146657464479149,30041,1.16597,0.0015133632,0.3288405078371101
mp-30041-done,RbBiS2,1.379,1.753,1e+21,300.0,44800.0,184.0,2.8,0.2145452685910604,30041,1.16597,0.0015167488,0.3296049311098119
mp-30041-done,RbBiS2,1.379,1.753,1e+21,300.0,44800.0,184.0,2.8,0.2146657464479149,30041,1.16597,0.0015167488,0.3295761689284683
mp-30041-done,RbBiS2,1.379,1.753,5e+20,300.0,23200.0,240.0,2.9,0.1098647504459864,30041,1.16597,0.0013363199999999,0.3142225118573005
mp-30041-done,RbBiS2,1.379,1.753,5e+20,300.0,23200.0,240.0,2.9,0.1098563648473979,30041,1.16597,0.0013363199999999,0.3142245771413584
mp-30041-done,RbBiS2,1.379,1.753,5e+20,300.0,23200.0,240.0,2.9,0.1098647504459864,30041,1.16597,0.0013363199999999,0.3142225118573005
mp-30041-done,RbBiS2,1.379,1.753,5e+20,300.0,23200.0,240.0,2.9,0.1098563648473979,30041,1.16597,0.0013363199999999,0.3142245771413584
mp-30041-done,RbBiS2,1.379,1.753,1e+20,300.0,4830.0,375.0,3.0,0.0226333453671002,30041,1.16597,0.00067921875,0.1714328213816923
mp-30041-done,RbBiS2,1.379,1.753,5e+19,300.0,2430.0,435.0,3.0,0.0113797979122649,30041,1.16597,0.00045981675,0.1171657100078591
mp-30041-done,RbBiS2,1.379,1.753,5e+19,300.0,2430.0,435.0,3.0,0.0113792681698957,30041,1.16597,0.00045981675,0.1171657627259798
mp-30041-done,RbBiS2,1.379,1.753,5e+19,300.0,2430.0,435.0,3.0,0.0113797979122649,30041,1.16597,0.00045981675,0.1171657100078591
mp-30041-done,RbBiS2,1.379,1.753,5e+19,300.0,2430.0,435.0,3.0,0.0113792681698957,30041,1.16597,0.00045981675,0.1171657627259798
mp-30041-done,RbBiS2,1.379,1.753,1e+19,300.0,495.0,573.0,3.1,0.0023035905274595,30041,1.16597,0.0001625228549999,0.0417341082562321
mp-30041-done,RbBiS2,1.379,1.753,5e+18,300.0,250.0,632.0,3.1,0.0011595302067425,30041,1.16597,9.9856e-05,0.0256670739833765
mp-30041-done,RbBiS2,1.379,1.753,5e+18,300.0,250.0,632.0,3.1,0.0011594433953773,30041,1.16597,9.9856e-05,0.0256670758924996
mp-30041-done,RbBiS2,1.379,1.753,5e+18,300.0,250.0,632.0,3.1,0.0011595302067425,30041,1.16597,9.9856e-05,0.0256670739833765
mp-30041-done,RbBiS2,1.379,1.753,5e+18,300.0,250.0,632.0,3.1,0.0011594433953773,30041,1.16597,9.9856e-05,0.0256670758924996
mp-30041-done,RbBiS2,1.379,1.753,1e+18,300.0,50.7,769.0,3.2,0.0002354769908384,30041,1.16597,2.99820027e-05,0.0077127067120356
mp-30041-done,RbBiS2,1.379,1.753,1e+18,300.0,50.7,769.0,3.2,0.0002350583813078,30041,1.16597,2.99820027e-05,0.0077127094805132
mp-30041-done,RbBiS2,1.379,1.753,1e+18,300.0,50.7,769.0,3.2,0.0002354769908384,30041,1.16597,2.99820027e-05,0.0077127067120356
mp-30041-done,RbBiS2,1.379,1.753,1e+18,300.0,50.7,769.0,3.2,0.0002350583813078,30041,1.16597,2.99820027e-05,0.0077127094805132
mp-30041-done,RbBiS2,1.379,1.753,-1e+18,300.0,827.0,-348.0,51.6,0.0046673285901032,30041,1.16597,0.000100153008,0.0256662773911257
mp-30041-done,RbBiS2,1.379,1.753,-1e+18,300.0,827.0,-348.0,51.6,0.0046665410409046,30041,1.16597,0.000100153008,0.0256662946581898
mp-30041-done,RbBiS2,1.379,1.753,-1e+18,300.0,827.0,-348.0,51.6,0.0046673285901032,30041,1.16597,0.000100153008,0.0256662773911257
mp-30041-done,RbBiS2,1.379,1.753,-1e+18,300.0,827.0,-348.0,51.6,0.0046665410409046,30041,1.16597,0.000100153008,0.0256662946581898
mp-30041-done,RbBiS2,1.379,1.753,-5e+18,300.0,3750.0,-221.0,46.8,0.0220625706542669,30041,1.16597,0.0001831537499999,0.0462496789710995
mp-30041-done,RbBiS2,1.379,1.753,-5e+18,300.0,3750.0,-221.0,46.8,0.0220625766720897,30041,1.16597,0.0001831537499999,0.0462496787368278
mp-30041-done,RbBiS2,1.379,1.753,-5e+18,300.0,3750.0,-221.0,46.8,0.0220625706542669,30041,1.16597,0.0001831537499999,0.0462496789710995
mp-30041-done,RbBiS2,1.379,1.753,-5e+18,300.0,3750.0,-221.0,46.8,0.0220625766720897,30041,1.16597,0.0001831537499999,0.0462496787368278
mp-30041-done,RbBiS2,1.379,1.753,-1e+19,300.0,6970.0,-172.0,43.5,0.0424787374310279,30041,1.16597,0.0002062004799999,0.051189712963311
mp-30041-done,RbBiS2,1.379,1.753,-5e+19,300.0,27500.0,-83.1,34.4,0.1875959517169852,30041,1.16597,0.0001899042749999,0.0420897721516284
mp-30041-done,RbBiS2,1.379,1.753,-5e+19,300.0,27500.0,-83.1,34.4,0.1875954920614967,30041,1.16597,0.0001899042749999,0.0420897864448376
mp-30041-done,RbBiS2,1.379,1.753,-5e+19,300.0,27500.0,-83.1,34.4,0.1875959517169852,30041,1.16597,0.0001899042749999,0.0420897721516284
mp-30041-done,RbBiS2,1.379,1.753,-5e+19,300.0,27500.0,-83.1,34.4,0.1875954920614967,30041,1.16597,0.0001899042749999,0.0420897864448376
mp-30041-done,RbBiS2,1.379,1.753,-1e+20,300.0,49300.0,-56.0,30.8,0.3364749569283135,30041,1.16597,0.0001546048,0.0308706417403968
mp-30041-done,RbBiS2,1.379,1.753,-5e+20,300.0,175000.0,-20.0,21.9,1.2321118528537456,30041,1.16597,6.999999999999998e-05,0.0087569988384715
mp-30041-done,RbBiS2,1.379,1.753,-5e+20,300.0,175000.0,-20.0,21.9,1.231751345436363,30041,1.16597,6.999999999999998e-05,0.0087583154898169
mp-30041-done,RbBiS2,1.379,1.753,-5e+20,300.0,175000.0,-20.0,21.9,1.2321118528537456,30041,1.16597,6.999999999999998e-05,0.0087569988384715
mp-30041-done,RbBiS2,1.379,1.753,-5e+20,300.0,175000.0,-20.0,21.9,1.231751345436363,30041,1.16597,6.999999999999998e-05,0.0087583154898169
mp-30041-done,RbBiS2,1.379,1.753,-1e+21,300.0,230000.0,-16.1,14.3,1.6449925661829734,30041,1.16597,5.961830000000002e-05,0.0063627634943167
mp-22867-done,RbBr,,4.258,1e+21,300.0,134000.0,140.0,8.4,0.6080223023026835,22867,3.1334,0.0026263999999999,0.210593709112986
mp-22867-done,RbBr,,4.258,5e+20,300.0,77600.0,192.0,9.7,0.3291804968731004,22867,3.1334,0.0028606464,0.2478480776909001
mp-22867-done,RbBr,,4.258,1e+20,300.0,18900.0,321.0,11.8,0.0736390104602469,22867,3.1334,0.0019474749,0.1821750431143506
mp-22867-done,RbBr,,4.258,5e+19,300.0,10000.0,378.0,12.5,0.038298008988777,22867,3.1334,0.0014288399999999,0.1351490585752947
mp-22867-done,RbBr,,4.258,1e+19,300.0,2230.0,509.0,13.9,0.0083631996567879,22867,3.1334,0.00057775063,0.0551681262989312
mp-22867-done,RbBr,,4.258,5e+18,300.0,1150.0,567.0,14.4,0.0043026840164485,22867,3.1334,0.00036971235,0.0353486981303224
mp-22867-done,RbBr,,4.258,1e+18,300.0,243.0,700.0,15.2,0.0009095603723354,22867,3.1334,0.00011907,0.0113967683510356
mp-22867-done,RbBr,,4.258,-1e+18,300.0,41500.0,-365.0,2588.6,0.1911228311637831,22867,3.1334,0.0055288374999999,0.4989140800754682
mp-22867-done,RbBr,,4.258,-5e+18,300.0,160000.0,-243.0,2000.6,0.7912658082999494,22867,3.1334,0.00944784,0.7221893884584683
mp-22867-done,RbBr,,4.258,-1e+19,300.0,277000.0,-193.0,1728.7,1.424355933882134,22867,3.1334,0.010317973,0.6791482354263438
mp-22867-done,RbBr,,4.258,-5e+19,300.0,914000.0,-84.3,1141.3,5.161962431343924,22867,3.1334,0.0064953318599999,0.2349022811393039
mp-22867-done,RbBr,,4.258,-1e+20,300.0,1350000.0,-44.9,844.8,8.420978868950503,22867,3.1334,0.0027216134999999,0.0706644692250888
mp-22867-done,RbBr,,4.258,-5e+20,300.0,2100000.0,-6.95,261.7,14.984213479239136,22867,3.1334,0.0001014352499999,0.0016796127721148
mp-22867-done,RbBr,,4.258,-1e+21,300.0,2270000.0,-5.53,141.9,16.3888351035168,22867,3.1334,6.941864300000001e-05,0.0010667627343678
mp-7476-done,RbDyO2,3.659,3.81,1e+21,300.0,258000.0,156.0,16.1,1.1005028912495436,7476,3.1753666666666667,0.006278688,0.4405200800648258
mp-7476-done,RbDyO2,3.659,3.81,5e+20,300.0,142000.0,211.0,17.8,0.5835189500117972,7476,3.1753666666666667,0.0063219819999999,0.5045629990933042
mp-7476-done,RbDyO2,3.659,3.81,1e+20,300.0,31400.0,352.0,19.6,0.1246752488477962,7476,3.1753666666666667,0.0038905856,0.3536851076081081
mp-7476-done,RbDyO2,3.659,3.81,5e+19,300.0,16500.0,412.0,20.6,0.0644295125099253,7476,3.1753666666666667,0.0028007759999999,0.2593474260512026
mp-7476-done,RbDyO2,3.659,3.81,1e+19,300.0,3810.0,546.0,23.8,0.0143869921732306,7476,3.1753666666666667,0.0011358219599999,0.1068253615935653
mp-7476-done,RbDyO2,3.659,3.81,5e+18,300.0,2020.0,603.0,25.2,0.0075206601309803,7476,3.1753666666666667,0.00073449018,0.069228669247835
mp-7476-done,RbDyO2,3.659,3.81,1e+18,300.0,445.0,735.0,27.8,0.0016277370114641,7476,3.1753666666666667,0.000240400125,0.022700712792098
mp-7476-done,RbDyO2,3.659,3.81,-1e+18,300.0,7350.0,-507.0,458.6,0.0352203420815116,7476,3.1753666666666667,0.0018893101499999,0.1765387586306109
mp-7476-done,RbDyO2,3.659,3.81,-5e+18,300.0,33500.0,-375.0,418.3,0.1645835127235781,7476,3.1753666666666667,0.0047109375,0.4231444105726195
mp-7476-done,RbDyO2,3.659,3.81,-1e+19,300.0,65300.0,-317.0,407.6,0.3243706399068353,7476,3.1753666666666667,0.0065619317,0.5624935066704715
mp-7476-done,RbDyO2,3.659,3.81,-5e+19,300.0,291000.0,-188.0,363.4,1.5393407207598049,7476,3.1753666666666667,0.0102851039999999,0.654448080538082
mp-7476-done,RbDyO2,3.659,3.81,-1e+20,300.0,522000.0,-141.0,326.1,2.914303374090254,7476,3.1753666666666667,0.0103778819999999,0.511253414251159
mp-7476-done,RbDyO2,3.659,3.81,-5e+20,300.0,1750000.0,-59.8,218.2,11.45406438815777,7476,3.1753666666666667,0.0062580699999999,0.12833178494531
mp-7476-done,RbDyO2,3.659,3.81,-1e+21,300.0,2840000.0,-39.9,177.1,19.460618455033213,7476,3.1753666666666667,0.0045213083999999,0.0599219566856699
mp-7046-done,RbDyS2,2.304,2.944,1e+21,300.0,135000.0,79.3,8.4,0.8415752681891134,7046,3.950566666666667,0.0008489461499999,0.0531461397559032
mp-7046-done,RbDyS2,2.304,2.944,5e+20,300.0,81400.0,80.1,10.2,0.4954373956257483,7046,3.950566666666667,0.0005222632139999,0.0352404005945024
mp-7046-done,RbDyS2,2.304,2.944,1e+20,300.0,22200.0,163.0,13.9,0.1280815298934954,7046,3.950566666666667,0.0005898318,0.0433843595898354
mp-7046-done,RbDyS2,2.304,2.944,5e+19,300.0,11900.0,217.0,14.8,0.0656158415230122,7046,3.950566666666667,0.0005603590999999,0.0418575922924742
mp-7046-done,RbDyS2,2.304,2.944,1e+19,300.0,2630.0,350.0,16.4,0.013924143838401,7046,3.950566666666667,0.0003221749999999,0.0243795495108378
mp-7046-done,RbDyS2,2.304,2.944,5e+18,300.0,1370.0,407.0,17.1,0.0071921687102142,7046,3.950566666666667,0.0002269391299999,0.017202093869746
mp-7046-done,RbDyS2,2.304,2.944,1e+18,300.0,297.0,540.0,18.5,0.0015381569448927,7046,3.950566666666667,8.66052e-05,0.0065741070036338
mp-7046-done,RbDyS2,2.304,2.944,-1e+18,300.0,1020.0,-515.0,63.5,0.0053819278328961,7046,3.950566666666667,0.0002705294999999,0.0205156482854238
mp-7046-done,RbDyS2,2.304,2.944,-5e+18,300.0,4770.0,-381.0,59.6,0.0256780902882483,7046,3.950566666666667,0.0006924179699999,0.0522416007305974
mp-7046-done,RbDyS2,2.304,2.944,-1e+19,300.0,9330.0,-322.0,58.2,0.0507498430282098,7046,3.950566666666667,0.0009673717199999,0.0725290077145385
mp-7046-done,RbDyS2,2.304,2.944,-5e+19,300.0,43400.0,-194.0,54.1,0.2489024549100681,7046,3.950566666666667,0.0016334024,0.116686349110722
mp-7046-done,RbDyS2,2.304,2.944,-1e+20,300.0,81800.0,-146.0,51.0,0.488069724396561,7046,3.950566666666667,0.0017436488,0.1178503021903757
mp-7046-done,RbDyS2,2.304,2.944,-5e+20,300.0,336000.0,-64.5,42.0,2.21337342185894,7046,3.950566666666667,0.0013978439999999,0.0680333023970513
mp-7046-done,RbDyS2,2.304,2.944,-1e+21,300.0,588000.0,-43.0,36.7,4.046792618695537,7046,3.950566666666667,0.0010872119999999,0.0407839123342822
mp-7477-done,RbErO2,3.706,3.884,1e+21,300.0,271000.0,150.0,16.9,1.1907085389045966,7477,3.9417,0.0060974999999999,0.3564116118453783
mp-7477-done,RbErO2,3.706,3.884,5e+20,300.0,152000.0,204.0,19.0,0.6371193211779927,7477,3.9417,0.006325632,0.4144495484289565
mp-7477-done,RbErO2,3.706,3.884,1e+20,300.0,34000.0,343.0,21.2,0.1376226023539415,7477,3.9417,0.004000066,0.2941713409249707
mp-7477-done,RbErO2,3.706,3.884,5e+19,300.0,17900.0,403.0,22.3,0.0712873879760277,7477,3.9417,0.0029071210999999,0.2173284502745065
mp-7477-done,RbErO2,3.706,3.884,1e+19,300.0,4170.0,536.0,26.0,0.0160049476866317,7477,3.9417,0.00119802432,0.0908120490917549
mp-7477-done,RbErO2,3.706,3.884,5e+18,300.0,2220.0,592.0,27.7,0.00838758383957,7477,3.9417,0.00077803008,0.0590895819512744
mp-7477-done,RbErO2,3.706,3.884,1e+18,300.0,496.0,724.0,31.0,0.0018208973875525,7477,3.9417,0.0002599912959999,0.0197786168323947
mp-7477-done,RbErO2,3.706,3.884,-1e+18,300.0,5770.0,-514.0,360.0,0.0290320385871735,7477,3.9417,0.00152441092,0.115173542700887
mp-7477-done,RbErO2,3.706,3.884,-5e+18,300.0,25500.0,-385.0,318.6,0.1326606902227777,7477,3.9417,0.0037797374999999,0.2783065457903702
mp-7477-done,RbErO2,3.706,3.884,-1e+19,300.0,48500.0,-330.0,302.5,0.2562334225447312,7477,3.9417,0.00528165,0.3774464338787679
mp-7477-done,RbErO2,3.706,3.884,-5e+19,300.0,215000.0,-203.0,268.4,1.1979947268656632,7477,3.9417,0.008859935,0.5171475430450155
mp-7477-done,RbErO2,3.706,3.884,-1e+20,300.0,404000.0,-153.0,251.9,2.3217837227326847,7477,3.9417,0.009457236,0.4529700922990785
mp-7477-done,RbErO2,3.706,3.884,-5e+20,300.0,1620000.0,-65.8,201.7,10.500863714745458,7477,3.9417,0.0070140168,0.1456947036246525
mp-7477-done,RbErO2,3.706,3.884,-1e+21,300.0,2860000.0,-41.8,178.5,19.12494559018828,7477,3.9417,0.0049971063999999,0.0649913275919775
mp-10784-done,RbErSe2,1.962,2.723,1e+21,300.0,129000.0,63.6,8.1,0.7738259315698551,10784,2.902133333333333,0.00052179984,0.0425847896342569
mp-10784-done,RbErSe2,1.962,2.723,5e+20,300.0,68200.0,71.4,8.5,0.4402664567822414,10784,2.902133333333333,0.000347680872,0.0312063990395336
mp-10784-done,RbErSe2,1.962,2.723,1e+20,300.0,16200.0,149.0,10.1,0.1055091439373794,10784,2.902133333333333,0.0003596562,0.0358742306691688
mp-10784-done,RbErSe2,1.962,2.723,5e+19,300.0,8500.0,200.0,10.6,0.0531474144202812,10784,2.902133333333333,0.0003399999999999,0.0345144873553901
mp-10784-done,RbErSe2,1.962,2.723,1e+19,300.0,1800.0,333.0,11.3,0.0108200082050975,10784,2.902133333333333,0.0001996001999999,0.0205564775604491
mp-10784-done,RbErSe2,1.962,2.723,5e+18,300.0,926.0,391.0,11.6,0.0055044108006534,10784,2.902133333333333,0.0001415678059999,0.0146064763004441
mp-10784-done,RbErSe2,1.962,2.723,1e+18,300.0,196.0,526.0,12.2,0.0011504791647729,10784,2.902133333333333,5.4228496e-05,0.0056034992961993
mp-10784-done,RbErSe2,1.962,2.723,-1e+18,300.0,468.0,-517.0,29.2,0.0025730182624243,10784,2.902133333333333,0.000125091252,0.012919507536238
mp-10784-done,RbErSe2,1.962,2.723,-5e+18,300.0,2240.0,-382.0,28.0,0.0124422763877481,10784,2.902133333333333,0.0003268697599999,0.0336450108458
mp-10784-done,RbErSe2,1.962,2.723,-1e+19,300.0,4420.0,-323.0,27.6,0.02472019143878,10784,2.902133333333333,0.0004611341799999,0.0472658617279938
mp-10784-done,RbErSe2,1.962,2.723,-5e+19,300.0,20900.0,-195.0,26.1,0.1221927117880332,10784,2.902133333333333,0.0007947224999999,0.0788330181478175
mp-10784-done,RbErSe2,1.962,2.723,-1e+20,300.0,40000.0,-147.0,24.9,0.241694411153547,10784,2.902133333333333,0.0008643599999999,0.0824816182930827
mp-10784-done,RbErSe2,1.962,2.723,-5e+20,300.0,170000.0,-64.9,21.2,1.1415878081843998,10784,2.902133333333333,0.0007160417,0.0531224835942505
mp-10784-done,RbErSe2,1.962,2.723,-1e+21,300.0,305000.0,-42.9,19.0,2.114062746503693,10784,2.902133333333333,0.0005613250499999,0.0335707600579762
mp-7976-done,RbGdO2,3.599,3.726,1e+21,300.0,234000.0,162.0,14.6,0.9717613112462424,7976,2.535066666666667,0.0061410959999999,0.5253547683557701
mp-7976-done,RbGdO2,3.599,3.726,5e+20,300.0,128000.0,218.0,16.0,0.5093208576314604,7976,2.535066666666667,0.0060830719999999,0.5994380102515692
mp-7976-done,RbGdO2,3.599,3.726,1e+20,300.0,28200.0,359.0,17.6,0.1090349744838535,7976,2.535066666666667,0.0036344442,0.4123643520472104
mp-7976-done,RbGdO2,3.599,3.726,5e+19,300.0,14800.0,419.0,18.5,0.0566023948098104,7976,2.535066666666667,0.0025983028,0.3007678918526438
mp-7976-done,RbGdO2,3.599,3.726,1e+19,300.0,3420.0,552.0,21.3,0.0126869563457629,7976,2.535066666666667,0.0010420876799999,0.1227066468186687
mp-7976-done,RbGdO2,3.599,3.726,5e+18,300.0,1800.0,609.0,22.5,0.0066227399852234,7976,2.535066666666667,0.0006675857999999,0.0787963074779418
mp-7976-done,RbGdO2,3.599,3.726,1e+18,300.0,394.0,743.0,24.6,0.0014256142335807,7976,2.535066666666667,0.0002175073059999,0.0257253658098304
mp-7976-done,RbGdO2,3.599,3.726,-1e+18,300.0,5750.0,-516.0,358.7,0.0290015544674519,7976,2.535066666666667,0.0015309719999999,0.1791261231718786
mp-7976-done,RbGdO2,3.599,3.726,-5e+18,300.0,26000.0,-385.0,324.5,0.1341702697142036,7976,2.535066666666667,0.00385385,0.4331406418973027
mp-7976-done,RbGdO2,3.599,3.726,-1e+19,300.0,50300.0,-328.0,313.7,0.2624610816901685,7976,2.535066666666667,0.0054114752,0.5803133001821162
mp-7976-done,RbGdO2,3.599,3.726,-5e+19,300.0,227000.0,-200.0,283.9,1.2459832195864404,7976,2.535066666666667,0.00908,0.7204348215303215
mp-7976-done,RbGdO2,3.599,3.726,-1e+20,300.0,422000.0,-150.0,263.7,2.4022696144714817,7976,2.535066666666667,0.0094949999999999,0.5769305224118413
mp-7976-done,RbGdO2,3.599,3.726,-5e+20,300.0,1590000.0,-63.7,198.5,10.43962132777236,7976,2.535066666666667,0.0064517271,0.1491764681223599
mp-7976-done,RbGdO2,3.599,3.726,-1e+21,300.0,2710000.0,-43.2,168.9,18.49935452114812,7976,2.535066666666667,0.0050575104,0.0721319168448972
mp-7045-done,RbGdS2,2.291,2.866,1e+21,300.0,146000.0,85.8,9.1,0.9716093275177008,7045,3.6841,0.00107479944,0.0692568649194249
mp-7045-done,RbGdS2,2.291,2.866,5e+20,300.0,91600.0,86.3,11.4,0.5592415635414678,7045,3.6841,0.0006822084039999,0.0482314511182455
mp-7045-done,RbGdS2,2.291,2.866,1e+20,300.0,26400.0,164.0,16.5,0.1499496671562893,7045,3.6841,0.0007100544,0.0555590924720581
mp-7045-done,RbGdS2,2.291,2.866,5e+19,300.0,14400.0,217.0,17.9,0.0784558071836067,7045,3.6841,0.0006780815999999,0.0540655050515356
mp-7045-done,RbGdS2,2.291,2.866,1e+19,300.0,3300.0,348.0,20.6,0.0171898957527294,7045,3.6841,0.0003996432,0.0323922101150678
mp-7045-done,RbGdS2,2.291,2.866,5e+18,300.0,1730.0,404.0,21.6,0.0089341738330413,7045,3.6841,0.00028236368,0.022937535915645
mp-7045-done,RbGdS2,2.291,2.866,1e+18,300.0,374.0,537.0,23.4,0.0019194851853245,7045,3.6841,0.0001078500059999,0.0087777620085866
mp-7045-done,RbGdS2,2.291,2.866,-1e+18,300.0,1460.0,-519.0,91.2,0.007633566039438,7045,3.6841,0.0003932670599999,0.0319579178425222
mp-7045-done,RbGdS2,2.291,2.866,-5e+18,300.0,6940.0,-384.0,86.6,0.03668888558667,7045,3.6841,0.00102334464,0.0825102959184941
mp-7045-done,RbGdS2,2.291,2.866,-1e+19,300.0,13600.0,-326.0,85.1,0.0727362869775617,7045,3.6841,0.0014453536,0.1154178800665395
mp-7045-done,RbGdS2,2.291,2.866,-5e+19,300.0,63900.0,-196.0,79.8,0.3581184323171855,7045,3.6841,0.0024547823999999,0.1821857804893071
mp-7045-done,RbGdS2,2.291,2.866,-1e+20,300.0,121000.0,-147.0,75.3,0.7017441505305978,7045,3.6841,0.002614689,0.1788496519889114
mp-7045-done,RbGdS2,2.291,2.866,-5e+20,300.0,473000.0,-62.0,59.1,3.080106176534722,7045,3.6841,0.001818212,0.0806397063845027
mp-7045-done,RbGdS2,2.291,2.866,-1e+21,300.0,786000.0,-40.2,49.0,5.381449698712898,7045,3.6841,0.00127020744,0.0420341010379218
mp-10781-done,RbGdSe2,1.909,2.583,1e+21,300.0,121000.0,67.4,7.5,0.7576907841168733,10781,2.7882,0.00054967396,0.0465051514667759
mp-10781-done,RbGdSe2,1.909,2.583,5e+20,300.0,70900.0,69.7,8.8,0.4481911500780415,10781,2.7882,0.000344438581,0.0319280239959586
mp-10781-done,RbGdSe2,1.909,2.583,1e+20,300.0,19200.0,146.0,12.0,0.117769106765714,10781,2.7882,0.0004092672,0.0422510203959641
mp-10781-done,RbGdSe2,1.909,2.583,5e+19,300.0,10400.0,194.0,12.9,0.0613618964585353,10781,2.7882,0.0003914144,0.0412078502825069
mp-10781-done,RbGdSe2,1.909,2.583,1e+19,300.0,2310.0,323.0,14.4,0.0130860812760491,10781,2.7882,0.00024099999,0.0258095727827504
mp-10781-done,RbGdSe2,1.909,2.583,5e+18,300.0,1200.0,380.0,14.9,0.00671091625833,10781,2.7882,0.0001732799999999,0.0185995194686073
mp-10781-done,RbGdSe2,1.909,2.583,1e+18,300.0,254.0,515.0,15.9,0.0014080366411379,10781,2.7882,6.736714999999998e-05,0.007244797381762
mp-10781-done,RbGdSe2,1.909,2.583,-1e+18,300.0,582.0,-517.0,36.3,0.0031688116794672,10781,2.7882,0.0001555621979999,0.01671891553875
mp-10781-done,RbGdSe2,1.909,2.583,-5e+18,300.0,2810.0,-381.0,35.1,0.0154676360856905,10781,2.7882,0.0004079024099999,0.0436466581933429
mp-10781-done,RbGdSe2,1.909,2.583,-1e+19,300.0,5540.0,-322.0,34.6,0.0307212968545723,10781,2.7882,0.0005744093599999,0.0611307623920726
mp-10781-done,RbGdSe2,1.909,2.583,-5e+19,300.0,25600.0,-195.0,32.0,0.1497547791173453,10781,2.7882,0.0009734399999999,0.0993997600220741
mp-10781-done,RbGdSe2,1.909,2.583,-1e+20,300.0,48100.0,-148.0,30.0,0.2923699543411335,10781,2.7882,0.0010535823999999,0.10260267570115
mp-10781-done,RbGdSe2,1.909,2.583,-5e+20,300.0,196000.0,-65.6,24.5,1.317057420358844,10781,2.7882,0.0008434585599999,0.0616374424524764
mp-10781-done,RbGdSe2,1.909,2.583,-1e+21,300.0,344000.0,-43.7,21.5,2.41214191898551,10781,2.7882,0.0006569333599999,0.0378975096388309
mp-6978-done,RbHoO2,3.684,3.849,1e+21,300.0,267000.0,152.0,16.6,1.1641069275619005,6978,3.385,0.0061687679999999,0.406811804925372
mp-6978-done,RbHoO2,3.684,3.849,5e+20,300.0,149000.0,207.0,18.6,0.6204970609270485,6978,3.385,0.0063845009999999,0.4781804282629217
mp-6978-done,RbHoO2,3.684,3.849,1e+20,300.0,33100.0,347.0,20.7,0.1333772201963699,6978,3.385,0.0039855378999999,0.3398331944444652
mp-6978-done,RbHoO2,3.684,3.849,5e+19,300.0,17400.0,407.0,21.7,0.0689449751744287,6978,3.385,0.0028822925999999,0.2503478735807892
mp-6978-done,RbHoO2,3.684,3.849,1e+19,300.0,4020.0,541.0,25.1,0.0153668361261867,6978,3.385,0.0011765776199999,0.1038044725792259
mp-6978-done,RbHoO2,3.684,3.849,5e+18,300.0,2120.0,597.0,26.5,0.0080290533653016,6978,3.385,0.00075558708,0.0668064199966623
mp-6978-done,RbHoO2,3.684,3.849,1e+18,300.0,471.0,729.0,29.4,0.0017523131555868,6978,3.385,0.0002503087109999,0.0221724550119234
mp-6978-done,RbHoO2,3.684,3.849,-1e+18,300.0,5890.0,-515.0,367.8,0.0305433018879171,6978,3.385,0.0015621752499999,0.1372117211164987
mp-6978-done,RbHoO2,3.684,3.849,-5e+18,300.0,26500.0,-385.0,330.2,0.1406912284089535,6978,3.385,0.0039279625,0.3342291408007882
mp-6978-done,RbHoO2,3.684,3.849,-1e+19,300.0,50800.0,-329.0,317.2,0.2741138254985087,6978,3.385,0.0054986427999999,0.4508175800667348
mp-6978-done,RbHoO2,3.684,3.849,-5e+19,300.0,225000.0,-202.0,281.4,1.280816400572151,6978,3.385,0.0091809,0.5903082683798391
mp-6978-done,RbHoO2,3.684,3.849,-1e+20,300.0,418000.0,-154.0,260.6,2.4472045233929216,6978,3.385,0.009913288,0.5099249157109231
mp-6978-done,RbHoO2,3.684,3.849,-5e+20,300.0,1650000.0,-64.8,205.4,10.705867165016189,6978,3.385,0.0069284159999999,0.147508650508067
mp-6978-done,RbHoO2,3.684,3.849,-1e+21,300.0,2830000.0,-42.7,176.3,19.36430282756725,6978,3.385,0.0051599107,0.0680448636924464
mp-10783-done,RbHoSe2,1.923,2.692,1e+21,300.0,130000.0,60.2,8.1,0.7924153497679841,10783,2.7142,0.0004711252,0.0403059776742697
mp-10783-done,RbHoSe2,1.923,2.692,5e+20,300.0,71500.0,69.9,8.9,0.4575696644857161,10783,2.7142,0.000349349715,0.0330430408215009
mp-10783-done,RbHoSe2,1.923,2.692,1e+20,300.0,17500.0,147.0,10.9,0.1135403179107353,10783,2.7142,0.0003781574999999,0.040119401799876
mp-10783-done,RbHoSe2,1.923,2.692,5e+19,300.0,9300.0,197.0,11.6,0.0577780293013989,10783,2.7142,0.0003609236999999,0.0390613160910435
mp-10783-done,RbHoSe2,1.923,2.692,1e+19,300.0,2010.0,328.0,12.5,0.0119365566727154,10783,2.7142,0.00021624384,0.0237967360223431
mp-10783-done,RbHoSe2,1.923,2.692,5e+18,300.0,1030.0,386.0,12.9,0.0060838439643279,10783,2.7142,0.00015346588,0.0169246176652305
mp-10783-done,RbHoSe2,1.923,2.692,1e+18,300.0,218.0,521.0,13.6,0.001272019337049,10783,2.7142,5.9174138e-05,0.0065374422102622
mp-10783-done,RbHoSe2,1.923,2.692,-1e+18,300.0,512.0,-516.0,32.0,0.0029077116211809,10783,2.7142,0.0001363230719999,0.0150516379696882
mp-10783-done,RbHoSe2,1.923,2.692,-5e+18,300.0,2490.0,-380.0,31.0,0.0142377142976342,10783,2.7142,0.0003595559999999,0.0395342724646868
mp-10783-done,RbHoSe2,1.923,2.692,-1e+19,300.0,4900.0,-321.0,30.6,0.0283118944728215,10783,2.7142,0.0005049009,0.0552304878988013
mp-10783-done,RbHoSe2,1.923,2.692,-5e+19,300.0,22800.0,-196.0,28.5,0.1374504647379465,10783,2.7142,0.0008758848,0.0921450378471075
mp-10783-done,RbHoSe2,1.923,2.692,-1e+20,300.0,43300.0,-150.0,27.0,0.268712068536153,10783,2.7142,0.0009742499999999,0.0979831095535452
mp-10783-done,RbHoSe2,1.923,2.692,-5e+20,300.0,187000.0,-66.0,23.3,1.2350216201383162,10783,2.7142,0.0008145719999999,0.0618784214980093
mp-10783-done,RbHoSe2,1.923,2.692,-1e+21,300.0,329000.0,-41.4,20.5,2.296099579462448,10783,2.7142,0.0005638928399999,0.0337640193599201
mp-9361-done,RbLaS2,2.652,2.858,1e+21,300.0,133000.0,148.0,8.3,0.8675516476551821,9361,3.2503,0.002913232,0.2122392147122789
mp-9361-done,RbLaS2,2.652,2.858,5e+20,300.0,77000.0,184.0,9.6,0.5105785073625654,9361,3.2503,0.002606912,0.2079497113424314
mp-9361-done,RbLaS2,2.652,2.858,1e+20,300.0,19900.0,288.0,12.4,0.1343314632955589,9361,3.2503,0.0016505856,0.1463012104478446
mp-9361-done,RbLaS2,2.652,2.858,5e+19,300.0,10900.0,339.0,13.6,0.0727772656223968,9361,3.2503,0.0012526389,0.1130854445930603
mp-9361-done,RbLaS2,2.652,2.858,1e+19,300.0,2640.0,465.0,16.5,0.0171636389635466,9361,3.2503,0.0005708339999999,0.0524107439048017
mp-9361-done,RbLaS2,2.652,2.858,5e+18,300.0,1410.0,521.0,17.6,0.0090852273557954,9361,3.2503,0.0003827318099999,0.0352273619074841
mp-9361-done,RbLaS2,2.652,2.858,1e+18,300.0,316.0,651.0,19.7,0.0020076507298686,9361,3.2503,0.000133921116,0.0123531778400434
mp-9361-done,RbLaS2,2.652,2.858,-1e+18,300.0,2710.0,-547.0,169.0,0.0134564373101646,9361,3.2503,0.00081085639,0.0745328034344624
mp-9361-done,RbLaS2,2.652,2.858,-5e+18,300.0,13000.0,-411.0,162.3,0.0650688504253259,9361,3.2503,0.002195973,0.1987084785198136
mp-9361-done,RbLaS2,2.652,2.858,-1e+19,300.0,25500.0,-352.0,159.1,0.1284276924356846,9361,3.2503,0.003159552,0.2805392106981829
mp-9361-done,RbLaS2,2.652,2.858,-5e+19,300.0,118000.0,-220.0,147.7,0.6227264446943203,9361,3.2503,0.0057111999999999,0.4423827269104013
mp-9361-done,RbLaS2,2.652,2.858,-1e+20,300.0,222000.0,-168.0,138.3,1.2132867365473354,9361,3.2503,0.006265728,0.4211228572325214
mp-9361-done,RbLaS2,2.652,2.858,-5e+20,300.0,816000.0,-73.8,101.8,5.180798379587817,9361,3.2503,0.0044442950399999,0.1581393612044593
mp-9361-done,RbLaS2,2.652,2.858,-1e+21,300.0,1310000.0,-50.0,81.9,8.867763339150326,9361,3.2503,0.0032749999999999,0.0810773118197663
mp-7176-done,RbLaSe2,2.312,2.624,1e+21,300.0,112000.0,120.0,7.0,0.93412855371798,7176,3.0978,0.0016127999999999,0.1200021264151133
mp-7176-done,RbLaSe2,2.312,2.624,5e+20,300.0,69500.0,131.0,8.7,0.5573605776595161,7176,3.0978,0.0011926894999999,0.0978908702908702
mp-7176-done,RbLaSe2,2.312,2.624,1e+20,300.0,20900.0,200.0,13.1,0.1321638337813059,7176,3.0978,0.0008359999999999,0.0776479282451777
mp-7176-done,RbLaSe2,2.312,2.624,5e+19,300.0,11500.0,251.0,14.4,0.0708743304070257,7176,3.0978,0.0007245114999999,0.0685944427656124
mp-7176-done,RbLaSe2,2.312,2.624,1e+19,300.0,2680.0,381.0,16.7,0.0150001907570732,7176,3.0978,0.0003890314799999,0.0374933940014905
mp-7176-done,RbLaSe2,2.312,2.624,5e+18,300.0,1420.0,435.0,17.7,0.0080536999398463,7176,3.0978,0.0002686995,0.0259541684148101
mp-7176-done,RbLaSe2,2.312,2.624,1e+18,300.0,303.0,571.0,18.9,0.0016563433840772,7176,3.0978,9.8790423e-05,0.0095620404408217
mp-7176-done,RbLaSe2,2.312,2.624,-1e+18,300.0,968.0,-552.0,60.4,0.0053572309468798,7176,3.0978,0.000294953472,0.0285148431144753
mp-7176-done,RbLaSe2,2.312,2.624,-5e+18,300.0,5100.0,-412.0,63.6,0.0282351633465668,7176,3.0978,0.0008656943999999,0.083079142245457
mp-7176-done,RbLaSe2,2.312,2.624,-1e+19,300.0,9080.0,-357.0,56.7,0.0512463666307092,7176,3.0978,0.0011572369199999,0.1102464160829179
mp-7176-done,RbLaSe2,2.312,2.624,-5e+19,300.0,46200.0,-224.0,57.6,0.2666545951685839,7176,3.0978,0.0023181312,0.2067019602519419
mp-7176-done,RbLaSe2,2.312,2.624,-1e+20,300.0,80800.0,-175.0,50.4,0.4850014040498806,7176,3.0978,0.0024744999999999,0.2071981994762093
mp-7176-done,RbLaSe2,2.312,2.624,-5e+20,300.0,345000.0,-81.1,43.0,2.2347301110037616,7176,3.0978,0.0022691374499999,0.1276582074230109
mp-7176-done,RbLaSe2,2.312,2.624,-1e+21,300.0,576000.0,-53.8,36.0,3.84818732717428,7176,3.0978,0.0016671974399999,0.0720069312598993
mp-7480-done,RbLuO2,3.756,3.951,1e+21,300.0,106000.0,149.0,6.6,0.5061615087869685,7480,8.463099999999999,0.002353306,0.0787123665987837
mp-7480-done,RbLuO2,3.756,3.951,5e+20,300.0,59100.0,197.0,7.4,0.2696381195322754,7480,8.463099999999999,0.0022936118999999,0.0787935651546623
mp-7480-done,RbLuO2,3.756,3.951,1e+20,300.0,12600.0,332.0,7.8,0.0561406114471157,7480,8.463099999999999,0.0013888224,0.0489065562299251
mp-7480-done,RbLuO2,3.756,3.951,5e+19,300.0,6320.0,394.0,7.9,0.028212396701051,7480,8.463099999999999,0.0009810915199999,0.0346621867444564
mp-7480-done,RbLuO2,3.756,3.951,1e+19,300.0,1360.0,532.0,8.5,0.0059338549653577,7480,8.463099999999999,0.00038491264,0.0136348247010842
mp-7480-done,RbLuO2,3.756,3.951,5e+18,300.0,714.0,589.0,8.9,0.0030687031404624,7480,8.463099999999999,0.000247701594,0.0087773443697661
mp-7480-done,RbLuO2,3.756,3.951,1e+18,300.0,158.0,722.0,9.9,0.0006596192333286,7480,8.463099999999999,8.2362872e-05,0.0029193718526517
mp-7480-done,RbLuO2,3.756,3.951,-1e+18,300.0,1720.0,-492.0,107.2,0.0078577214428056,7480,8.463099999999999,0.0004163500799999,0.0147450888208064
mp-7480-done,RbLuO2,3.756,3.951,-5e+18,300.0,7960.0,-358.0,99.3,0.0377283560988273,7480,8.463099999999999,0.0010201854399999,0.0360030363135604
mp-7480-done,RbLuO2,3.756,3.951,-1e+19,300.0,15400.0,-300.0,96.1,0.0746538999324324,7480,8.463099999999999,0.0013859999999999,0.0487013334974741
mp-7480-done,RbLuO2,3.756,3.951,-5e+19,300.0,67600.0,-175.0,84.3,0.3605739137260019,7480,8.463099999999999,0.00207025,0.0703873472742304
mp-7480-done,RbLuO2,3.756,3.951,-1e+20,300.0,122000.0,-131.0,76.4,0.6898701695018546,7480,8.463099999999999,0.0020936419999999,0.0686217247918938
mp-7480-done,RbLuO2,3.756,3.951,-5e+20,300.0,462000.0,-58.0,57.6,2.990826517527472,7480,8.463099999999999,0.001554168,0.0407065995478944
mp-7480-done,RbLuO2,3.756,3.951,-1e+21,300.0,817000.0,-40.3,51.0,5.488002503341247,7480,8.463099999999999,0.0013268815299999,0.0285328316457165
mp-9370-done,RbLuS2,2.386,3.134,1e+21,300.0,144000.0,78.2,9.0,0.8435119992895105,9370,3.891366666666667,0.00088059456,0.0557941156759612
mp-9370-done,RbLuS2,2.386,3.134,5e+20,300.0,73700.0,90.4,9.2,0.4628701339615019,9370,3.891366666666667,0.000602288192,0.041496699851954
mp-9370-done,RbLuS2,2.386,3.134,1e+20,300.0,17000.0,173.0,10.6,0.1126404242789414,9370,3.891366666666667,0.000508793,0.0381212861348735
mp-9370-done,RbLuS2,2.386,3.134,5e+19,300.0,8960.0,223.0,11.2,0.0582114360220035,9370,3.891366666666667,0.00044557184,0.0338445141543101
mp-9370-done,RbLuS2,2.386,3.134,1e+19,300.0,1970.0,352.0,12.3,0.0123963405840488,9370,3.891366666666667,0.0002440908799999,0.0187581223204277
mp-9370-done,RbLuS2,2.386,3.134,5e+18,300.0,1030.0,410.0,12.8,0.0063766586121486,9370,3.891366666666667,0.000173143,0.0133264034250599
mp-9370-done,RbLuS2,2.386,3.134,1e+18,300.0,220.0,543.0,13.7,0.001348841123556,9370,3.891366666666667,6.486677999999999e-05,0.0049990896999937
mp-9370-done,RbLuS2,2.386,3.134,-1e+18,300.0,775.0,-516.0,48.4,0.0042141597210549,9370,3.891366666666667,0.0002063483999999,0.0158909602338741
mp-9370-done,RbLuS2,2.386,3.134,-5e+18,300.0,3700.0,-381.0,46.2,0.0204193852582424,9370,3.891366666666667,0.0005370956999999,0.0411905732729636
mp-9370-done,RbLuS2,2.386,3.134,-1e+19,300.0,7290.0,-322.0,45.5,0.0405658037527704,9370,3.891366666666667,0.0007558563599999,0.0576706008320078
mp-9370-done,RbLuS2,2.386,3.134,-5e+19,300.0,34200.0,-194.0,42.6,0.1968741132585126,9370,3.891366666666667,0.0012871512,0.0944526951289466
mp-9370-done,RbLuS2,2.386,3.134,-1e+20,300.0,64700.0,-146.0,40.4,0.3838620593935871,9370,3.891366666666667,0.0013791452,0.0967769414249039
mp-9370-done,RbLuS2,2.386,3.134,-5e+20,300.0,266000.0,-64.0,33.1,1.7696310725788935,9370,3.891366666666667,0.0010895359999999,0.0577390797622064
mp-9370-done,RbLuS2,2.386,3.134,-1e+21,300.0,472000.0,-41.7,29.4,3.228673668668665,9370,3.891366666666667,0.00082075608,0.034582223190229
mp-8402-done,RbMgF3,7.642,7.793,1e+21,300.0,200000.0,222.0,12.5,0.7968812352693498,8402,7.0492,0.0098568,0.3768811348406192
mp-8402-done,RbMgF3,7.642,7.793,5e+20,300.0,99400.0,286.0,12.4,0.3974014942243675,8402,7.0492,0.0081305224,0.3275530081597391
mp-8402-done,RbMgF3,7.642,7.793,1e+20,300.0,21300.0,431.0,13.3,0.0848788156767552,8402,7.0492,0.0039567092999999,0.166386273640764
mp-8402-done,RbMgF3,7.642,7.793,5e+19,300.0,11600.0,490.0,14.5,0.0455715577955632,8402,7.0492,0.0027851599999999,0.1177695424290145
mp-8402-done,RbMgF3,7.642,7.793,1e+19,300.0,2990.0,618.0,18.6,0.0112942171527603,8402,7.0492,0.0011419527599999,0.0485215081923999
mp-8402-done,RbMgF3,7.642,7.793,5e+18,300.0,1660.0,672.0,20.8,0.0061668895570645,8402,7.0492,0.00074962944,0.0318748600207973
mp-8402-done,RbMgF3,7.642,7.793,1e+18,300.0,408.0,797.0,25.4,0.0014487618959824,8402,7.0492,0.0002591652719999,0.011027294682463
mp-8402-done,RbMgF3,7.642,7.793,-1e+18,300.0,7140.0,-390.0,445.9,0.0370749854511241,8402,7.0492,0.0010859939999999,0.0459759465542712
mp-8402-done,RbMgF3,7.642,7.793,-5e+18,300.0,26400.0,-270.0,329.7,0.1485031354995468,8402,7.0492,0.0019245599999999,0.0802155894916467
mp-8402-done,RbMgF3,7.642,7.793,-1e+19,300.0,45100.0,-220.0,281.6,0.2646831985925699,8402,7.0492,0.0021828399999999,0.0895354741412858
mp-8402-done,RbMgF3,7.642,7.793,-5e+19,300.0,149000.0,-117.0,186.4,0.9633484536863336,8402,7.0492,0.002039661,0.0763675007442212
mp-8402-done,RbMgF3,7.642,7.793,-1e+20,300.0,251000.0,-81.7,156.4,1.675306212404411,8402,7.0492,0.0016753973899999,0.0576100474643884
mp-8402-done,RbMgF3,7.642,7.793,-5e+20,300.0,814000.0,-29.1,101.7,5.754187786969176,8402,7.0492,0.00068930334,0.0161512722601797
mp-8402-done,RbMgF3,7.642,7.793,-1e+21,300.0,1410000.0,-28.2,87.7,9.94720217708953,8402,7.0492,0.0011212883999999,0.0197916309872571
mp-9363-done,RbNdS2,2.252,2.681,1e+21,300.0,152000.0,97.1,9.5,1.172547347153148,9363,3.3957,0.0014331183199999,0.0941138829244651
mp-9363-done,RbNdS2,2.252,2.681,5e+20,300.0,98500.0,96.6,12.3,0.6733414001518172,9363,3.3957,0.0009191586599999,0.0677672136709353
mp-9363-done,RbNdS2,2.252,2.681,1e+20,300.0,31600.0,169.0,19.7,0.1771115471550527,9363,3.3957,0.0009025275999999,0.0757829727167022
mp-9363-done,RbNdS2,2.252,2.681,5e+19,300.0,17600.0,221.0,22.0,0.0938427005736554,9363,3.3957,0.0008596015999999,0.0739009383543512
mp-9363-done,RbNdS2,2.252,2.681,1e+19,300.0,4190.0,351.0,26.1,0.021149773587283,9363,3.3957,0.0005162121899999,0.045323519399971
mp-9363-done,RbNdS2,2.252,2.681,5e+18,300.0,2220.0,407.0,27.7,0.0110690628187051,9363,3.3957,0.0003677407799999,0.0323832440549084
mp-9363-done,RbNdS2,2.252,2.681,1e+18,300.0,489.0,538.0,30.5,0.0024255349863649,9363,3.3957,0.000141538116,0.0124955462541999
mp-9363-done,RbNdS2,2.252,2.681,-1e+18,300.0,2120.0,-519.0,132.6,0.0103040377924855,9363,3.3957,0.0005710453199999,0.0502975316820242
mp-9363-done,RbNdS2,2.252,2.681,-5e+18,300.0,9970.0,-384.0,124.5,0.0490000646714991,9363,3.3957,0.00147013632,0.1280346293493797
mp-9363-done,RbNdS2,2.252,2.681,-1e+19,300.0,19400.0,-326.0,121.3,0.0965950638059699,9363,3.3957,0.0020617544,0.1771117012449452
mp-9363-done,RbNdS2,2.252,2.681,-5e+19,300.0,89400.0,-193.0,111.6,0.4754844871626875,9363,3.3957,0.0033300606,0.2580652467772756
mp-9363-done,RbNdS2,2.252,2.681,-1e+20,300.0,165000.0,-143.0,103.2,0.9375262816519828,9363,3.3957,0.003374085,0.2335962708169726
mp-9363-done,RbNdS2,2.252,2.681,-5e+20,300.0,594000.0,-63.5,74.2,3.941398340699486,9363,3.3957,0.0023951564999999,0.0979333950063243
mp-9363-done,RbNdS2,2.252,2.681,-1e+21,300.0,990000.0,-42.6,61.8,6.7556156242288905,9363,3.3957,0.0017966123999999,0.0530949622641559
mp-10779-done,RbNdSe2,1.897,2.426,1e+21,300.0,136000.0,70.8,8.5,0.9326331114198224,10779,2.7824000000000004,0.00068171904,0.055050845003596
mp-10779-done,RbNdSe2,1.897,2.426,5e+20,300.0,90800.0,68.8,11.3,0.5425218291932249,10779,2.7824000000000004,0.0004297963519999,0.0387795299329657
mp-10779-done,RbNdSe2,1.897,2.426,1e+20,300.0,25000.0,151.0,15.6,0.1422098387229258,10779,2.7824000000000004,0.0005700249999999,0.05847190204169
mp-10779-done,RbNdSe2,1.897,2.426,5e+19,300.0,13200.0,205.0,16.5,0.0728974186649009,10779,2.7824000000000004,0.00055473,0.0582842960288933
mp-10779-done,RbNdSe2,1.897,2.426,1e+19,300.0,2870.0,338.0,17.9,0.015247909782178,10779,2.7824000000000004,0.00032788028,0.0351595651676048
mp-10779-done,RbNdSe2,1.897,2.426,5e+18,300.0,1480.0,395.0,18.5,0.0078063121060078,10779,2.7824000000000004,0.000230917,0.0248279489941057
mp-10779-done,RbNdSe2,1.897,2.426,1e+18,300.0,313.0,530.0,19.6,0.0016369286373416,10779,2.7824000000000004,8.79217e-05,0.0094741954493075
mp-10779-done,RbNdSe2,1.897,2.426,-1e+18,300.0,707.0,-535.0,44.1,0.0037050761959341,10779,2.7824000000000004,0.000202361075,0.0217896744163322
mp-10779-done,RbNdSe2,1.897,2.426,-5e+18,300.0,3430.0,-398.0,42.8,0.0181049632561388,10779,2.7824000000000004,0.0005433257199999,0.0582029734417799
mp-10779-done,RbNdSe2,1.897,2.426,-1e+19,300.0,6760.0,-339.0,42.2,0.0360217584637711,10779,2.7824000000000004,0.00077686596,0.0826915940810197
mp-10779-done,RbNdSe2,1.897,2.426,-5e+19,300.0,32100.0,-207.0,40.1,0.1782192938233851,10779,2.7824000000000004,0.0013754528999999,0.1393748500054818
mp-10779-done,RbNdSe2,1.897,2.426,-1e+20,300.0,61200.0,-157.0,38.2,0.3525937225664843,10779,2.7824000000000004,0.0015085187999999,0.144356155083297
mp-10779-done,RbNdSe2,1.897,2.426,-5e+20,300.0,247000.0,-63.7,30.8,1.6155450579365958,10779,2.7824000000000004,0.00100224943,0.0683671180606037
mp-10779-done,RbNdSe2,1.897,2.426,-1e+21,300.0,409000.0,-40.6,25.5,2.883049399944611,10779,2.7824000000000004,0.0006741792399999,0.0356995107929032
mp-5808-done,RbNdTe2,1.301,1.978,1e+21,300.0,159000.0,65.3,10.0,1.0905272761964826,5808,1.6735666666666666,0.0006779903099999,0.0735854486874942
mp-5808-done,RbNdTe2,1.301,1.978,5e+20,300.0,97600.0,54.1,12.2,0.62782954088056,5808,1.6735666666666666,0.000285656656,0.0372369592506341
mp-5808-done,RbNdTe2,1.301,1.978,1e+20,300.0,25700.0,124.0,16.0,0.1632052788385506,5808,1.6735666666666666,0.0003951632,0.0645420136615775
mp-5808-done,RbNdTe2,1.301,1.978,5e+19,300.0,13700.0,172.0,17.2,0.0830940627225719,5808,1.6735666666666666,0.0004053007999999,0.0692166893502793
mp-5808-done,RbNdTe2,1.301,1.978,1e+19,300.0,2950.0,301.0,18.4,0.0170498870440717,5808,1.6735666666666666,0.00026727295,0.0474275996079705
mp-5808-done,RbNdTe2,1.301,1.978,5e+18,300.0,1510.0,359.0,18.9,0.0086691808440184,5808,1.6735666666666666,0.00019461031,0.0347056526505443
mp-5808-done,RbNdTe2,1.301,1.978,1e+18,300.0,318.0,494.0,19.8,0.0018008768434388,5808,1.6735666666666666,7.760344799999998e-05,0.013896075813444
mp-5808-done,RbNdTe2,1.301,1.978,-1e+18,300.0,403.0,-539.0,25.1,0.0022514217589083,5808,1.6735666666666666,0.0001170799629999,0.020959308854918
mp-5808-done,RbNdTe2,1.301,1.978,-5e+18,300.0,1950.0,-402.0,24.3,0.0109827999936331,5808,1.6735666666666666,0.0003151277999999,0.0561208452889168
mp-5808-done,RbNdTe2,1.301,1.978,-1e+19,300.0,3840.0,-343.0,24.0,0.0218307738662486,5808,1.6735666666666666,0.00045177216,0.079940929931685
mp-5808-done,RbNdTe2,1.301,1.978,-5e+19,300.0,18500.0,-212.0,23.1,0.1082580605732246,5808,1.6735666666666666,0.000831464,0.1399908735054934
mp-5808-done,RbNdTe2,1.301,1.978,-1e+20,300.0,35900.0,-161.0,22.4,0.2160287750287209,5808,1.6735666666666666,0.0009305638999999,0.1477401796383955
mp-5808-done,RbNdTe2,1.301,1.978,-5e+20,300.0,156000.0,-67.9,19.5,1.052071913566662,5808,1.6735666666666666,0.0007192239599999,0.0791620685019432
mp-5808-done,RbNdTe2,1.301,1.978,-1e+21,300.0,274000.0,-45.7,17.1,1.9771915223026084,5808,1.6735666666666666,0.00057224626,0.0470241711759246
mp-1101401-done,RbPrO2,,3.407,1e+21,300.0,35200.0,218.0,2.2,0.1441286230480871,1101401,5.570433333333334,0.0016728447999999,0.0878201065681951
mp-1101401-done,RbPrO2,,3.407,5e+20,300.0,18600.0,272.0,2.3,0.0750855968466504,1101401,5.570433333333334,0.0013761023999999,0.0731253805195917
mp-1101401-done,RbPrO2,,3.407,1e+20,300.0,3820.0,409.0,2.4,0.0152964105575855,1101401,5.570433333333334,0.0006390134199999,0.0343203188821721
mp-1101401-done,RbPrO2,,3.407,5e+19,300.0,1910.0,470.0,2.4,0.0076431948039853,1101401,5.570433333333334,0.000421919,0.0226916391988381
mp-1101401-done,RbPrO2,,3.407,1e+19,300.0,397.0,609.0,2.5,0.0015599321905613,1101401,5.570433333333334,0.0001472397569999,0.0079274911140469
mp-1101401-done,RbPrO2,,3.407,5e+18,300.0,203.0,668.0,2.5,0.0007929995812751,1101401,5.570433333333334,9.0583472e-05,0.0048777486277035
mp-1101401-done,RbPrO2,,3.407,1e+18,300.0,42.6,804.0,2.7,0.0001643579893293,1101401,5.570433333333334,2.7537321599999995e-05,0.0014830000186278
mp-1101401-done,RbPrO2,,3.407,-1e+18,300.0,557.0,-503.0,34.8,0.002804334640522,1101401,5.570433333333334,0.000140926013,0.0075858605748945
mp-1101401-done,RbPrO2,,3.407,-5e+18,300.0,2660.0,-369.0,33.2,0.0136431292604689,1101401,5.570433333333334,0.0003621882599999,0.0194582718785872
mp-1101401-done,RbPrO2,,3.407,-1e+19,300.0,5210.0,-312.0,32.5,0.0270858180489524,1101401,5.570433333333334,0.00050716224,0.0271814473314356
mp-1101401-done,RbPrO2,,3.407,-5e+19,300.0,23700.0,-187.0,29.6,0.1325318970103461,1101401,5.570433333333334,0.0008287652999999,0.043596546701195
mp-1101401-done,RbPrO2,,3.407,-1e+20,300.0,44200.0,-143.0,27.6,0.2573174375925197,1101401,5.570433333333334,0.0009038458,0.0465280261044728
mp-1101401-done,RbPrO2,,3.407,-5e+20,300.0,190000.0,-59.8,23.7,1.214137283502229,1101401,5.570433333333334,0.0006794475999999,0.0300437996023161
mp-1101401-done,RbPrO2,,3.407,-1e+21,300.0,349000.0,-41.2,21.8,2.3091486476643857,1101401,5.570433333333334,0.00059240656,0.0225547457249117
mp-9362-done,RbPrS2,2.257,2.647,1e+21,300.0,154000.0,98.6,9.6,1.264435297054625,9362,3.3969,0.0014971818399999,0.0963574862944913
mp-9362-done,RbPrS2,2.257,2.647,5e+20,300.0,104000.0,94.4,13.0,0.7399834977057758,9362,3.3969,0.00092678144,0.0672086685917531
mp-9362-done,RbPrS2,2.257,2.647,1e+20,300.0,36500.0,168.0,22.8,0.1965570594122632,9362,3.3969,0.001030176,0.0860043114166356
mp-9362-done,RbPrS2,2.257,2.647,5e+19,300.0,20800.0,220.0,25.9,0.1058337512414812,9362,3.3969,0.0010067199999999,0.0862229394092331
mp-9362-done,RbPrS2,2.257,2.647,1e+19,300.0,5100.0,348.0,31.8,0.0245404297326106,9362,3.3969,0.0006176304,0.0541552962284018
mp-9362-done,RbPrS2,2.257,2.647,5e+18,300.0,2720.0,403.0,33.9,0.0129485843761208,9362,3.3969,0.0004417524799999,0.038865580309695
mp-9362-done,RbPrS2,2.257,2.647,1e+18,300.0,599.0,534.0,37.4,0.0028379796226502,9362,3.3969,0.0001708084439999,0.0150724948531644
mp-9362-done,RbPrS2,2.257,2.647,-1e+18,300.0,2450.0,-523.0,153.2,0.0127278157929896,9362,3.3969,0.00067014605,0.0589635660727511
mp-9362-done,RbPrS2,2.257,2.647,-5e+18,300.0,11400.0,-390.0,142.8,0.0599955041588515,9362,3.3969,0.00173394,0.1504766341285671
mp-9362-done,RbPrS2,2.257,2.647,-1e+19,300.0,22200.0,-332.0,138.7,0.1175996122489533,9362,3.3969,0.0024469728,0.2088752087043906
mp-9362-done,RbPrS2,2.257,2.647,-5e+19,300.0,102000.0,-203.0,127.8,0.5661715522747572,9362,3.3969,0.004203318,0.318186382296379
mp-9362-done,RbPrS2,2.257,2.647,-1e+20,300.0,193000.0,-153.0,120.5,1.101856677898878,9362,3.3969,0.004517937,0.30127904153132
mp-9362-done,RbPrS2,2.257,2.647,-5e+20,300.0,735000.0,-61.2,91.7,4.715654885145329,9362,3.3969,0.0027528983999999,0.1018014092591467
mp-9362-done,RbPrS2,2.257,2.647,-1e+21,300.0,1160000.0,-39.7,72.4,7.972257733916838,9362,3.3969,0.0018282644,0.0482427399493067
mp-9364-done,RbSmS2,2.264,2.766,1e+21,300.0,147000.0,86.6,9.2,1.0444667812217954,9364,3.529666666666666,0.0011024353199999,0.0723045358793901
mp-9364-done,RbSmS2,2.264,2.766,5e+20,300.0,95800.0,86.3,12.0,0.5989409652783227,9364,3.529666666666666,0.000713488702,0.0518447451736077
mp-9364-done,RbSmS2,2.264,2.766,1e+20,300.0,29200.0,166.0,18.2,0.1604460905488461,9364,3.529666666666666,0.0008046352,0.0654154970001915
mp-9364-done,RbSmS2,2.264,2.766,5e+19,300.0,16000.0,219.0,20.0,0.0847530750944301,9364,3.529666666666666,0.000767376,0.0636928792027432
mp-9364-done,RbSmS2,2.264,2.766,1e+19,300.0,3760.0,348.0,23.5,0.0189857162972621,9364,3.529666666666666,0.00045535104,0.0384949826744944
mp-9364-done,RbSmS2,2.264,2.766,5e+18,300.0,1980.0,404.0,24.7,0.0099262856085353,9364,3.529666666666666,0.00032316768,0.0273902409986667
mp-9364-done,RbSmS2,2.264,2.766,1e+18,300.0,434.0,535.0,27.1,0.0021581175552704,9364,3.529666666666666,0.00012422165,0.0105516262206676
mp-9364-done,RbSmS2,2.264,2.766,-1e+18,300.0,1750.0,-515.0,109.4,0.0088411438518537,9364,3.529666666666666,0.0004641437499999,0.0393508033488177
mp-9364-done,RbSmS2,2.264,2.766,-5e+18,300.0,8220.0,-381.0,102.6,0.0420957572812462,9364,3.529666666666666,0.0011932234199999,0.1002213987133849
mp-9364-done,RbSmS2,2.264,2.766,-1e+19,300.0,16000.0,-323.0,100.2,0.0830683533424402,9364,3.529666666666666,0.001669264,0.1386149820638486
mp-9364-done,RbSmS2,2.264,2.766,-5e+19,300.0,74100.0,-193.0,92.5,0.4058348541421655,9364,3.529666666666666,0.0027601508999999,0.2104040020367693
mp-9364-done,RbSmS2,2.264,2.766,-1e+20,300.0,138000.0,-144.0,86.0,0.7908331846886097,9364,3.529666666666666,0.002861568,0.198697009497804
mp-9364-done,RbSmS2,2.264,2.766,-5e+20,300.0,512000.0,-61.3,63.9,3.350733668161913,9364,3.529666666666666,0.00192393728,0.0838877326771684
mp-9364-done,RbSmS2,2.264,2.766,-1e+21,300.0,838000.0,-40.5,52.3,5.719575221389301,9364,3.529666666666666,0.0013745294999999,0.0445829890698902
mp-10780-done,RbSmSe2,1.886,2.488,1e+21,300.0,134000.0,71.6,8.3,0.8422906926877921,10780,2.840733333333333,0.0006869590399999,0.0559561139281006
mp-10780-done,RbSmSe2,1.886,2.488,5e+20,300.0,79500.0,74.7,9.9,0.4979262013989294,10780,2.840733333333333,0.0004436171549999,0.0398618502771779
mp-10780-done,RbSmSe2,1.886,2.488,1e+20,300.0,21400.0,147.0,13.4,0.134093486134678,10780,2.840733333333333,0.0004624325999999,0.0466345735126789
mp-10780-done,RbSmSe2,1.886,2.488,5e+19,300.0,11600.0,196.0,14.5,0.0699614203086947,10780,2.840733333333333,0.0004456256,0.04592981790094
mp-10780-done,RbSmSe2,1.886,2.488,1e+19,300.0,2630.0,325.0,16.4,0.0150096150881547,10780,2.840733333333333,0.0002777937499999,0.0291826423124095
mp-10780-done,RbSmSe2,1.886,2.488,5e+18,300.0,1370.0,382.0,17.1,0.0077404197420857,10780,2.840733333333333,0.0001999158799999,0.0210550523539902
mp-10780-done,RbSmSe2,1.886,2.488,1e+18,300.0,294.0,516.0,18.4,0.0016408272682596,10780,2.840733333333333,7.827926399999999e-05,0.0082620295123389
mp-10780-done,RbSmSe2,1.886,2.488,-1e+18,300.0,653.0,-521.0,40.8,0.0036712327464662,10780,2.840733333333333,0.000177250973,0.0186947006533908
mp-10780-done,RbSmSe2,1.886,2.488,-5e+18,300.0,3130.0,-385.0,39.0,0.0177380719902111,10780,2.840733333333333,0.0004639442499999,0.0486915050963107
mp-10780-done,RbSmSe2,1.886,2.488,-1e+19,300.0,6150.0,-327.0,38.4,0.0351620379396401,10780,2.840733333333333,0.0006576133499999,0.0685991594028836
mp-10780-done,RbSmSe2,1.886,2.488,-5e+19,300.0,28900.0,-199.0,36.0,0.1719489417855316,10780,2.840733333333333,0.0011444688999999,0.1139651110359533
mp-10780-done,RbSmSe2,1.886,2.488,-1e+20,300.0,55000.0,-151.0,34.3,0.3378651969585026,10780,2.840733333333333,0.0012540549999999,0.1183592380146946
mp-10780-done,RbSmSe2,1.886,2.488,-5e+20,300.0,233000.0,-67.5,29.0,1.5709091221950435,10780,2.840733333333333,0.00106160625,0.0721912254246487
mp-10780-done,RbSmSe2,1.886,2.488,-1e+21,300.0,419000.0,-44.3,26.1,2.889692284119177,10780,2.840733333333333,0.0008222833099999,0.0430482846245607
mp-9365-done,RbTbS2,2.292,2.899,1e+21,300.0,134000.0,79.3,8.4,0.8556254708614301,9365,3.946533333333333,0.0008426576599999,0.0526424277720985
mp-9365-done,RbTbS2,2.292,2.899,5e+20,300.0,83500.0,79.4,10.4,0.5040595516365501,9365,3.946533333333333,0.00052641406,0.0354838607083848
mp-9365-done,RbTbS2,2.292,2.899,1e+20,300.0,24000.0,160.0,15.0,0.1365274427418079,9365,3.946533333333333,0.0006143999999999,0.0451426050476643
mp-9365-done,RbTbS2,2.292,2.899,5e+19,300.0,13100.0,212.0,16.4,0.0718160343322539,9365,3.946533333333333,0.0005887664,0.0439558395348314
mp-9365-done,RbTbS2,2.292,2.899,1e+19,300.0,3020.0,342.0,18.9,0.0158569977762219,9365,3.946533333333333,0.0003532312799999,0.026743802388165
mp-9365-done,RbTbS2,2.292,2.899,5e+18,300.0,1590.0,398.0,19.8,0.0082602442111987,9365,3.946533333333333,0.0002518623599999,0.019105600967139
mp-9365-done,RbTbS2,2.292,2.899,1e+18,300.0,344.0,531.0,21.5,0.0017791400231416,9365,3.946533333333333,9.6994584e-05,0.0073698258170694
mp-9365-done,RbTbS2,2.292,2.899,-1e+18,300.0,1260.0,-511.0,78.9,0.0064053521643716,9365,3.946533333333333,0.0003290124599999,0.0249697113598265
mp-9365-done,RbTbS2,2.292,2.899,-5e+18,300.0,6020.0,-376.0,75.2,0.0309075753382677,9365,3.946533333333333,0.0008510835199999,0.064193299627233
mp-9365-done,RbTbS2,2.292,2.899,-1e+19,300.0,11800.0,-317.0,73.8,0.0613508634055089,9365,3.946533333333333,0.0011857702,0.088757818973276
mp-9365-done,RbTbS2,2.292,2.899,-5e+19,300.0,54800.0,-188.0,68.4,0.3008333293208086,9365,3.946533333333333,0.0019368511999999,0.1368036729932031
mp-9365-done,RbTbS2,2.292,2.899,-1e+20,300.0,102000.0,-141.0,63.7,0.5865064717995282,9365,3.946533333333333,0.0020278619999999,0.1342054396502567
mp-9365-done,RbTbS2,2.292,2.899,-5e+20,300.0,387000.0,-60.2,48.3,2.544768556920921,9365,3.946533333333333,0.0014025034799999,0.0648176669508572
mp-9365-done,RbTbS2,2.292,2.899,-1e+21,300.0,650000.0,-41.1,40.6,4.459011921192981,9365,3.946533333333333,0.0010979865,0.039187933682544
mp-8176-done,RbTlO2,0.977,1.095,1e+21,300.0,134000.0,180.0,8.4,0.7529870524948734,8176,3.2733666666666665,0.0043415999999999,0.3234887172980923
mp-8176-done,RbTlO2,0.977,1.095,5e+20,300.0,72000.0,229.0,9.0,0.3915874822063707,8176,3.2733666666666665,0.0037757519999999,0.3090695146481655
mp-8176-done,RbTlO2,0.977,1.095,1e+20,300.0,14600.0,370.0,9.1,0.0789784994917492,8176,3.2733666666666665,0.0019987399999999,0.178866426420851
mp-8176-done,RbTlO2,0.977,1.095,5e+19,300.0,7470.0,432.0,9.3,0.0399903267109102,8176,3.2733666666666665,0.0013940812799999,0.1262237618330524
mp-8176-done,RbTlO2,0.977,1.095,1e+19,300.0,1730.0,569.0,10.8,0.008812193249142,8176,3.2733666666666665,0.0005601065299999,0.0511952474778538
mp-8176-done,RbTlO2,0.977,1.095,5e+18,300.0,934.0,625.0,11.7,0.0046401231869707,8176,3.2733666666666665,0.00036484375,0.0333901459078085
mp-8176-done,RbTlO2,0.977,1.095,1e+18,300.0,214.0,757.0,13.3,0.0010210911052846,8176,3.2733666666666665,0.000122632486,0.0112356106000816
mp-8176-done,RbTlO2,0.977,1.095,-1e+18,300.0,3610.0,-327.0,225.5,0.0202715808244833,8176,3.2733666666666665,0.0003860136899999,0.0351599350925017
mp-8176-done,RbTlO2,0.977,1.095,-5e+18,300.0,14700.0,-213.0,183.1,0.086358162149043,8176,3.2733666666666665,0.0006669243,0.0595516895562326
mp-8176-done,RbTlO2,0.977,1.095,-1e+19,300.0,26700.0,-168.0,166.6,0.1585655260627724,8176,3.2733666666666665,0.0007535808,0.0658737490440338
mp-8176-done,RbTlO2,0.977,1.095,-5e+19,300.0,104000.0,-71.3,129.9,0.6619259693592626,8176,3.2733666666666665,0.0005287037599999,0.0403047861162731
mp-8176-done,RbTlO2,0.977,1.095,-1e+20,300.0,170000.0,-52.1,106.0,1.152622871718205,8176,3.2733666666666665,0.0004614497,0.0312777309569777
mp-8176-done,RbTlO2,0.977,1.095,-5e+20,300.0,496000.0,-19.6,61.9,3.42651389260754,8176,3.2733666666666665,0.00019054336,0.0085319443375558
mp-8176-done,RbTlO2,0.977,1.095,-1e+21,300.0,609000.0,-6.31,38.0,4.212741396187716,8176,3.2733666666666665,2.42480049e-05,0.0009717200725561
mp-7478-done,RbTmO2,3.722,3.913,1e+21,300.0,216000.0,151.0,13.5,0.9767208213090433,7478,6.053766666666667,0.0049250159999999,0.2101568066975378
mp-7478-done,RbTmO2,3.722,3.913,5e+20,300.0,120000.0,203.0,14.9,0.5188418552688282,7478,6.053766666666667,0.00494508,0.225713123647768
mp-7478-done,RbTmO2,3.722,3.913,1e+20,300.0,26000.0,343.0,16.2,0.110179710806487,7478,6.053766666666667,0.003058874,0.1488757597492576
mp-7478-done,RbTmO2,3.722,3.913,5e+19,300.0,13400.0,403.0,16.8,0.0565203145339954,7478,6.053766666666667,0.0021762806,0.1068500026281431
mp-7478-done,RbTmO2,3.722,3.913,1e+19,300.0,3040.0,539.0,19.0,0.0123358095367367,7478,6.053766666666667,0.0008831838399999,0.0436779881380767
mp-7478-done,RbTmO2,3.722,3.913,5e+18,300.0,1610.0,597.0,20.1,0.0064076908036902,7478,6.053766666666667,0.0005738184899999,0.0284060386460278
mp-7478-done,RbTmO2,3.722,3.913,1e+18,300.0,358.0,729.0,22.4,0.0013901157944664,7478,6.053766666666667,0.0001902558779999,0.0094261412958445
mp-7478-done,RbTmO2,3.722,3.913,-1e+18,300.0,4080.0,-511.0,254.9,0.0206374406836594,7478,6.053766666666667,0.00106537368,0.0526162070141585
mp-7478-done,RbTmO2,3.722,3.913,-5e+18,300.0,18600.0,-380.0,231.9,0.0962276359968318,7478,6.053766666666667,0.0026858399999999,0.1310167067392252
mp-7478-done,RbTmO2,3.722,3.913,-1e+19,300.0,35900.0,-323.0,223.8,0.1883763048754719,7478,6.053766666666667,0.0037454110999999,0.18000602279098
mp-7478-done,RbTmO2,3.722,3.913,-5e+19,300.0,161000.0,-195.0,200.6,0.8920449478104192,7478,6.053766666666667,0.006122025,0.264419423091173
mp-7478-done,RbTmO2,3.722,3.913,-1e+20,300.0,298000.0,-147.0,186.0,1.7132235163591965,7478,6.053766666666667,0.006439482,0.2487249957160873
mp-7478-done,RbTmO2,3.722,3.913,-5e+20,300.0,1140000.0,-62.1,142.0,7.45673363931036,7478,6.053766666666667,0.0043963074,0.0976197912831195
mp-7478-done,RbTmO2,3.722,3.913,-1e+21,300.0,1960000.0,-42.6,122.1,13.372953926072071,7478,6.053766666666667,0.0035569295999999,0.0549284103256634
mp-9368-done,RbTmS2,2.356,3.071,1e+21,300.0,166000.0,76.0,10.3,0.94702874707773,9368,3.9414666666666665,0.0009588159999999,0.0588411721101821
mp-9368-done,RbTmS2,2.356,3.071,5e+20,300.0,87500.0,90.9,10.9,0.5382274681009723,9368,3.9414666666666665,0.000722995875,0.0484182080237606
mp-9368-done,RbTmS2,2.356,3.071,1e+20,300.0,21200.0,171.0,13.2,0.1385926572979126,9368,3.9414666666666665,0.0006199091999999,0.0455808960687515
mp-9368-done,RbTmS2,2.356,3.071,5e+19,300.0,11300.0,221.0,14.1,0.0718544021979337,9368,3.9414666666666665,0.0005519032999999,0.041255356139949
mp-9368-done,RbTmS2,2.356,3.071,1e+19,300.0,2540.0,351.0,15.8,0.0153853977795308,9368,3.9414666666666665,0.0003129305399999,0.023725719453479
mp-9368-done,RbTmS2,2.356,3.071,5e+18,300.0,1330.0,408.0,16.6,0.0079495427204844,9368,3.9414666666666665,0.00022139712,0.0168174566767949
mp-9368-done,RbTmS2,2.356,3.071,1e+18,300.0,288.0,541.0,18.0,0.0016982741626384,9368,3.9414666666666665,8.429212799999998e-05,0.0064130308469119
mp-9368-done,RbTmS2,2.356,3.071,-1e+18,300.0,878.0,-522.0,54.8,0.0047893278112886,9368,3.9414666666666665,0.000239240952,0.0181874378399251
mp-9368-done,RbTmS2,2.356,3.071,-5e+18,300.0,4140.0,-387.0,51.6,0.0229464906116953,9368,3.9414666666666665,0.0006200436599999,0.0469207145220129
mp-9368-done,RbTmS2,2.356,3.071,-1e+19,300.0,8110.0,-328.0,50.6,0.0455090725038243,9368,3.9414666666666665,0.00087250624,0.0656517343279492
mp-9368-done,RbTmS2,2.356,3.071,-5e+19,300.0,38300.0,-198.0,47.8,0.2238437773136275,9368,3.9414666666666665,0.0015015132,0.10814415061211
mp-9368-done,RbTmS2,2.356,3.071,-1e+20,300.0,73000.0,-150.0,45.6,0.4393757079142586,9368,3.9414666666666665,0.0016424999999999,0.1124783678269426
mp-9368-done,RbTmS2,2.356,3.071,-5e+20,300.0,313000.0,-64.6,39.0,2.0525502140266103,9368,3.9414666666666665,0.00130619908,0.0653751452155865
mp-9368-done,RbTmS2,2.356,3.071,-1e+21,300.0,557000.0,-42.1,34.7,3.7867597906009896,9368,3.9414666666666665,0.00098723237,0.0383231149653334
mp-14437-done,RbYO2,3.703,3.855,1e+21,300.0,171000.0,150.0,10.7,0.765697053671937,14437,3.052433333333333,0.0038474999999999,0.3023076435336981
mp-14437-done,RbYO2,3.703,3.855,5e+20,300.0,94900.0,203.0,11.8,0.4061979056556311,14437,3.052433333333333,0.0039107341,0.3392151833865234
mp-14437-done,RbYO2,3.703,3.855,1e+20,300.0,20200.0,342.0,12.6,0.0842411038218801,14437,3.052433333333333,0.0023626727999999,0.2259723966261584
mp-14437-done,RbYO2,3.703,3.855,5e+19,300.0,10400.0,404.0,12.9,0.0426143297133792,14437,3.052433333333333,0.0016974464,0.1645318506981307
mp-14437-done,RbYO2,3.703,3.855,1e+19,300.0,2350.0,539.0,14.7,0.0092346204648319,14437,3.052433333333333,0.0006827243499999,0.0668972952295114
mp-14437-done,RbYO2,3.703,3.855,5e+18,300.0,1250.0,596.0,15.6,0.0048269270435742,14437,3.052433333333333,0.0004440199999999,0.0435703828445236
mp-14437-done,RbYO2,3.703,3.855,1e+18,300.0,282.0,727.0,17.6,0.0010552432643561,14437,3.052433333333333,0.000149045178,0.0146434323490482
mp-14437-done,RbYO2,3.703,3.855,-1e+18,300.0,2820.0,-508.0,176.3,0.013696462739068,14437,3.052433333333333,0.00072774048,0.071204468995299
mp-14437-done,RbYO2,3.703,3.855,-5e+18,300.0,12800.0,-377.0,159.7,0.0641896208156017,14437,3.052433333333333,0.0018192511999999,0.1751175448648411
mp-14437-done,RbYO2,3.703,3.855,-1e+19,300.0,24500.0,-320.0,153.0,0.1253490667670949,14437,3.052433333333333,0.0025087999999999,0.2368444107362997
mp-14437-done,RbYO2,3.703,3.855,-5e+19,300.0,109000.0,-194.0,136.1,0.5960632337669707,14437,3.052433333333333,0.004102324,0.3373162554400085
mp-14437-done,RbYO2,3.703,3.855,-1e+20,300.0,202000.0,-146.0,125.9,1.1552761302109662,14437,3.052433333333333,0.004305832,0.3069959110037779
mp-14437-done,RbYO2,3.703,3.855,-5e+20,300.0,783000.0,-66.2,97.8,5.1310978121878295,14437,3.052433333333333,0.0034314505199999,0.1257935159889235
mp-14437-done,RbYO2,3.703,3.855,-1e+21,300.0,1420000.0,-44.8,88.7,9.503606325125308,14437,3.052433333333333,0.0028499967999999,0.0680946431563699
mp-30459-done,ScNiBi,0.177,0.939,1e+21,300.0,1220000.0,39.3,76.1,8.392990977165077,30459,8.0226,0.0018842777999999,0.0344357593208985
mp-30459-done,ScNiBi,0.177,0.939,5e+20,300.0,794000.0,74.0,99.1,5.027295130890579,30459,8.0226,0.0043479439999999,0.0999535388535304
mp-30459-done,ScNiBi,0.177,0.939,1e+20,300.0,200000.0,175.0,124.8,1.4823437314274877,30459,8.0226,0.0061249999999999,0.1933204500647798
mp-30459-done,ScNiBi,0.177,0.939,5e+19,300.0,108000.0,216.0,135.1,0.8578976565458092,30459,8.0226,0.0050388479999999,0.1702218117118391
mp-30459-done,ScNiBi,0.177,0.939,1e+19,300.0,28900.0,314.0,171.7,0.4116798213695465,30459,8.0226,0.0028494244,0.1013515484551702
mp-30459-done,ScNiBi,0.177,0.939,5e+18,300.0,18800.0,311.0,196.4,0.5431169058422215,30459,8.0226,0.0018183547999999,0.063684855102777
mp-30459-done,ScNiBi,0.177,0.939,1e+18,300.0,15000.0,151.0,283.8,1.05779630100249,30459,8.0226,0.0003420149999999,0.0112995618912185
mp-30459-done,ScNiBi,0.177,0.939,-1e+18,300.0,13500.0,-66.8,189.9,1.1554046901781398,30459,8.0226,6.024023999999999e-05,0.0019690632779192
mp-30459-done,ScNiBi,0.177,0.939,-5e+18,300.0,14500.0,-357.0,140.8,0.6457250969762012,30459,8.0226,0.0018480105,0.0639573555211253
mp-30459-done,ScNiBi,0.177,0.939,-1e+19,300.0,21400.0,-404.0,124.3,0.4287141283791316,30459,8.0226,0.0034928223999999,0.123986246882168
mp-30459-done,ScNiBi,0.177,0.939,-5e+19,300.0,80800.0,-316.0,100.6,0.5835282867805485,30459,8.0226,0.0080683648,0.2812541667218725
mp-30459-done,ScNiBi,0.177,0.939,-1e+20,300.0,154000.0,-258.0,95.8,1.0493422436684006,30459,8.0226,0.0102508559999999,0.3389854914636709
mp-30459-done,ScNiBi,0.177,0.939,-5e+20,300.0,712000.0,-135.0,88.8,4.758090967477059,30459,8.0226,0.0129762,0.3045891657897163
mp-30459-done,ScNiBi,0.177,0.939,-1e+21,300.0,1410000.0,-91.8,88.1,9.475787771600803,30459,8.0226,0.0118824083999999,0.2037171976372231
mp-13313-done,ScTlSe2,0.601,1.098,1e+21,300.0,728000.0,13.3,45.4,5.063318581110956,13313,1.8951,0.00012877592,0.0055519476946774
mp-13313-done,ScTlSe2,0.601,1.098,5e+20,300.0,464000.0,19.8,57.9,3.2618933065287337,13313,1.8951,0.00018190656,0.0105821289182035
mp-13313-done,ScTlSe2,0.601,1.098,1e+20,300.0,145000.0,48.1,90.4,0.9755886116319582,13313,1.8951,0.0003354734499999,0.0350584994109674
mp-13313-done,ScTlSe2,0.601,1.098,5e+19,300.0,82000.0,74.2,102.4,0.5162300129438425,13313,1.8951,0.00045146248,0.0561676515752612
mp-13313-done,ScTlSe2,0.601,1.098,1e+19,300.0,18000.0,162.0,112.4,0.1089950341279408,13313,1.8951,0.0004723919999999,0.070714011854052
mp-13313-done,ScTlSe2,0.601,1.098,5e+18,300.0,9400.0,209.0,117.3,0.0557463001649923,13313,1.8951,0.0004106013999999,0.0631420425020423
mp-13313-done,ScTlSe2,0.601,1.098,1e+18,300.0,2010.0,333.0,125.7,0.011549258486289,13313,1.8951,0.0002228868899999,0.0350699357537084
mp-13313-done,ScTlSe2,0.601,1.098,-1e+18,300.0,176.0,-637.0,11.0,0.0010987362136259,13313,1.8951,7.1415344e-05,0.0112987118864877
mp-13313-done,ScTlSe2,0.601,1.098,-5e+18,300.0,851.0,-502.0,10.6,0.0053176393590902,13313,1.8951,0.0002144554039999,0.0338539381383911
mp-13313-done,ScTlSe2,0.601,1.098,-1e+19,300.0,1670.0,-444.0,10.4,0.0104967487093778,13313,1.8951,0.00032921712,0.0518289801170639
mp-13313-done,ScTlSe2,0.601,1.098,-5e+19,300.0,8030.0,-310.0,10.0,0.0510043752062001,13313,1.8951,0.0007716829999999,0.1189581108543784
mp-13313-done,ScTlSe2,0.601,1.098,-1e+20,300.0,15700.0,-256.0,9.8,0.0999819930297648,13313,1.8951,0.0010289151999999,0.1547177314408074
mp-13313-done,ScTlSe2,0.601,1.098,-5e+20,300.0,71500.0,-151.0,8.9,0.4626218525089744,13313,1.8951,0.0016302714999999,0.2074381460559111
mp-13313-done,ScTlSe2,0.601,1.098,-1e+21,300.0,137000.0,-120.0,8.5,0.8996892287362112,13313,1.8951,0.0019728,0.2117655220345996
mp-5598-done,Sm2SO2,2.955,3.473,1e+21,300.0,118000.0,69.9,7.4,0.7236915410948198,5598,9.718033333333333,0.00057654918,0.0165647683768791
mp-5598-done,Sm2SO2,2.955,3.473,5e+20,300.0,69400.0,101.0,8.7,0.4016922085491719,5598,9.718033333333333,0.0007079494,0.0209872114733747
mp-5598-done,Sm2SO2,2.955,3.473,1e+20,300.0,17300.0,211.0,10.8,0.0891692360410004,5598,9.718033333333333,0.0007702132999999,0.0235606421265866
mp-5598-done,Sm2SO2,2.955,3.473,5e+19,300.0,9130.0,267.0,11.4,0.0456094122020569,5598,9.718033333333333,0.00065086857,0.0199987418721651
mp-5598-done,Sm2SO2,2.955,3.473,1e+19,300.0,2100.0,398.0,13.1,0.0098401235035393,5598,9.718033333333333,0.0003326483999999,0.0102586161757514
mp-5598-done,Sm2SO2,2.955,3.473,5e+18,300.0,1120.0,454.0,14.0,0.005133291910266,5598,9.718033333333333,0.00023084992,0.0071226770731459
mp-5598-done,Sm2SO2,2.955,3.473,1e+18,300.0,259.0,583.0,16.1,0.0011264782812114,5598,9.718033333333333,8.8031251e-05,0.0027172487963867
mp-5598-done,Sm2SO2,2.955,3.473,-1e+18,300.0,775.0,-461.0,48.3,0.0036783357985268,5598,9.718033333333333,0.0001647037749999,0.0050825548197298
mp-5598-done,Sm2SO2,2.955,3.473,-5e+18,300.0,3240.0,-336.0,40.5,0.0166369603444737,5598,9.718033333333333,0.00036578304,0.0112725864040066
mp-5598-done,Sm2SO2,2.955,3.473,-1e+19,300.0,5950.0,-282.0,37.1,0.0317277923120171,5598,9.718033333333333,0.0004731677999999,0.0145593659342678
mp-5598-done,Sm2SO2,2.955,3.473,-5e+19,300.0,23700.0,-168.0,29.6,0.1391999597442024,5598,9.718033333333333,0.0006689088,0.0203579071361663
mp-5598-done,Sm2SO2,2.955,3.473,-1e+20,300.0,42400.0,-128.0,26.5,0.2578655853594999,5598,9.718033333333333,0.0006946815999999,0.0208907970798964
mp-5598-done,Sm2SO2,2.955,3.473,-5e+20,300.0,159000.0,-57.0,19.8,1.0101543201915668,5598,9.718033333333333,0.000516591,0.0144458043618467
mp-5598-done,Sm2SO2,2.955,3.473,-1e+21,300.0,256000.0,-34.2,16.0,1.6394340744782274,5598,9.718033333333333,0.00029942784,0.0079091886222994
mp-999137-done,SmTlSe2,1.174,1.836,1e+21,300.0,374000.0,15.8,23.3,2.6791497956483545,999137,1.7236333333333331,9.336536e-05,0.0063617959775543
mp-999137-done,SmTlSe2,1.174,1.836,5e+20,300.0,248000.0,19.6,31.0,1.7796664811267522,999137,1.7236333333333331,9.527168000000002e-05,0.0081584521775807
mp-999137-done,SmTlSe2,1.174,1.836,1e+20,300.0,74000.0,57.2,46.2,0.4986643523466239,999137,1.7236333333333331,0.00024211616,0.0326845716791429
mp-999137-done,SmTlSe2,1.174,1.836,5e+19,300.0,37000.0,83.6,46.2,0.2530097012976772,999137,1.7236333333333331,0.0002585915199999,0.0392470742773501
mp-999137-done,SmTlSe2,1.174,1.836,1e+19,300.0,7610.0,168.0,47.5,0.0491439840312118,999137,1.7236333333333331,0.00021478464,0.0363471437550832
mp-999137-done,SmTlSe2,1.174,1.836,5e+18,300.0,3900.0,215.0,48.7,0.0246761201041796,999137,1.7236333333333331,0.0001802775,0.030934597930396
mp-999137-done,SmTlSe2,1.174,1.836,1e+18,300.0,822.0,339.0,51.3,0.005099157928932,999137,1.7236333333333331,9.4465062e-05,0.0163932353578357
mp-999137-done,SmTlSe2,1.174,1.836,-1e+18,300.0,251.0,-600.0,15.7,0.0014952995977347,999137,1.7236333333333331,9.035999999999998e-05,0.01571361084764
mp-999137-done,SmTlSe2,1.174,1.836,-5e+18,300.0,1200.0,-464.0,15.0,0.0071908743650716,999137,1.7236333333333331,0.0002583552,0.0447801455833956
mp-999137-done,SmTlSe2,1.174,1.836,-1e+19,300.0,2360.0,-406.0,14.7,0.0141547215807134,999137,1.7236333333333331,0.00038901296,0.0671565716371392
mp-999137-done,SmTlSe2,1.174,1.836,-5e+19,300.0,11300.0,-271.0,14.2,0.0690844806961228,999137,1.7236333333333331,0.0008298832999999,0.1388757271510436
mp-999137-done,SmTlSe2,1.174,1.836,-1e+20,300.0,22100.0,-216.0,13.8,0.1360737334008786,999137,1.7236333333333331,0.0010310976,0.1663322603506615
mp-999137-done,SmTlSe2,1.174,1.836,-5e+20,300.0,101000.0,-107.0,12.6,0.6368355972862089,999137,1.7236333333333331,0.001156349,0.1469643152256824
mp-999137-done,SmTlSe2,1.174,1.836,-1e+21,300.0,195000.0,-68.6,12.2,1.2620408795264562,999137,1.7236333333333331,0.0009176621999999,0.0922065303756898
mp-999132-done,SmTlTe2,0.634,1.339,1e+21,300.0,561000.0,12.2,35.0,4.018424636700878,999132,1.1931666666666667,8.349923999999997e-05,0.0048065495818549
mp-999132-done,SmTlTe2,0.634,1.339,1e+21,300.0,561000.0,12.2,35.0,4.033261176158631,999132,1.1931666666666667,8.349923999999997e-05,0.0047929049732098
mp-999132-done,SmTlTe2,0.634,1.339,1e+21,300.0,563000.0,12.1,35.1,4.018424636700878,999132,1.1931666666666667,8.242883e-05,0.0047449325091975
mp-999132-done,SmTlTe2,0.634,1.339,1e+21,300.0,563000.0,12.1,35.1,4.033261176158631,999132,1.1931666666666667,8.242883e-05,0.0047314628162229
mp-999132-done,SmTlTe2,0.634,1.339,5e+20,300.0,380000.0,20.4,47.4,2.758903815890124,999132,1.1931666666666667,0.0001581407999999,0.0120044012902516
mp-999132-done,SmTlTe2,0.634,1.339,5e+20,300.0,380000.0,20.4,47.4,2.7631203930038915,999132,1.1931666666666667,0.0001581407999999,0.011991607101412
mp-999132-done,SmTlTe2,0.634,1.339,5e+20,300.0,380000.0,20.4,47.5,2.758903815890124,999132,1.1931666666666667,0.0001581407999999,0.0120044012902516
mp-999132-done,SmTlTe2,0.634,1.339,5e+20,300.0,380000.0,20.4,47.5,2.7631203930038915,999132,1.1931666666666667,0.0001581407999999,0.011991607101412
mp-999132-done,SmTlTe2,0.634,1.339,1e+20,300.0,133000.0,41.7,82.9,0.948574436442146,999132,1.1931666666666667,0.00023127237,0.0323950037188388
mp-999132-done,SmTlTe2,0.634,1.339,5e+19,300.0,76100.0,57.9,94.9,0.5295300467461143,999132,1.1931666666666667,0.0002551184009999,0.0444277391975444
mp-999132-done,SmTlTe2,0.634,1.339,5e+19,300.0,76100.0,57.9,94.9,0.5295285389664789,999132,1.1931666666666667,0.0002551184009999,0.0444277780826822
mp-999132-done,SmTlTe2,0.634,1.339,5e+19,300.0,76100.0,57.9,94.9,0.5295300467461143,999132,1.1931666666666667,0.0002551184009999,0.0444277391975444
mp-999132-done,SmTlTe2,0.634,1.339,5e+19,300.0,76100.0,57.9,94.9,0.5295285389664789,999132,1.1931666666666667,0.0002551184009999,0.0444277780826822
mp-999132-done,SmTlTe2,0.634,1.339,1e+19,300.0,19600.0,128.0,122.1,0.117674741786438,999132,1.1931666666666667,0.0003211264,0.0734931925240951
mp-999132-done,SmTlTe2,0.634,1.339,5e+18,300.0,10300.0,175.0,129.0,0.0589309857878653,999132,1.1931666666666667,0.0003154374999999,0.0755781706119015
mp-999132-done,SmTlTe2,0.634,1.339,5e+18,300.0,10300.0,175.0,129.0,0.0589309775753694,999132,1.1931666666666667,0.0003154374999999,0.0755781711076179
mp-999132-done,SmTlTe2,0.634,1.339,5e+18,300.0,10300.0,175.0,129.0,0.0589309857878653,999132,1.1931666666666667,0.0003154374999999,0.0755781706119015
mp-999132-done,SmTlTe2,0.634,1.339,5e+18,300.0,10300.0,175.0,129.0,0.0589309775753694,999132,1.1931666666666667,0.0003154374999999,0.0755781711076179
mp-999132-done,SmTlTe2,0.634,1.339,1e+18,300.0,2200.0,299.0,137.2,0.0120615140326015,999132,1.1931666666666667,0.0001966822,0.048957252199136
mp-999132-done,SmTlTe2,0.634,1.339,1e+18,300.0,2200.0,299.0,137.2,0.0120613497774582,999132,1.1931666666666667,0.0001966822,0.0489572588713013
mp-999132-done,SmTlTe2,0.634,1.339,1e+18,300.0,2200.0,299.0,137.2,0.0120615140326015,999132,1.1931666666666667,0.0001966822,0.048957252199136
mp-999132-done,SmTlTe2,0.634,1.339,1e+18,300.0,2200.0,299.0,137.2,0.0120613497774582,999132,1.1931666666666667,0.0001966822,0.0489572588713013
mp-999132-done,SmTlTe2,0.634,1.339,-1e+18,300.0,376.0,-604.0,23.5,0.002109831644624,999132,1.1931666666666667,0.0001371708159999,0.0344282221378143
mp-999132-done,SmTlTe2,0.634,1.339,-1e+18,300.0,376.0,-604.0,23.5,0.0021095503685954,999132,1.1931666666666667,0.0001371708159999,0.0344282302395681
mp-999132-done,SmTlTe2,0.634,1.339,-1e+18,300.0,376.0,-604.0,23.5,0.002109831644624,999132,1.1931666666666667,0.0001371708159999,0.0344282221378143
mp-999132-done,SmTlTe2,0.634,1.339,-1e+18,300.0,376.0,-604.0,23.5,0.0021095503685954,999132,1.1931666666666667,0.0001371708159999,0.0344282302395681
mp-999132-done,SmTlTe2,0.634,1.339,-5e+18,300.0,1810.0,-468.0,22.6,0.010224767835831,999132,1.1931666666666667,0.00039643344,0.0988290497922379
mp-999132-done,SmTlTe2,0.634,1.339,-5e+18,300.0,1810.0,-468.0,22.6,0.0102248215677414,999132,1.1931666666666667,0.00039643344,0.0988290453794814
mp-999132-done,SmTlTe2,0.634,1.339,-5e+18,300.0,1810.0,-468.0,22.6,0.010224767835831,999132,1.1931666666666667,0.00039643344,0.0988290497922379
mp-999132-done,SmTlTe2,0.634,1.339,-5e+18,300.0,1810.0,-468.0,22.6,0.0102248215677414,999132,1.1931666666666667,0.00039643344,0.0988290453794814
mp-999132-done,SmTlTe2,0.634,1.339,-1e+19,300.0,3560.0,-409.0,22.2,0.0201712919386777,999132,1.1931666666666667,0.00059552036,0.1472434837572822
mp-999132-done,SmTlTe2,0.634,1.339,-5e+19,300.0,17200.0,-272.0,21.4,0.0995538070486103,999132,1.1931666666666667,0.0012725248,0.2953132156272187
mp-999132-done,SmTlTe2,0.634,1.339,-5e+19,300.0,17200.0,-272.0,21.4,0.0995542052473028,999132,1.1931666666666667,0.0012725248,0.2953131246614589
mp-999132-done,SmTlTe2,0.634,1.339,-5e+19,300.0,17200.0,-272.0,21.4,0.0995538070486103,999132,1.1931666666666667,0.0012725248,0.2953132156272187
mp-999132-done,SmTlTe2,0.634,1.339,-5e+19,300.0,17200.0,-272.0,21.4,0.0995542052473028,999132,1.1931666666666667,0.0012725248,0.2953131246614589
mp-999132-done,SmTlTe2,0.634,1.339,-1e+20,300.0,33900.0,-215.0,21.2,0.1998758046916633,999132,1.1931666666666667,0.0015670274999999,0.3374687130260831
mp-999132-done,SmTlTe2,0.634,1.339,-5e+20,300.0,160000.0,-97.8,20.0,1.0079579181938934,999132,1.1931666666666667,0.0015303743999999,0.2085807969061662
mp-999132-done,SmTlTe2,0.634,1.339,-5e+20,300.0,160000.0,-97.8,20.0,1.007960570105772,999132,1.1931666666666667,0.0015303743999999,0.2085805456086112
mp-999132-done,SmTlTe2,0.634,1.339,-5e+20,300.0,160000.0,-97.8,20.0,1.0079579181938934,999132,1.1931666666666667,0.0015303743999999,0.2085807969061662
mp-999132-done,SmTlTe2,0.634,1.339,-5e+20,300.0,160000.0,-97.8,20.0,1.007960570105772,999132,1.1931666666666667,0.0015303743999999,0.2085805456086112
mp-999132-done,SmTlTe2,0.634,1.339,-1e+21,300.0,307000.0,-60.2,19.2,1.993903411593883,999132,1.1931666666666667,0.00111258028,0.1047275635000057
mp-23024-done,Sr2Br2F2,,5.141,1e+21,300.0,48500.0,136.0,3.0,0.3228091969743302,23024,3.865966666666667,0.0008970559999999,0.0642471234462391
mp-23024-done,Sr2Br2F2,,5.141,5e+20,300.0,28400.0,176.0,3.5,0.1639976260814123,23024,3.865966666666667,0.0008797184,0.0654883023343199
mp-23024-done,Sr2Br2F2,,5.141,1e+20,300.0,7000.0,297.0,4.4,0.0357905127893367,23024,3.865966666666667,0.000617463,0.047475763221592
mp-23024-done,Sr2Br2F2,,5.141,5e+19,300.0,3770.0,353.0,4.7,0.018727322222419,23024,3.865966666666667,0.0004697759299999,0.0362789911903132
mp-23024-done,Sr2Br2F2,,5.141,1e+19,300.0,885.0,485.0,5.5,0.0042330533363115,23024,3.865966666666667,0.0002081741249999,0.0161366962994669
mp-23024-done,Sr2Br2F2,,5.141,5e+18,300.0,467.0,542.0,5.8,0.0022140443368506,23024,3.865966666666667,0.0001371877879999,0.0106397139830866
mp-23024-done,Sr2Br2F2,,5.141,1e+18,300.0,102.0,676.0,6.4,0.0004781869128889,23024,3.865966666666667,4.6611552e-05,0.0036166209863446
mp-23024-done,Sr2Br2F2,,5.141,-1e+18,300.0,1420.0,-405.0,88.9,0.008759234468552,23024,3.865966666666667,0.0002329155,0.0180334433409929
mp-23024-done,Sr2Br2F2,,5.141,-5e+18,300.0,6070.0,-282.0,75.7,0.0389733118402466,23024,3.865966666666667,0.0004827106799999,0.0370846171252395
mp-23024-done,Sr2Br2F2,,5.141,-1e+19,300.0,11100.0,-233.0,69.3,0.0733944060257008,23024,3.865966666666667,0.0006026079,0.0458912921826797
mp-23024-done,Sr2Br2F2,,5.141,-5e+19,300.0,44600.0,-137.0,55.7,0.3186741038830646,23024,3.865966666666667,0.0008370973999999,0.0600121333633566
mp-23024-done,Sr2Br2F2,,5.141,-1e+20,300.0,84400.0,-107.0,52.7,0.6040053146571188,23024,3.865966666666667,0.0009662956,0.0648524601968867
mp-23024-done,Sr2Br2F2,,5.141,-5e+20,300.0,370000.0,-43.5,46.1,2.580310197997277,23024,3.865966666666667,0.0007001325,0.0325831102836055
mp-23024-done,Sr2Br2F2,,5.141,-1e+21,300.0,601000.0,-24.9,37.5,4.31122992154973,23024,3.865966666666667,0.0003726260099999,0.0136706757375822
mp-23056-done,Sr2BrN,1.895,1.964,1e+21,300.0,4170.0,282.0,0.3,0.0242990530484674,23056,3.3368,0.0003316150799999,0.0295988075417589
mp-23056-done,Sr2BrN,1.895,1.964,5e+20,300.0,2080.0,341.0,0.3,0.0120916998040844,23056,3.3368,0.0002418644799999,0.0216666737847075
mp-23056-done,Sr2BrN,1.895,1.964,1e+20,300.0,418.0,481.0,0.3,0.002399508642866,23056,3.3368,9.6708898e-05,0.0086885103225807
mp-23056-done,Sr2BrN,1.895,1.964,5e+19,300.0,212.0,541.0,0.3,0.0012073961242085,23056,3.3368,6.204837199999998e-05,0.005576533959036
mp-23056-done,Sr2BrN,1.895,1.964,1e+19,300.0,44.8,677.0,0.3,0.0002500269722489,23056,3.3368,2.05331392e-05,0.0018459243074605
mp-23056-done,Sr2BrN,1.895,1.964,5e+18,300.0,22.9,735.0,0.3,0.0001271050751669,23056,3.3368,1.23711525e-05,0.0011122046221373
mp-23056-done,Sr2BrN,1.895,1.964,1e+18,300.0,4.76,871.0,0.3,2.613334353963093e-05,23056,3.3368,3.611131159999999e-06,0.0003246616109765
mp-23056-done,Sr2BrN,1.895,1.964,-1e+18,300.0,822.0,-454.0,51.3,0.0060931047497113,23056,3.3368,0.000169427352,0.0152048551979664
mp-23056-done,Sr2BrN,1.895,1.964,-5e+18,300.0,3740.0,-331.0,46.6,0.0268366094377741,23056,3.3368,0.0004097581399999,0.0365459935996228
mp-23056-done,Sr2BrN,1.895,1.964,-1e+19,300.0,7070.0,-282.0,44.2,0.049000224597259,23056,3.3368,0.0005622346799999,0.0498169982902737
mp-23056-done,Sr2BrN,1.895,1.964,-5e+19,300.0,30100.0,-180.0,37.5,0.1874235674218705,23056,3.3368,0.0009752399999999,0.0830174347349931
mp-23056-done,Sr2BrN,1.895,1.964,-1e+20,300.0,55100.0,-140.0,34.4,0.3406264693020702,23056,3.3368,0.0010799599999999,0.0881018295551287
mp-23056-done,Sr2BrN,1.895,1.964,-5e+20,300.0,226000.0,-66.5,28.2,1.494812600682087,23056,3.3368,0.0009994285,0.0620555857391531
mp-23056-done,Sr2BrN,1.895,1.964,-1e+21,300.0,417000.0,-45.9,26.1,2.812129887926289,23056,3.3368,0.0008785397699999,0.0428630567926113
mp-22957-done,Sr2Cl2F2,,5.884,1e+21,300.0,103000.0,215.0,6.4,0.6464869936771276,22957,4.041166666666666,0.0047611749999999,0.3047052114970486
mp-22957-done,Sr2Cl2F2,,5.884,5e+20,300.0,55800.0,268.0,7.0,0.3491500719008256,22957,4.041166666666666,0.0040077792,0.2738603685328423
mp-22957-done,Sr2Cl2F2,,5.884,1e+20,300.0,13500.0,398.0,8.5,0.0819064691384443,22957,4.041166666666666,0.0021384539999999,0.1555966093419047
mp-22957-done,Sr2Cl2F2,,5.884,5e+19,300.0,7340.0,454.0,9.2,0.0438334256447356,22957,4.041166666666666,0.00151289144,0.1111058559960006
mp-22957-done,Sr2Cl2F2,,5.884,1e+19,300.0,1730.0,582.0,10.8,0.0101382747448207,22957,4.041166666666666,0.0005859925199999,0.0433928718134758
mp-22957-done,Sr2Cl2F2,,5.884,5e+18,300.0,915.0,638.0,11.4,0.005334084650894,22957,4.041166666666666,0.00037244526,0.0276123952191579
mp-22957-done,Sr2Cl2F2,,5.884,1e+18,300.0,201.0,768.0,12.5,0.0011692532692761,22957,4.041166666666666,0.000118554624,0.0087984739280558
mp-22957-done,Sr2Cl2F2,,5.884,-1e+18,300.0,13100.0,-412.0,820.7,0.0693495783191827,22957,4.041166666666666,0.0022236464,0.1622895714896503
mp-22957-done,Sr2Cl2F2,,5.884,-5e+18,300.0,52200.0,-291.0,651.7,0.2909100891111181,22957,4.041166666666666,0.0044203481999999,0.3061128725919539
mp-22957-done,Sr2Cl2F2,,5.884,-1e+19,300.0,91900.0,-240.0,573.6,0.5297387608292565,22957,4.041166666666666,0.0052934399999999,0.3474217581591796
mp-22957-done,Sr2Cl2F2,,5.884,-5e+19,300.0,323000.0,-135.0,403.1,2.047603512920296,22957,4.041166666666666,0.005886675,0.2900425616195286
mp-22957-done,Sr2Cl2F2,,5.884,-1e+20,300.0,554000.0,-97.2,346.0,3.6708163317477536,22957,4.041166666666666,0.00523410336,0.2036092414004074
mp-22957-done,Sr2Cl2F2,,5.884,-5e+20,300.0,1910000.0,-32.4,238.9,13.431014430028492,22957,4.041166666666666,0.0020050415999999,0.0344268684413845
mp-22957-done,Sr2Cl2F2,,5.884,-1e+21,300.0,2710000.0,-17.2,169.4,19.50664795275044,22957,4.041166666666666,0.0008017263999999,0.0102140229947981
mp-24423-done,Sr2H2Br2,,3.794,1e+21,300.0,94400.0,72.6,5.9,0.5285174179787521,24423,3.999366666666667,0.0004975597439999,0.0329663746707109
mp-24423-done,Sr2H2Br2,,3.794,5e+20,300.0,62600.0,71.9,7.8,0.3877802601774077,24423,3.999366666666667,0.000323617586,0.0221294790028468
mp-24423-done,Sr2H2Br2,,3.794,1e+20,300.0,27100.0,103.0,16.9,0.1296985293101542,24423,3.999366666666667,0.0002875038999999,0.0208887886013544
mp-24423-done,Sr2H2Br2,,3.794,5e+19,300.0,17500.0,138.0,21.8,0.074210156817666,24423,3.999366666666667,0.00033327,0.0245437865375719
mp-24423-done,Sr2H2Br2,,3.794,1e+19,300.0,5120.0,253.0,31.9,0.0172180787794068,24423,3.999366666666667,0.0003277260799999,0.0244779657920677
mp-24423-done,Sr2H2Br2,,3.794,5e+18,300.0,2860.0,309.0,35.7,0.0090493109469537,24423,3.999366666666667,0.0002730756599999,0.0204376737488063
mp-24423-done,Sr2H2Br2,,3.794,1e+18,300.0,734.0,440.0,45.8,0.0020625400622373,24423,3.999366666666667,0.0001421023999999,0.0106538733531212
mp-24423-done,Sr2H2Br2,,3.794,-1e+18,300.0,1310.0,-375.0,81.6,0.0040194723949432,24423,3.999366666666667,0.00018421875,0.0138047200745302
mp-24423-done,Sr2H2Br2,,3.794,-5e+18,300.0,4870.0,-246.0,60.8,0.0170793329106064,24423,3.999366666666667,0.0002947129199999,0.0220129627061525
mp-24423-done,Sr2H2Br2,,3.794,-1e+19,300.0,8500.0,-193.0,53.1,0.032097449479493,24423,3.999366666666667,0.0003166165,0.023560906723585
mp-24423-done,Sr2H2Br2,,3.794,-5e+19,300.0,27800.0,-85.6,34.8,0.1327262544783146,24423,3.999366666666667,0.0002037006079999,0.0147891597711303
mp-24423-done,Sr2H2Br2,,3.794,-1e+20,300.0,39800.0,-59.3,24.8,0.2366672097349028,24423,3.999366666666667,0.0001399563019999,0.0099118401375102
mp-24423-done,Sr2H2Br2,,3.794,-5e+20,300.0,158000.0,-44.5,19.7,1.0054471331117718,24423,3.999366666666667,0.0003128794999999,0.018754713712651
mp-24423-done,Sr2H2Br2,,3.794,-1e+21,300.0,291000.0,-33.4,18.2,1.8109284069019609,24423,3.999366666666667,0.0003246279599999,0.0167613497708568
mp-23860-done,Sr2H2Cl2,3.993,4.008,1e+21,300.0,8560.0,174.0,0.5,0.0276644536586453,23860,5.7359,0.00025916256,0.013489702184322
mp-23860-done,Sr2H2Cl2,3.993,4.008,5e+20,300.0,4290.0,238.0,0.5,0.0126317834866985,23860,5.7359,0.0002430027599999,0.0126816430256828
mp-23860-done,Sr2H2Cl2,3.993,4.008,1e+20,300.0,903.0,384.0,0.6,0.0023177126158594,23860,5.7359,0.000133152768,0.0069613654274874
mp-23860-done,Sr2H2Cl2,3.993,4.008,5e+19,300.0,492.0,443.0,0.6,0.0011826344609047,23860,5.7359,9.6554508e-05,0.0050489690049099
mp-23860-done,Sr2H2Cl2,3.993,4.008,1e+19,300.0,128.0,577.0,0.8,0.0002701475484359,23860,5.7359,4.261491199999999e-05,0.0022287472775653
mp-23860-done,Sr2H2Cl2,3.993,4.008,5e+18,300.0,70.6,634.0,0.9,0.0001443985312976,23860,5.7359,2.83780936e-05,0.0014841984281327
mp-23860-done,Sr2H2Cl2,3.993,4.008,1e+18,300.0,16.5,767.0,1.0,3.2739165600336266e-05,23860,5.7359,9.7067685e-06,0.000507682129903
mp-23860-done,Sr2H2Cl2,3.993,4.008,-1e+18,300.0,916.0,-374.0,57.2,0.0026693806644415,23860,5.7359,0.0001281264159999,0.0066981720094703
mp-23860-done,Sr2H2Cl2,3.993,4.008,-5e+18,300.0,3380.0,-243.0,42.2,0.0116111683554331,23860,5.7359,0.00019958562,0.010417671970724
mp-23860-done,Sr2H2Cl2,3.993,4.008,-1e+19,300.0,5850.0,-188.0,36.5,0.0222503757549401,23860,5.7359,0.0002067623999999,0.0107723341615296
mp-23860-done,Sr2H2Cl2,3.993,4.008,-5e+19,300.0,18900.0,-92.8,23.6,0.0973215164234209,23860,5.7359,0.0001627637759999,0.008370868937943
mp-23860-done,Sr2H2Cl2,3.993,4.008,-1e+20,300.0,32100.0,-67.1,20.0,0.1774824164002748,23860,5.7359,0.0001445273609999,0.007332217882564
mp-23860-done,Sr2H2Cl2,3.993,4.008,-5e+20,300.0,109000.0,-26.1,13.6,0.6705482061542339,23860,5.7359,7.425189000000001e-05,0.003477054099743
mp-23860-done,Sr2H2Cl2,3.993,4.008,-1e+21,300.0,162000.0,-16.5,10.1,1.071828857695739,23860,5.7359,4.4104499999999984e-05,0.0019435777006663
mp-24205-done,Sr2H2I2,3.429,3.514,1e+21,300.0,100000.0,32.9,6.3,0.5109269190101551,24205,3.868,0.000108241,0.0074155839091601
mp-24205-done,Sr2H2I2,3.429,3.514,5e+20,300.0,68000.0,53.6,8.5,0.3618991403754185,24205,3.868,0.00019536128,0.013855740303727
mp-24205-done,Sr2H2I2,3.429,3.514,1e+20,300.0,23400.0,114.0,14.6,0.110529809899902,24205,3.868,0.0003041063999999,0.0229310635735227
mp-24205-done,Sr2H2I2,3.429,3.514,5e+19,300.0,14200.0,153.0,17.7,0.0597227418405455,24205,3.868,0.0003324078,0.0253893532090989
mp-24205-done,Sr2H2I2,3.429,3.514,1e+19,300.0,3690.0,279.0,23.0,0.0126297622659442,24205,3.868,0.00028723329,0.0222051554203625
mp-24205-done,Sr2H2I2,3.429,3.514,5e+18,300.0,2030.0,337.0,25.4,0.0065398170341486,24205,3.868,0.00023054507,0.0178507704827105
mp-24205-done,Sr2H2I2,3.429,3.514,1e+18,300.0,544.0,472.0,34.0,0.0014939815274403,24205,3.868,0.000121194496,0.0093961507560345
mp-24205-done,Sr2H2I2,3.429,3.514,-1e+18,300.0,1000.0,-437.0,62.6,0.0040981144706442,24205,3.868,0.000190969,0.0147957769421946
mp-24205-done,Sr2H2I2,3.429,3.514,-5e+18,300.0,3700.0,-306.0,46.2,0.0170936480858246,24205,3.868,0.0003464532,0.0267524979870714
mp-24205-done,Sr2H2I2,3.429,3.514,-1e+19,300.0,6740.0,-250.0,42.1,0.0324900202146249,24205,3.868,0.0004212499999999,0.0323997752449104
mp-24205-done,Sr2H2I2,3.429,3.514,-5e+19,300.0,27200.0,-137.0,33.9,0.1464885848800514,24205,3.868,0.0005105168,0.0381505730460499
mp-24205-done,Sr2H2I2,3.429,3.514,-1e+20,300.0,48700.0,-104.0,30.4,0.2687208813572512,24205,3.868,0.0005267392,0.0381997636611521
mp-24205-done,Sr2H2I2,3.429,3.514,-5e+20,300.0,167000.0,-51.3,20.9,0.947098789955877,24205,3.868,0.0004394922299999,0.0273821316553254
mp-24205-done,Sr2H2I2,3.429,3.514,-1e+21,300.0,264000.0,-34.6,16.5,1.5498976514700826,24205,3.868,0.00031605024,0.0175003438786395
mp-690794-done,Sr2HN,1.826,1.828,1e+21,300.0,6440.0,243.0,0.4,0.0198173907980472,690794,3.798,0.00038027556,0.029881646061692
mp-690794-done,Sr2HN,1.826,1.828,5e+20,300.0,3280.0,303.0,0.4,0.0097740436484748,690794,3.798,0.00030113352,0.0237251619881938
mp-690794-done,Sr2HN,1.826,1.828,1e+20,300.0,671.0,444.0,0.4,0.001922060976124,690794,3.798,0.000132278256,0.0104432344040777
mp-690794-done,Sr2HN,1.826,1.828,5e+19,300.0,345.0,504.0,0.4,0.0009672430435754,690794,3.798,8.763551999999999e-05,0.0069204745179474
mp-690794-done,Sr2HN,1.826,1.828,1e+19,300.0,75.6,640.0,0.5,0.0002013639419637,690794,3.798,3.096575999999999e-05,0.0024458229329786
mp-690794-done,Sr2HN,1.826,1.828,5e+18,300.0,39.1,698.0,0.5,0.000102552176604,690794,3.798,1.90496764e-05,0.0015046731470494
mp-690794-done,Sr2HN,1.826,1.828,1e+18,300.0,8.25,835.0,0.5,2.1135586593969325e-05,690794,3.798,5.752106249999998e-06,0.0004543502559349
mp-690794-done,Sr2HN,1.826,1.828,-1e+18,300.0,581.0,-485.0,36.3,0.0020641852951632,690794,3.798,0.0001366657249999,0.0107892171028646
mp-690794-done,Sr2HN,1.826,1.828,-5e+18,300.0,2600.0,-352.0,32.4,0.0098044424125423,690794,3.798,0.0003221503999999,0.0253807992142416
mp-690794-done,Sr2HN,1.826,1.828,-1e+19,300.0,4920.0,-295.0,30.7,0.0192371884929782,690794,3.798,0.0004281629999999,0.0336497036095052
mp-690794-done,Sr2HN,1.826,1.828,-5e+19,300.0,20100.0,-171.0,25.1,0.0901726401452521,690794,3.798,0.0005877440999999,0.0453486113706574
mp-690794-done,Sr2HN,1.826,1.828,-1e+20,300.0,34400.0,-129.0,21.5,0.1686189265966563,690794,3.798,0.0005724503999999,0.043295089137115
mp-690794-done,Sr2HN,1.826,1.828,-5e+20,300.0,112000.0,-61.9,14.0,0.6264698636476153,690794,3.798,0.0004291403199999,0.0290977450333072
mp-690794-done,Sr2HN,1.826,1.828,-1e+21,300.0,176000.0,-40.6,11.0,1.020971899866644,690794,3.798,0.00029011136,0.0180605759503201
mp-569677-done,Sr2IN,1.836,1.961,1e+21,300.0,3500.0,281.0,0.2,0.0183799218780022,569677,2.409966666666667,0.0002763635,0.0341421815119431
mp-569677-done,Sr2IN,1.836,1.961,5e+20,300.0,1730.0,341.0,0.2,0.0089605201118256,569677,2.409966666666667,0.00020116613,0.0249490101768517
mp-569677-done,Sr2IN,1.836,1.961,1e+20,300.0,342.0,482.0,0.2,0.0017505463248596,569677,2.409966666666667,7.945480799999999e-05,0.009883597575867
mp-569677-done,Sr2IN,1.836,1.961,5e+19,300.0,173.0,541.0,0.2,0.0008804858431151,569677,2.409966666666667,5.063381299999999e-05,0.0063007494623566
mp-569677-done,Sr2IN,1.836,1.961,1e+19,300.0,36.4,677.0,0.2,0.0001827431525016,569677,2.409966666666667,1.6683175599999998e-05,0.0020766151092581
mp-569677-done,Sr2IN,1.836,1.961,5e+18,300.0,18.6,736.0,0.2,9.30277021729298e-05,569677,2.409966666666667,1.00755456e-05,0.0012541862291056
mp-569677-done,Sr2IN,1.836,1.961,1e+18,300.0,3.84,871.0,0.2,1.9172155274516784e-05,569677,2.409966666666667,2.9131814399999995e-06,0.0003626388246443
mp-569677-done,Sr2IN,1.836,1.961,-1e+18,300.0,880.0,-356.0,54.9,0.0079061535264569,569677,2.409966666666667,0.0001115276799999,0.0138379089754181
mp-569677-done,Sr2IN,1.836,1.961,-5e+18,300.0,3820.0,-249.0,47.7,0.0350603615944445,569677,2.409966666666667,0.0002368438199999,0.0290602701641717
mp-569677-done,Sr2IN,1.836,1.961,-1e+19,300.0,7050.0,-216.0,44.0,0.0632706593684058,569677,2.409966666666667,0.0003289247999999,0.0398980878063016
mp-569677-done,Sr2IN,1.836,1.961,-5e+19,300.0,28800.0,-155.0,36.0,0.2043367572752468,569677,2.409966666666667,0.00069192,0.0794001178665831
mp-569677-done,Sr2IN,1.836,1.961,-1e+20,300.0,51700.0,-125.0,32.2,0.3377039816282008,569677,2.409966666666667,0.0008078124999999,0.0881997084149667
mp-569677-done,Sr2IN,1.836,1.961,-5e+20,300.0,192000.0,-61.7,23.9,1.2627772929758907,569677,2.409966666666667,0.0007309228799999,0.0597038253712928
mp-569677-done,Sr2IN,1.836,1.961,-1e+21,300.0,331000.0,-41.9,20.7,2.2377427571970805,569677,2.409966666666667,0.0005811069099999,0.0375092453295076
mp-23033-done,Sr2NCl,,1.92,1e+21,300.0,4840.0,243.0,0.3,0.0311794868306523,23033,2.7122666666666664,0.00028579716,0.0312523531364742
mp-23033-done,Sr2NCl,,1.92,5e+20,300.0,2610.0,296.0,0.3,0.0163030351625688,23033,2.7122666666666664,0.00022867776,0.0251425968535853
mp-23033-done,Sr2NCl,,1.92,1e+20,300.0,528.0,432.0,0.3,0.0032682343871578,23033,2.7122666666666664,9.8537472e-05,0.0108859737315576
mp-23033-done,Sr2NCl,,1.92,5e+19,300.0,273.0,493.0,0.3,0.0016594707840252,23033,2.7122666666666664,6.635237699999999e-05,0.0073346554371219
mp-23033-done,Sr2NCl,,1.92,1e+19,300.0,56.2,630.0,0.4,0.000334346115569,23033,2.7122666666666664,2.2305779999999994e-05,0.0024669068427193
mp-23033-done,Sr2NCl,,1.92,5e+18,300.0,29.1,690.0,0.4,0.0001709545330045,23033,2.7122666666666664,1.3854509999999998e-05,0.0015323312755711
mp-23033-done,Sr2NCl,,1.92,1e+18,300.0,5.96,825.0,0.4,3.4560104990103865e-05,23033,2.7122666666666664,4.056524999999999e-06,0.0004486808057999
mp-23033-done,Sr2NCl,,1.92,-1e+18,300.0,523.0,-503.0,32.7,0.0026323234419495,23033,2.7122666666666664,0.000132323707,0.0146219480889091
mp-23033-done,Sr2NCl,,1.92,-5e+18,300.0,2630.0,-367.0,32.9,0.0133639868988329,23033,2.7122666666666664,0.0003542320699999,0.038989002732617
mp-23033-done,Sr2NCl,,1.92,-1e+19,300.0,4940.0,-309.0,30.8,0.0256910178339066,23033,2.7122666666666664,0.0004716761399999,0.051681895158939
mp-23033-done,Sr2NCl,,1.92,-5e+19,300.0,23300.0,-185.0,29.1,0.1293597293709624,23033,2.7122666666666664,0.0007974424999999,0.0841886710841216
mp-23033-done,Sr2NCl,,1.92,-1e+20,300.0,41800.0,-141.0,26.1,0.2440407124176097,23033,2.7122666666666664,0.0008310257999999,0.0843307910956112
mp-23033-done,Sr2NCl,,1.92,-5e+20,300.0,178000.0,-64.7,22.2,1.1694277108024076,23033,2.7122666666666664,0.00074512402,0.0575875337578095
mp-23033-done,Sr2NCl,,1.92,-1e+21,300.0,324000.0,-43.4,20.3,2.200399051811638,23033,2.7122666666666664,0.0006102734399999,0.0372673498445726
mp-9306-done,Sr2ZnN2,0.75,0.75,1e+21,300.0,358000.0,94.2,22.4,2.0824930812190643,9306,6.826666666666667,0.00317676312,0.1069718091233202
mp-9306-done,Sr2ZnN2,0.75,0.75,5e+20,300.0,192000.0,144.0,23.9,1.0563486782757898,9306,6.826666666666667,0.003981312,0.1515148135245344
mp-9306-done,Sr2ZnN2,0.75,0.75,1e+20,300.0,43800.0,268.0,27.4,0.2172722378356546,9306,6.826666666666667,0.0031458912,0.1339828997376405
mp-9306-done,Sr2ZnN2,0.75,0.75,5e+19,300.0,23300.0,323.0,29.1,0.1109577677614705,9306,6.826666666666667,0.0024308656999999,0.1051166313329099
mp-9306-done,Sr2ZnN2,0.75,0.75,1e+19,300.0,5600.0,450.0,35.0,0.0243869940045648,9306,6.826666666666667,0.001134,0.0496565954450091
mp-9306-done,Sr2ZnN2,0.75,0.75,5e+18,300.0,3040.0,505.0,38.0,0.0127604511590461,9306,6.826666666666667,0.000775276,0.0340061815109946
mp-9306-done,Sr2ZnN2,0.75,0.75,1e+18,300.0,709.0,633.0,44.2,0.0027765771668816,9306,6.826666666666667,0.000284088501,0.0124792823158685
mp-9306-done,Sr2ZnN2,0.75,0.75,-1e+18,300.0,3220.0,-340.0,201.1,0.0175064433929226,9306,6.826666666666667,0.0003722319999999,0.0163160104521374
mp-9306-done,Sr2ZnN2,0.75,0.75,-5e+18,300.0,12500.0,-224.0,156.4,0.0755066934371576,9306,6.826666666666667,0.0006272,0.0272609785618554
mp-9306-done,Sr2ZnN2,0.75,0.75,-1e+19,300.0,22200.0,-179.0,138.4,0.1403448775147912,9306,6.826666666666667,0.0007113101999999,0.0306290665153535
mp-9306-done,Sr2ZnN2,0.75,0.75,-5e+19,300.0,82400.0,-101.0,102.8,0.5896408499839357,9306,6.826666666666667,0.0008405624,0.0340019233875951
mp-9306-done,Sr2ZnN2,0.75,0.75,-1e+20,300.0,146000.0,-86.5,90.9,1.0760533706981703,9306,6.826666666666667,0.0010924085,0.0414695887555797
mp-9306-done,Sr2ZnN2,0.75,0.75,-5e+20,300.0,489000.0,-54.5,61.1,3.050668093986154,9306,6.826666666666667,0.0014524522499999,0.044114701542339
mp-9306-done,Sr2ZnN2,0.75,0.75,-1e+21,300.0,702000.0,-39.9,43.8,4.499045287921732,9306,6.826666666666667,0.0011175910199999,0.0296031991052128
mp-570485-done,SrAlSiH,0.596,1.278,1e+21,300.0,669000.0,27.8,41.7,4.266461143344386,570485,10.880166666666668,0.00051702996,0.0102404964290125
mp-570485-done,SrAlSiH,0.596,1.278,5e+20,300.0,451000.0,41.9,56.3,2.8080815951157216,570485,10.880166666666668,0.0007917801099999,0.0173531359497011
mp-570485-done,SrAlSiH,0.596,1.278,1e+20,300.0,132000.0,88.6,82.6,0.7708399455288193,570485,10.880166666666668,0.0010361947199999,0.0266808204944785
mp-570485-done,SrAlSiH,0.596,1.278,5e+19,300.0,81200.0,122.0,101.4,0.4210120028328017,570485,10.880166666666668,0.0012085808,0.0320828694602045
mp-570485-done,SrAlSiH,0.596,1.278,1e+19,300.0,22800.0,234.0,142.4,0.0972959466663486,570485,10.880166666666668,0.0012484368,0.0341181795094525
mp-570485-done,SrAlSiH,0.596,1.278,5e+18,300.0,13200.0,287.0,164.8,0.0522388930003551,570485,10.880166666666668,0.0010872707999999,0.0298361818192468
mp-570485-done,SrAlSiH,0.596,1.278,1e+18,300.0,3780.0,411.0,235.9,0.0127151361264814,570485,10.880166666666668,0.00063852138,0.0175854670479286
mp-570485-done,SrAlSiH,0.596,1.278,-1e+18,300.0,5490.0,-512.0,342.7,0.0198487425462238,570485,10.880166666666668,0.00143917056,0.0396101429026491
mp-570485-done,SrAlSiH,0.596,1.278,-5e+18,300.0,20900.0,-381.0,261.1,0.0847552474895204,570485,10.880166666666668,0.0030338648999999,0.0830064707369155
mp-570485-done,SrAlSiH,0.596,1.278,-1e+19,300.0,38500.0,-323.0,240.3,0.1618668475133313,570485,10.880166666666668,0.0040166665,0.1091284452680349
mp-570485-done,SrAlSiH,0.596,1.278,-5e+19,300.0,170000.0,-190.0,212.1,0.7786520075816776,570485,10.880166666666668,0.0061369999999999,0.1579147983548743
mp-570485-done,SrAlSiH,0.596,1.278,-1e+20,300.0,306000.0,-140.0,191.1,1.5177509366261293,570485,10.880166666666668,0.0059975999999999,0.1451275978412773
mp-570485-done,SrAlSiH,0.596,1.278,-5e+20,300.0,984000.0,-57.9,122.8,6.056608037238764,570485,10.880166666666668,0.00329877144,0.0584309261533603
mp-570485-done,SrAlSiH,0.596,1.278,-1e+21,300.0,1570000.0,-36.7,97.8,10.203357553012657,570485,10.880166666666668,0.0021146173,0.0300891437024492
mp-12317-done,SrCN2,3.327,4.303,1e+21,300.0,984000.0,50.0,61.4,5.606362952051653,12317,8.492166666666666,0.0024599999999999,0.0523458842842833
mp-12317-done,SrCN2,3.327,4.303,5e+20,300.0,700000.0,82.7,87.4,3.935025225678901,12317,8.492166666666666,0.004787503,0.1155732455442848
mp-12317-done,SrCN2,3.327,4.303,1e+20,300.0,252000.0,185.0,157.3,1.1418569923595163,12317,8.492166666666666,0.0086246999999999,0.2685700275996113
mp-12317-done,SrCN2,3.327,4.303,5e+19,300.0,146000.0,241.0,181.8,0.6174826301920009,12317,8.492166666666666,0.0084798259999999,0.2792585880202012
mp-12317-done,SrCN2,3.327,4.303,1e+19,300.0,37800.0,375.0,236.1,0.1458366456198023,12317,8.492166666666666,0.005315625,0.1846129762108054
mp-12317-done,SrCN2,3.327,4.303,5e+18,300.0,20900.0,432.0,260.6,0.0784856356011994,12317,8.492166666666666,0.0039004416,0.13652782060595
mp-12317-done,SrCN2,3.327,4.303,1e+18,300.0,5100.0,560.0,318.6,0.0184044584179822,12317,8.492166666666666,0.0015993599999999,0.056377884979511
mp-12317-done,SrCN2,3.327,4.303,-1e+18,300.0,5150.0,-392.0,321.7,0.0228698442100989,12317,8.492166666666666,0.0007913696,0.0278813695862302
mp-12317-done,SrCN2,3.327,4.303,-5e+18,300.0,20200.0,-271.0,251.9,0.0947817999266893,12317,8.492166666666666,0.0014835081999999,0.0518289426949982
mp-12317-done,SrCN2,3.327,4.303,-1e+19,300.0,35300.0,-221.0,220.4,0.172668176475058,12317,8.492166666666666,0.0017240872999999,0.0596925618737393
mp-12317-done,SrCN2,3.327,4.303,-5e+19,300.0,118000.0,-117.0,146.9,0.6630671209569686,12317,8.492166666666666,0.0016153019999999,0.0529304451684299
mp-12317-done,SrCN2,3.327,4.303,-1e+20,300.0,193000.0,-80.2,120.2,1.1641420871837742,12317,8.492166666666666,0.00124138372,0.0385670265412236
mp-12317-done,SrCN2,3.327,4.303,-5e+20,300.0,555000.0,-26.3,69.2,3.825227368181441,12317,8.492166666666666,0.0003838879499999,0.0093498985803444
mp-12317-done,SrCN2,3.327,4.303,-1e+21,300.0,834000.0,-18.0,52.1,5.90045295317645,12317,8.492166666666666,0.000270216,0.0056323867469015
mp-8277-done,SrCd2P2,,0.755,1e+21,300.0,455000.0,47.4,28.4,3.1971079857413773,8277,2.939833333333333,0.0010222757999999,0.0499732234764483
mp-8277-done,SrCd2P2,,0.755,5e+20,300.0,257000.0,63.4,32.0,1.789774269113524,8277,2.939833333333333,0.0010330269199999,0.0655251137197173
mp-8277-done,SrCd2P2,,0.755,1e+20,300.0,61900.0,141.0,38.7,0.4076263706147562,8277,2.939833333333333,0.0012306338999999,0.1102896532449775
mp-8277-done,SrCd2P2,,0.755,5e+19,300.0,32600.0,181.0,40.7,0.2213453619728728,8277,2.939833333333333,0.0010680085999999,0.1013554154580731
mp-8277-done,SrCd2P2,,0.755,1e+19,300.0,7520.0,290.0,46.9,0.0518735923286329,8277,2.939833333333333,0.000632432,0.0634185114766945
mp-8277-done,SrCd2P2,,0.755,5e+18,300.0,3970.0,343.0,49.5,0.0272151864044129,8277,2.939833333333333,0.0004670665299999,0.0472253682633929
mp-8277-done,SrCd2P2,,0.755,1e+18,300.0,886.0,471.0,55.3,0.0059967576536835,8277,2.939833333333333,0.0001965511259999,0.0200165440567596
mp-8277-done,SrCd2P2,,0.755,-1e+18,300.0,6450.0,-235.0,402.6,0.0408053922795391,8277,2.939833333333333,0.00035620125,0.0358515019219672
mp-8277-done,SrCd2P2,,0.755,-5e+18,300.0,23200.0,-139.0,289.9,0.1726178918837892,8277,2.939833333333333,0.0004482471999999,0.0432052264499628
mp-8277-done,SrCd2P2,,0.755,-1e+19,300.0,39400.0,-113.0,245.7,0.301650189954544,8277,2.939833333333333,0.0005030986,0.0465618840619341
mp-8277-done,SrCd2P2,,0.755,-5e+19,300.0,138000.0,-69.7,172.0,0.938256938663226,8277,2.939833333333333,0.00067041642,0.0518618474284392
mp-8277-done,SrCd2P2,,0.755,-1e+20,300.0,217000.0,-61.3,135.6,1.459931242239139,8277,2.939833333333333,0.00081541873,0.0555997064838794
mp-8277-done,SrCd2P2,,0.755,-5e+20,300.0,589000.0,-31.1,73.5,4.378707324562119,8277,2.939833333333333,0.0005696866899999,0.0233524707983403
mp-8277-done,SrCd2P2,,0.755,-1e+21,300.0,905000.0,-30.1,56.5,6.553527568899788,8277,2.939833333333333,0.0008199390499999,0.0259109200138075
mp-978847-done,SrGaGeH,,0.379,1e+21,300.0,1220000.0,29.5,76.0,7.925864131515063,978847,4.893633333333334,0.001061705,0.0248458647363808
mp-978847-done,SrGaGeH,,0.379,5e+20,300.0,809000.0,46.8,100.9,5.126827296776919,978847,4.893633333333334,0.0017719041599999,0.053048584054376
mp-978847-done,SrGaGeH,,0.379,1e+20,300.0,254000.0,110.0,158.8,1.5540647485101464,978847,4.893633333333334,0.0030733999999999,0.142999871938227
mp-978847-done,SrGaGeH,,0.379,5e+19,300.0,151000.0,139.0,188.0,0.9343941380114842,978847,4.893633333333334,0.0029174709999999,0.1501779640372916
mp-978847-done,SrGaGeH,,0.379,1e+19,300.0,48700.0,220.0,303.8,0.2929984603453222,978847,4.893633333333334,0.0023570799999999,0.1363358781052852
mp-978847-done,SrGaGeH,,0.379,5e+18,300.0,29600.0,266.0,369.0,0.1693992154147383,978847,4.893633333333334,0.0020943776,0.1240982106969393
mp-978847-done,SrGaGeH,,0.379,1e+18,300.0,8820.0,384.0,550.7,0.0450238272690099,978847,4.893633333333334,0.00130056192,0.0790029684814997
mp-978847-done,SrGaGeH,,0.379,-1e+18,300.0,64200.0,-181.0,4007.4,0.4543741578775495,978847,4.893633333333334,0.0021032561999999,0.1179835407928917
mp-978847-done,SrGaGeH,,0.379,-5e+18,300.0,147000.0,-127.0,1838.5,1.3161842569635591,978847,4.893633333333334,0.002370963,0.1145426398854966
mp-978847-done,SrGaGeH,,0.379,-1e+19,300.0,197000.0,-125.0,1230.3,1.8662744542169285,978847,4.893633333333334,0.0030781249999999,0.1366050438884191
mp-978847-done,SrGaGeH,,0.379,-5e+19,300.0,442000.0,-122.0,551.7,3.145682180431546,978847,4.893633333333334,0.006578728,0.2454958256857539
mp-978847-done,SrGaGeH,,0.379,-1e+20,300.0,660000.0,-106.0,411.7,4.063788015162702,978847,4.893633333333334,0.00741576,0.2483670147294718
mp-978847-done,SrGaGeH,,0.379,-5e+20,300.0,1720000.0,-45.6,215.1,11.069452259271165,978847,4.893633333333334,0.0035764991999999,0.0672144338120353
mp-978847-done,SrGaGeH,,0.379,-1e+21,300.0,2550000.0,-31.5,159.4,17.047346314093517,978847,4.893633333333334,0.0025302375,0.0345960509602414
mp-978852-done,SrGaSnH,,0.426,1e+21,300.0,1280000.0,20.4,79.9,8.623698056931765,978852,6.107166666666667,0.0005326847999999,0.0108483407456702
mp-978852-done,SrGaSnH,,0.426,5e+20,300.0,943000.0,31.2,117.7,6.2736265135325056,978852,6.107166666666667,0.0009179539199999,0.0222430156123115
mp-978852-done,SrGaSnH,,0.426,1e+20,300.0,369000.0,71.3,230.1,2.3921703367848584,978852,6.107166666666667,0.00187588161,0.0662127508029702
mp-978852-done,SrGaSnH,,0.426,5e+19,300.0,231000.0,91.8,287.9,1.4907198478273596,978852,6.107166666666667,0.0019466924399999,0.0768644978950256
mp-978852-done,SrGaSnH,,0.426,1e+19,300.0,81500.0,169.0,509.0,0.4364831762870109,978852,6.107166666666667,0.0023277214999999,0.106716659167197
mp-978852-done,SrGaSnH,,0.426,5e+18,300.0,48900.0,215.0,610.6,0.2502457869480939,978852,6.107166666666667,0.0022604025,0.1066661562306575
mp-978852-done,SrGaSnH,,0.426,1e+18,300.0,14000.0,333.0,875.8,0.0660466246056261,978852,6.107166666666667,0.0015524459999999,0.0754443072068197
mp-978852-done,SrGaSnH,,0.426,-1e+18,300.0,7320.0,-488.0,457.1,0.0411062205706192,978852,6.107166666666667,0.00174321408,0.0850587203254397
mp-978852-done,SrGaSnH,,0.426,-5e+18,300.0,29900.0,-358.0,373.5,0.1737826152916299,978852,6.107166666666667,0.0038321035999999,0.1830346064570567
mp-978852-done,SrGaSnH,,0.426,-1e+19,300.0,54900.0,-302.0,342.4,0.3281343947023477,978852,6.107166666666667,0.0050070995999999,0.2334202962184979
mp-978852-done,SrGaSnH,,0.426,-5e+19,300.0,218000.0,-192.0,272.3,1.3421781062280378,978852,6.107166666666667,0.008036352,0.323639954049698
mp-978852-done,SrGaSnH,,0.426,-1e+20,300.0,394000.0,-153.0,245.9,2.427290936948503,978852,6.107166666666667,0.009223146,0.3242085119536982
mp-978852-done,SrGaSnH,,0.426,-5e+20,300.0,1440000.0,-71.4,179.9,9.091313426419918,978852,6.107166666666667,0.0073410624,0.1449038789741732
mp-978852-done,SrGaSnH,,0.426,-1e+21,300.0,2340000.0,-40.2,145.8,15.249240829632548,978852,6.107166666666667,0.0037815336,0.0531203611935475
mp-665922-done,SrHgO2,2.252,2.917,1e+21,300.0,919000.0,91.3,57.3,5.558212754864539,665922,2.773633333333333,0.00766049911,0.2758271946784216
mp-665922-done,SrHgO2,2.252,2.917,5e+20,300.0,576000.0,132.0,71.9,3.239768106214427,665922,2.773633333333333,0.0100362239999999,0.5006928658044827
mp-665922-done,SrHgO2,2.252,2.917,1e+20,300.0,162000.0,255.0,101.3,0.8257591289167148,665922,2.773633333333333,0.0105340499999999,0.8779856692883278
mp-665922-done,SrHgO2,2.252,2.917,5e+19,300.0,91600.0,313.0,114.3,0.4491723502677351,665922,2.773633333333333,0.0089739603999999,0.8353553966033094
mp-665922-done,SrHgO2,2.252,2.917,1e+19,300.0,25100.0,444.0,156.9,0.1118369605179147,665922,2.773633333333333,0.0049481136,0.5144513472078481
mp-665922-done,SrHgO2,2.252,2.917,5e+18,300.0,14300.0,499.0,178.9,0.0613366825584994,665922,2.773633333333333,0.0035607143,0.3767991492015686
mp-665922-done,SrHgO2,2.252,2.917,1e+18,300.0,3720.0,625.0,232.0,0.0146807668257575,665922,2.773633333333333,0.001453125,0.1563444735208013
mp-665922-done,SrHgO2,2.252,2.917,-1e+18,300.0,3270.0,-416.0,204.2,0.0148780563107484,665922,2.773633333333333,0.00056589312,0.0608812058758235
mp-665922-done,SrHgO2,2.252,2.917,-5e+18,300.0,12200.0,-294.0,152.0,0.0604439426800613,665922,2.773633333333333,0.0010545192,0.1116256647895668
mp-665922-done,SrHgO2,2.252,2.917,-1e+19,300.0,20900.0,-242.0,130.5,0.1087911580508118,665922,2.773633333333333,0.0012239876,0.1273914654477806
mp-665922-done,SrHgO2,2.252,2.917,-5e+19,300.0,69400.0,-132.0,86.6,0.4092857567269837,665922,2.773633333333333,0.0012092255999999,0.1139732647093757
mp-665922-done,SrHgO2,2.252,2.917,-1e+20,300.0,113000.0,-94.1,70.2,0.7028687125704,665922,2.773633333333333,0.0010005935299999,0.0863448532566409
mp-665922-done,SrHgO2,2.252,2.917,-5e+20,300.0,292000.0,-29.6,36.5,1.9950090329969985,665922,2.773633333333333,0.00025583872,0.0160950664998313
mp-665922-done,SrHgO2,2.252,2.917,-1e+21,300.0,374000.0,-19.7,23.4,2.72804894692308,665922,2.773633333333333,0.0001451456599999,0.0079146151634806
mp-863260-done,SrMg2As2,1.346,1.544,1e+21,300.0,1650000.0,46.6,102.9,11.135102775574538,863260,8.036133333333334,0.003583074,0.0560695300967338
mp-863260-done,SrMg2As2,1.346,1.544,5e+20,300.0,1060000.0,75.2,132.5,6.832454831525841,863260,8.036133333333334,0.0059943424,0.1209464341913886
mp-863260-done,SrMg2As2,1.346,1.544,1e+20,300.0,345000.0,174.0,215.6,1.9293670181794929,863260,8.036133333333334,0.01044522,0.3144414118177523
mp-863260-done,SrMg2As2,1.346,1.544,5e+19,300.0,198000.0,222.0,247.6,1.1020597190728734,863260,8.036133333333334,0.009758232,0.320355411973832
mp-863260-done,SrMg2As2,1.346,1.544,1e+19,300.0,53800.0,340.0,335.5,0.2887059978346637,863260,8.036133333333334,0.0062192799999999,0.2241225236641528
mp-863260-done,SrMg2As2,1.346,1.544,5e+18,300.0,29600.0,393.0,369.4,0.1569943842791941,863260,8.036133333333334,0.0045716903999999,0.1673972586868969
mp-863260-done,SrMg2As2,1.346,1.544,1e+18,300.0,7050.0,519.0,439.8,0.0363307093292721,863260,8.036133333333334,0.0018989950499999,0.070573063192247
mp-863260-done,SrMg2As2,1.346,1.544,-1e+18,300.0,11900.0,-506.0,740.9,0.0553370117945363,863260,8.036133333333334,0.0030468283999999,0.1129644528142338
mp-863260-done,SrMg2As2,1.346,1.544,-5e+18,300.0,53900.0,-376.0,673.2,0.2596912668346517,863260,8.036133333333334,0.0076201663999999,0.2755663276624338
mp-863260-done,SrMg2As2,1.346,1.544,-1e+19,300.0,101000.0,-321.0,632.0,0.4994877151173869,863260,8.036133333333334,0.010407141,0.3657779887693927
mp-863260-done,SrMg2As2,1.346,1.544,-5e+19,300.0,394000.0,-203.0,492.4,2.160494646090515,863260,8.036133333333334,0.016236346,0.4776975103758984
mp-863260-done,SrMg2As2,1.346,1.544,-1e+20,300.0,676000.0,-158.0,421.7,3.926524010934965,863260,8.036133333333334,0.016875664,0.4232085776849326
mp-863260-done,SrMg2As2,1.346,1.544,-5e+20,300.0,2260000.0,-68.6,282.7,15.163486988499937,863260,8.036133333333334,0.0106354695999999,0.1375298748746005
mp-863260-done,SrMg2As2,1.346,1.544,-1e+21,300.0,3900000.0,-39.8,243.4,27.122020469294352,863260,8.036133333333334,0.0061777559999999,0.0527139965996011
mp-14093-done,Tb2O2F2,,5.031,1e+21,300.0,24800.0,116.0,1.5,0.1276775315153468,14093,10.211266666666669,0.0003337088,0.0096830622238587
mp-14093-done,Tb2O2F2,,5.031,5e+20,300.0,14100.0,156.0,1.8,0.063422525406701,14093,10.211266666666669,0.0003431376,0.0100189191201439
mp-14093-done,Tb2O2F2,,5.031,1e+20,300.0,3170.0,288.0,2.0,0.0117183968633518,14093,10.211266666666669,0.00026293248,0.0077159208890365
mp-14093-done,Tb2O2F2,,5.031,5e+19,300.0,1620.0,348.0,2.0,0.0057650398994798,14093,10.211266666666669,0.00019618848,0.0057606304541635
mp-14093-done,Tb2O2F2,,5.031,1e+19,300.0,369.0,482.0,2.3,0.0011860183004439,14093,10.211266666666669,8.572755599999999e-05,0.00251832420608
mp-14093-done,Tb2O2F2,,5.031,5e+18,300.0,198.0,538.0,2.5,0.0006096234191448,14093,10.211266666666669,5.7309912e-05,0.0016836253310953
mp-14093-done,Tb2O2F2,,5.031,1e+18,300.0,45.3,670.0,2.8,0.0001293512880755,14093,10.211266666666669,2.0335170000000003e-05,0.0005974257573864
mp-14093-done,Tb2O2F2,,5.031,-1e+18,300.0,113.0,-612.0,7.1,0.0003497758752613,14093,10.211266666666669,4.2323472000000006e-05,0.0012433919420537
mp-14093-done,Tb2O2F2,,5.031,-5e+18,300.0,489.0,-481.0,6.1,0.0016469575732218,14093,10.211266666666669,0.000113135529,0.0033233081125295
mp-14093-done,Tb2O2F2,,5.031,-1e+19,300.0,914.0,-424.0,5.7,0.0032243648883249,14093,10.211266666666669,0.000164315264,0.0048259457125878
mp-14093-done,Tb2O2F2,,5.031,-5e+19,300.0,4200.0,-287.0,5.2,0.0161760748400804,14093,10.211266666666669,0.0003459497999999,0.0101476921086805
mp-14093-done,Tb2O2F2,,5.031,-1e+20,300.0,8210.0,-227.0,5.1,0.0331875564429086,14093,10.211266666666669,0.0004230530899999,0.0123887446061959
mp-14093-done,Tb2O2F2,,5.031,-5e+20,300.0,32800.0,-116.0,4.1,0.1721203676098879,14093,10.211266666666669,0.0004413568,0.012751815911601
mp-14093-done,Tb2O2F2,,5.031,-1e+21,300.0,62100.0,-81.0,3.9,0.344603054544228,14093,10.211266666666669,0.0004074380999999,0.011579475043573
mp-569507-done,TbTlSe2,1.199,1.837,1e+21,300.0,393000.0,15.7,24.5,2.8247729817891707,569507,1.7928333333333333,9.687056999999996e-05,0.0062935575310579
mp-569507-done,TbTlSe2,1.199,1.837,5e+20,300.0,255000.0,22.5,31.8,1.834540089258726,569507,1.7928333333333333,0.0001290937499999,0.0106766303019046
mp-569507-done,TbTlSe2,1.199,1.837,1e+20,300.0,72700.0,54.1,45.4,0.5156675910577846,569507,1.7928333333333333,0.000212779087,0.0276515921763542
mp-569507-done,TbTlSe2,1.199,1.837,5e+19,300.0,39900.0,75.3,49.8,0.2675266280755226,569507,1.7928333333333333,0.0002262365909999,0.032941320240741
mp-569507-done,TbTlSe2,1.199,1.837,1e+19,300.0,9210.0,158.0,57.5,0.0560176914217482,569507,1.7928333333333333,0.0002299184399999,0.0373072416741133
mp-569507-done,TbTlSe2,1.199,1.837,5e+18,300.0,4820.0,205.0,60.1,0.0284962596990861,569507,1.7928333333333333,0.0002025605,0.0333647189572229
mp-569507-done,TbTlSe2,1.199,1.837,1e+18,300.0,1030.0,330.0,64.5,0.0059388744611627,569507,1.7928333333333333,0.000112167,0.018707260349135
mp-569507-done,TbTlSe2,1.199,1.837,-1e+18,300.0,311.0,-609.0,19.4,0.0016311146022708,569507,1.7928333333333333,0.0001153439909999,0.0192833005634513
mp-569507-done,TbTlSe2,1.199,1.837,-5e+18,300.0,1500.0,-473.0,18.7,0.0079167297484262,569507,1.7928333333333333,0.0003355935,0.0559089526437122
mp-569507-done,TbTlSe2,1.199,1.837,-1e+19,300.0,2950.0,-414.0,18.4,0.0156812153513887,569507,1.7928333333333333,0.0005056182,0.083872955354612
mp-569507-done,TbTlSe2,1.199,1.837,-5e+19,300.0,14100.0,-278.0,17.6,0.0771938478441987,569507,1.7928333333333333,0.0010897043999999,0.1748163466769066
mp-569507-done,TbTlSe2,1.199,1.837,-1e+20,300.0,27100.0,-223.0,16.9,0.1521316466995174,569507,1.7928333333333333,0.0013476559,0.2078684059356026
mp-569507-done,TbTlSe2,1.199,1.837,-5e+20,300.0,113000.0,-115.0,14.1,0.6981255005968451,569507,1.7928333333333333,0.0014944249999999,0.1799818984935247
mp-569507-done,TbTlSe2,1.199,1.837,-1e+21,300.0,207000.0,-84.4,12.9,1.356416623616819,569507,1.7928333333333333,0.00147453552,0.1404654003483414
mp-8136-done,Th2S2O2,,1.09,1e+21,300.0,195000.0,60.0,12.2,1.2724904287624088,8136,11.425366666666667,0.0007019999999999,0.0165854756765045
mp-8136-done,Th2S2O2,,1.09,5e+20,300.0,108000.0,87.4,13.4,0.6760204414365707,8136,11.425366666666667,0.0008249860799999,0.0204518557905022
mp-8136-done,Th2S2O2,,1.09,1e+20,300.0,24600.0,177.0,15.3,0.1492249284423151,8136,11.425366666666667,0.0007706933999999,0.0199754797480431
mp-8136-done,Th2S2O2,,1.09,5e+19,300.0,13000.0,223.0,16.3,0.0785475434033211,8136,11.425366666666667,0.000646477,0.0168588792004578
mp-8136-done,Th2S2O2,,1.09,1e+19,300.0,2930.0,344.0,18.3,0.0172364911551203,8136,11.425366666666667,0.0003467244799999,0.0090903566754272
mp-8136-done,Th2S2O2,,1.09,5e+18,300.0,1530.0,399.0,19.1,0.0088853029337226,8136,11.425366666666667,0.00024357753,0.0063907336653307
mp-8136-done,Th2S2O2,,1.09,1e+18,300.0,330.0,530.0,20.6,0.001885289562412,8136,11.425366666666667,9.2697e-05,0.00243357721581
mp-8136-done,Th2S2O2,,1.09,-1e+18,300.0,841.0,-372.0,52.5,0.0042792654081708,8136,11.425366666666667,0.000116380944,0.0030547125788053
mp-8136-done,Th2S2O2,,1.09,-5e+18,300.0,3640.0,-248.0,45.5,0.019796621365734,8136,11.425366666666667,0.00022387456,0.0058681878370602
mp-8136-done,Th2S2O2,,1.09,-1e+19,300.0,6670.0,-200.0,41.6,0.0376302808473778,8136,11.425366666666667,0.0002668,0.0069824671825772
mp-8136-done,Th2S2O2,,1.09,-5e+19,300.0,27500.0,-107.0,34.3,0.1689044383677203,8136,11.425366666666667,0.0003148475,0.0081466311374232
mp-8136-done,Th2S2O2,,1.09,-1e+20,300.0,51500.0,-76.4,32.2,0.3292719208187322,8136,11.425366666666667,0.00030060344,0.0076719527639081
mp-8136-done,Th2S2O2,,1.09,-5e+20,300.0,230000.0,-30.7,28.8,1.570908631697449,8136,11.425366666666667,0.0002167727,0.0050038806124848
mp-8136-done,Th2S2O2,,1.09,-1e+21,300.0,377000.0,-11.7,23.5,2.621094752740273,8136,11.425366666666667,5.160752999999999e-05,0.0011022177427981
mp-7950-done,Th2Se2O2,,0.748,1e+21,300.0,183000.0,35.7,11.4,1.2604272117209876,7950,8.755566666666667,0.00023323167,0.0069857771330091
mp-7950-done,Th2Se2O2,,0.748,5e+20,300.0,123000.0,47.6,15.4,0.8029104574901119,7950,8.755566666666667,0.00027868848,0.0087468477367283
mp-7950-done,Th2Se2O2,,0.748,1e+20,300.0,39500.0,101.0,24.6,0.242750582123795,7950,8.755566666666667,0.0004029395,0.0134338284212249
mp-7950-done,Th2Se2O2,,0.748,5e+19,300.0,23300.0,132.0,29.1,0.1371141574714681,7950,8.755566666666667,0.0004059791999999,0.0136959554051884
mp-7950-done,Th2Se2O2,,0.748,1e+19,300.0,6050.0,234.0,37.8,0.0323546848084149,7950,8.755566666666667,0.0003312738,0.0113089473636809
mp-7950-done,Th2Se2O2,,0.748,5e+18,300.0,3240.0,285.0,40.4,0.0169316251942281,7950,8.755566666666667,0.0002631689999999,0.0089997965657309
mp-7950-done,Th2Se2O2,,0.748,1e+18,300.0,715.0,414.0,44.6,0.0036253704792823,7950,8.755566666666667,0.0001225481399999,0.0041972412345864
mp-7950-done,Th2Se2O2,,0.748,-1e+18,300.0,724.0,-389.0,45.2,0.0039459812869682,7950,8.755566666666667,0.0001095564039999,0.0037521403896423
mp-7950-done,Th2Se2O2,,0.748,-5e+18,300.0,3260.0,-265.0,40.7,0.0181986195325324,7950,8.755566666666667,0.0002289335,0.0078278877722009
mp-7950-done,Th2Se2O2,,0.748,-1e+19,300.0,6170.0,-216.0,38.5,0.0344102849657848,7950,8.755566666666667,0.00028786752,0.0098248557960054
mp-7950-done,Th2Se2O2,,0.748,-5e+19,300.0,29300.0,-106.0,36.6,0.1523066839638836,7950,8.755566666666667,0.0003292148,0.0110873197353001
mp-7950-done,Th2Se2O2,,0.748,-1e+20,300.0,51800.0,-59.7,32.3,0.3069189447470093,7950,8.755566666666667,0.000184619862,0.0061115637557807
mp-7950-done,Th2Se2O2,,0.748,-5e+20,300.0,169000.0,-27.0,21.1,1.156515208390726,7950,8.755566666666667,0.000123201,0.0037288130249414
mp-7950-done,Th2Se2O2,,0.748,-1e+21,300.0,285000.0,-20.6,17.8,1.971341895913115,7950,8.755566666666667,0.0001209426,0.0033824078753286
mp-7523-done,Th2TeN2,,1.6,1e+21,300.0,781000.0,49.9,48.8,5.006114142498307,7523,7.651933333333333,0.0019446978099999,0.0460899948521989
mp-7523-done,Th2TeN2,,1.6,5e+20,300.0,456000.0,78.5,56.9,2.8845259334238835,7523,7.651933333333333,0.0028099859999999,0.0800075033421941
mp-7523-done,Th2TeN2,,1.6,1e+20,300.0,121000.0,159.0,75.7,0.7390535706103392,7523,7.651933333333333,0.0030590009999999,0.109367385565655
mp-7523-done,Th2TeN2,,1.6,5e+19,300.0,67800.0,202.0,84.6,0.4003718864361349,7523,7.651933333333333,0.0027665111999999,0.1030702807889504
mp-7523-done,Th2TeN2,,1.6,1e+19,300.0,16900.0,319.0,105.4,0.0913070937604966,7523,7.651933333333333,0.0017197609,0.0666295041278521
mp-7523-done,Th2TeN2,,1.6,5e+18,300.0,9190.0,372.0,114.7,0.0479584098714044,7523,7.651933333333333,0.00127174896,0.0495493574096935
mp-7523-done,Th2TeN2,,1.6,1e+18,300.0,2150.0,499.0,134.1,0.0105232580727034,7523,7.651933333333333,0.00053535215,0.020960072410737
mp-7523-done,Th2TeN2,,1.6,-1e+18,300.0,1730.0,-425.0,108.2,0.0132698614052533,7523,7.651933333333333,0.00031248125,0.0122298617033852
mp-7523-done,Th2TeN2,,1.6,-5e+18,300.0,7280.0,-305.0,90.9,0.0589821914391918,7523,7.651933333333333,0.0006772219999999,0.0263479218968571
mp-7523-done,Th2TeN2,,1.6,-1e+19,300.0,13000.0,-261.0,81.2,0.1090126142078015,7523,7.651933333333333,0.000885573,0.0342318967037995
mp-7523-done,Th2TeN2,,1.6,-5e+19,300.0,46700.0,-183.0,58.2,0.4007140822273962,7523,7.651933333333333,0.0015639363,0.0582641789448482
mp-7523-done,Th2TeN2,,1.6,-1e+20,300.0,79600.0,-161.0,49.7,0.6400943659308506,7523,7.651933333333333,0.0020633115999999,0.0746492296516204
mp-7523-done,Th2TeN2,,1.6,-5e+20,300.0,265000.0,-109.0,33.0,1.70967990602736,7523,7.651933333333333,0.0031484649999999,0.1008949500315474
mp-7523-done,Th2TeN2,,1.6,-1e+21,300.0,415000.0,-86.7,25.9,2.755768254361854,7523,7.651933333333333,0.0031195093499999,0.0899192580719656
mp-10623-done,ThSbRh,0.758,1.176,1e+21,300.0,1090000.0,88.4,68.1,7.488992291472012,10623,4.4274,0.0085178704,0.2144408355730911
mp-10623-done,ThSbRh,0.758,1.176,5e+20,300.0,641000.0,110.0,80.0,4.6569877571453,10623,4.4274,0.0077560999999999,0.2561350376275834
mp-10623-done,ThSbRh,0.758,1.176,1e+20,300.0,180000.0,166.0,112.2,1.4816824652966858,10623,4.4274,0.0049600799999999,0.2518198059917004
mp-10623-done,ThSbRh,0.758,1.176,5e+19,300.0,106000.0,196.0,132.7,0.8729826632199146,10623,4.4274,0.004072096,0.2304793592502387
mp-10623-done,ThSbRh,0.758,1.176,1e+19,300.0,28900.0,302.0,180.2,0.2191881001240588,10623,4.4274,0.0026357955999999,0.1701761944379916
mp-10623-done,ThSbRh,0.758,1.176,5e+18,300.0,15800.0,356.0,197.7,0.1174427461188402,10623,4.4274,0.0020024287999999,0.1321780914230694
mp-10623-done,ThSbRh,0.758,1.176,1e+18,300.0,3720.0,486.0,232.0,0.0266312964143517,10623,4.4274,0.00087864912,0.0591811593717814
mp-10623-done,ThSbRh,0.758,1.176,-1e+18,300.0,4640.0,-531.0,289.4,0.0244796639782238,10623,4.4274,0.00130829904,0.0881626956756663
mp-10623-done,ThSbRh,0.758,1.176,-5e+18,300.0,20200.0,-400.0,252.7,0.1096391175186267,10623,4.4274,0.0032319999999999,0.2137076571052926
mp-10623-done,ThSbRh,0.758,1.176,-1e+19,300.0,37900.0,-342.0,236.5,0.208659591222846,10623,4.4274,0.0044329355999999,0.2868558209471138
mp-10623-done,ThSbRh,0.758,1.176,-5e+19,300.0,159000.0,-210.0,199.1,0.9236908433696306,10623,4.4274,0.0070118999999999,0.3931105005639062
mp-10623-done,ThSbRh,0.758,1.176,-1e+20,300.0,284000.0,-158.0,177.5,1.7097475982038493,10623,4.4274,0.0070897759999999,0.3465669948401528
mp-10623-done,ThSbRh,0.758,1.176,-5e+20,300.0,882000.0,-72.9,110.1,5.975109579728002,10623,4.4274,0.00468730962,0.1351782351385989
mp-10623-done,ThSbRh,0.758,1.176,-1e+21,300.0,1350000.0,-50.7,84.3,9.167734599744874,10623,4.4274,0.0034701615,0.0765750748815341
mp-19886-done,ThSnPt,,0.68,1e+21,300.0,2160000.0,118.0,134.9,11.51741913146376,19886,2.9648,0.03007584,0.6230227507328184
mp-19886-done,ThSnPt,,0.68,5e+20,300.0,1200000.0,168.0,149.6,6.516584075137402,19886,2.9648,0.0338688,1.0716410093167492
mp-19886-done,ThSnPt,,0.68,1e+20,300.0,243000.0,296.0,151.7,1.5437630042208044,19886,2.9648,0.021290688,1.4166834075559012
mp-19886-done,ThSnPt,,0.68,5e+19,300.0,122000.0,354.0,152.6,0.8187103453497917,19886,2.9648,0.0152885519999999,1.2122513701164297
mp-19886-done,ThSnPt,,0.68,1e+19,300.0,28200.0,489.0,176.3,0.1975485610611828,19886,2.9648,0.0067432121999999,0.6397029362636509
mp-19886-done,ThSnPt,,0.68,5e+18,300.0,15500.0,546.0,193.9,0.1083435610596861,19886,2.9648,0.0046207979999999,0.4510818881243429
mp-19886-done,ThSnPt,,0.68,1e+18,300.0,3850.0,674.0,240.4,0.0264129511053859,19886,2.9648,0.0017489626,0.1754100388626975
mp-19886-done,ThSnPt,,0.68,-1e+18,300.0,12200.0,-561.0,759.6,0.072972163875814,19886,2.9648,0.0038395962,0.3791854022818973
mp-19886-done,ThSnPt,,0.68,-5e+18,300.0,45900.0,-433.0,572.6,0.2928228470555121,19886,2.9648,0.0086057450999999,0.7925176274882554
mp-19886-done,ThSnPt,,0.68,-1e+19,300.0,80500.0,-375.0,502.5,0.5296331625388127,19886,2.9648,0.0113203125,0.9718582648559329
mp-19886-done,ThSnPt,,0.68,-5e+19,300.0,307000.0,-237.0,382.9,2.10548713817995,19886,2.9648,0.0172438829999999,1.020290322622034
mp-19886-done,ThSnPt,,0.68,-1e+20,300.0,538000.0,-184.0,335.7,3.741513218367507,19886,2.9648,0.018214528,0.814808110219786
mp-19886-done,ThSnPt,,0.68,-5e+20,300.0,1720000.0,-99.5,214.7,12.3208386086614,19886,2.9648,0.0170284299999999,0.3342044863670459
mp-19886-done,ThSnPt,,0.68,-1e+21,300.0,2710000.0,-75.9,169.2,18.224464586129987,19886,2.9648,0.0156117951,0.2210335573923475
mp-390-done,Ti2O4,2.083,2.459,1e+21,300.0,200000.0,102.0,12.5,1.134403846587135,390,7.8127666666666675,0.0020808,0.0697695432399872
mp-390-done,Ti2O4,2.083,2.459,5e+20,300.0,119000.0,135.0,14.9,0.6346610666144873,390,7.8127666666666675,0.002168775,0.0770213750910989
mp-390-done,Ti2O4,2.083,2.459,1e+20,300.0,32400.0,240.0,20.2,0.1444544574528583,390,7.8127666666666675,0.0018662399999999,0.0703602415047778
mp-390-done,Ti2O4,2.083,2.459,5e+19,300.0,17500.0,294.0,21.9,0.074176466119115,390,7.8127666666666675,0.0015126299999999,0.0575367404531653
mp-390-done,Ti2O4,2.083,2.459,1e+19,300.0,4050.0,424.0,25.3,0.0158478463126238,390,7.8127666666666675,0.0007280928,0.0279012128695137
mp-390-done,Ti2O4,2.083,2.459,5e+18,300.0,2130.0,480.0,26.6,0.0081477992557143,390,7.8127666666666675,0.0004907519999999,0.0188246017318649
mp-390-done,Ti2O4,2.083,2.459,1e+18,300.0,459.0,613.0,28.7,0.0017109127816768,390,7.8127666666666675,0.0001724779709999,0.0066214779905508
mp-390-done,Ti2O4,2.083,2.459,-1e+18,300.0,1230.0,-426.0,76.7,0.0052265775901232,390,7.8127666666666675,0.00022321548,0.0085654517608074
mp-390-done,Ti2O4,2.083,2.459,-5e+18,300.0,5480.0,-296.0,68.3,0.0249024092020477,390,7.8127666666666675,0.0004801356799999,0.0183780027716983
mp-390-done,Ti2O4,2.083,2.459,-1e+19,300.0,10100.0,-244.0,62.9,0.0483830618380545,390,7.8127666666666675,0.0006013136,0.0229475440908963
mp-390-done,Ti2O4,2.083,2.459,-5e+19,300.0,39400.0,-140.0,49.1,0.2182958932062223,390,7.8127666666666675,0.0007722399999999,0.0288469923217279
mp-390-done,Ti2O4,2.083,2.459,-1e+20,300.0,72000.0,-106.0,45.0,0.4152159335896754,390,7.8127666666666675,0.000808992,0.0294966107478689
mp-390-done,Ti2O4,2.083,2.459,-5e+20,300.0,305000.0,-49.4,38.1,1.892636555787404,390,7.8127666666666675,0.0007443097999999,0.0230070750160454
mp-390-done,Ti2O4,2.083,2.459,-1e+21,300.0,550000.0,-34.5,34.3,3.585727496447169,390,7.8127666666666675,0.0006546375,0.0172295785030563
mp-1066791-done,TmTlS2,1.382,2.502,1e+21,300.0,329000.0,22.3,20.6,2.3355862807645096,1066791,2.4262,0.00016360841,0.0103075862934612
mp-1066791-done,TmTlS2,1.382,2.502,5e+20,300.0,203000.0,25.6,25.4,1.4261360881196383,1066791,2.4262,0.00013303808,0.0103603172431097
mp-1066791-done,TmTlS2,1.382,2.502,1e+20,300.0,62700.0,67.0,39.1,0.3992487660631517,1066791,2.4262,0.0002814603,0.0298848420166726
mp-1066791-done,TmTlS2,1.382,2.502,5e+19,300.0,32200.0,97.6,40.2,0.207961390258055,1066791,2.4262,0.0003067294719999,0.0349328791851115
mp-1066791-done,TmTlS2,1.382,2.502,1e+19,300.0,7140.0,192.0,44.6,0.0428821165821495,1066791,2.4262,0.00026320896,0.0319805839869371
mp-1066791-done,TmTlS2,1.382,2.502,5e+18,300.0,3720.0,241.0,46.4,0.0218293964016998,1066791,2.4262,0.0002160613199999,0.0264777849870777
mp-1066791-done,TmTlS2,1.382,2.502,1e+18,300.0,785.0,370.0,49.0,0.0044892020413524,1066791,2.4262,0.0001074664999999,0.0132637072534382
mp-1066791-done,TmTlS2,1.382,2.502,-1e+18,300.0,215.0,-567.0,13.4,0.0012620843065451,1066791,2.4262,6.9120135e-05,0.0085422716317827
mp-1066791-done,TmTlS2,1.382,2.502,-5e+18,300.0,1050.0,-431.0,13.1,0.0062214444949851,1066791,2.4262,0.0001950490499999,0.024056158167985
mp-1066791-done,TmTlS2,1.382,2.502,-1e+19,300.0,2080.0,-373.0,13.0,0.0123646851720621,1066791,2.4262,0.0002893883199999,0.0356014734929388
mp-1066791-done,TmTlS2,1.382,2.502,-5e+19,300.0,9980.0,-243.0,12.5,0.0609089844886006,1066791,2.4262,0.00058930902,0.0710836184110171
mp-1066791-done,TmTlS2,1.382,2.502,-1e+20,300.0,19500.0,-192.0,12.2,0.1213011599549009,1066791,2.4262,0.000718848,0.0846533078728088
mp-1066791-done,TmTlS2,1.382,2.502,-5e+20,300.0,98600.0,-93.6,12.3,0.6480233278865688,1066791,2.4262,0.0008638306559999,0.0842974530995205
mp-1066791-done,TmTlS2,1.382,2.502,-1e+21,300.0,206000.0,-61.3,12.9,1.3852800596236996,1066791,2.4262,0.00077408414,0.0609278386262703
mp-30460-done,YNiBi,0.193,0.376,1e+21,300.0,1600000.0,31.1,99.8,11.14435713468439,30460,1.2414,0.0015475359999999,0.0374834412584984
mp-30460-done,YNiBi,0.193,0.376,1e+21,300.0,1600000.0,31.1,99.8,11.235838817218884,30460,1.2414,0.0015475359999999,0.0372086169705495
mp-30460-done,YNiBi,0.193,0.376,1e+21,300.0,1610000.0,31.3,100.6,11.14435713468439,30460,1.2414,0.0015773009,0.0382043878992996
mp-30460-done,YNiBi,0.193,0.376,1e+21,300.0,1610000.0,31.3,100.6,11.235838817218884,30460,1.2414,0.0015773009,0.03792427771335
mp-30460-done,YNiBi,0.193,0.376,5e+20,300.0,1100000.0,55.9,137.9,7.43006694017468,30460,1.2414,0.0034372909999999,0.1189172843665592
mp-30460-done,YNiBi,0.193,0.376,5e+20,300.0,1100000.0,55.9,137.9,7.440942168812053,30460,1.2414,0.0034372909999999,0.1187683323175295
mp-30460-done,YNiBi,0.193,0.376,5e+20,300.0,1110000.0,55.9,138.0,7.43006694017468,30460,1.2414,0.0034685390999999,0.1199983505880734
mp-30460-done,YNiBi,0.193,0.376,5e+20,300.0,1110000.0,55.9,138.0,7.440942168812053,30460,1.2414,0.0034685390999999,0.1198480444295071
mp-30460-done,YNiBi,0.193,0.376,1e+20,300.0,353000.0,129.0,220.1,2.6527376251323163,30460,1.2414,0.0058742729999999,0.452547410914911
mp-30460-done,YNiBi,0.193,0.376,5e+19,300.0,211000.0,162.0,263.2,1.581877387658127,30460,1.2414,0.0055374839999999,0.5884101956336469
mp-30460-done,YNiBi,0.193,0.376,5e+19,300.0,211000.0,162.0,263.2,1.5834637601013837,30460,1.2414,0.0055374839999999,0.5880797592661064
mp-30460-done,YNiBi,0.193,0.376,5e+19,300.0,211000.0,162.0,263.2,1.581877387658127,30460,1.2414,0.0055374839999999,0.5884101956336469
mp-30460-done,YNiBi,0.193,0.376,5e+19,300.0,211000.0,162.0,263.2,1.5834637601013837,30460,1.2414,0.0055374839999999,0.5880797592661064
mp-30460-done,YNiBi,0.193,0.376,1e+19,300.0,63600.0,269.0,391.3,0.5568250046040634,30460,1.2414,0.0046021596,0.767783718091493
mp-30460-done,YNiBi,0.193,0.376,5e+18,300.0,38600.0,303.0,454.4,0.5689381050828215,30460,1.2414,0.0035438274,0.5872650070255035
mp-30460-done,YNiBi,0.193,0.376,5e+18,300.0,38600.0,303.0,454.4,0.569128364552048,30460,1.2414,0.0035438274,0.5872032942510894
mp-30460-done,YNiBi,0.193,0.376,5e+18,300.0,38600.0,303.0,454.5,0.5689381050828215,30460,1.2414,0.0035438274,0.5872650070255035
mp-30460-done,YNiBi,0.193,0.376,5e+18,300.0,38600.0,303.0,454.5,0.569128364552048,30460,1.2414,0.0035438274,0.5872032942510894
mp-30460-done,YNiBi,0.193,0.376,1e+18,300.0,21600.0,204.0,663.9,1.3070034785843985,30460,1.2414,0.0008989056,0.1058198524159128
mp-30460-done,YNiBi,0.193,0.376,1e+18,300.0,21600.0,204.0,663.9,1.3074598065551686,30460,1.2414,0.0008989056,0.1058009072552586
mp-30460-done,YNiBi,0.193,0.376,1e+18,300.0,21600.0,204.0,664.5,1.3070034785843985,30460,1.2414,0.0008989056,0.1058198524159128
mp-30460-done,YNiBi,0.193,0.376,1e+18,300.0,21600.0,204.0,664.5,1.3074598065551686,30460,1.2414,0.0008989056,0.1058009072552586
mp-30460-done,YNiBi,0.193,0.376,-1e+18,300.0,17900.0,-168.0,426.4,1.5483074982421592,30460,1.2414,0.0005052095999999,0.0543293087520724
mp-30460-done,YNiBi,0.193,0.376,-1e+18,300.0,17900.0,-168.0,426.4,1.5493212422013416,30460,1.2414,0.0005052095999999,0.0543095733490085
mp-30460-done,YNiBi,0.193,0.376,-1e+18,300.0,17900.0,-168.0,426.4,1.5483074982421592,30460,1.2414,0.0005052095999999,0.0543293087520724
mp-30460-done,YNiBi,0.193,0.376,-1e+18,300.0,17900.0,-168.0,426.4,1.5493212422013416,30460,1.2414,0.0005052095999999,0.0543095733490085
mp-30460-done,YNiBi,0.193,0.376,-5e+18,300.0,27300.0,-432.0,310.6,0.6695169813391783,30460,1.2414,0.0050948352,0.7998518904410258
mp-30460-done,YNiBi,0.193,0.376,-5e+18,300.0,27300.0,-432.0,310.6,0.6695818001845654,30460,1.2414,0.0050948352,0.7998247601585635
mp-30460-done,YNiBi,0.193,0.376,-5e+18,300.0,27300.0,-432.0,310.6,0.6695169813391783,30460,1.2414,0.0050948352,0.7998518904410258
mp-30460-done,YNiBi,0.193,0.376,-5e+18,300.0,27300.0,-432.0,310.6,0.6695818001845654,30460,1.2414,0.0050948352,0.7998247601585635
mp-30460-done,YNiBi,0.193,0.376,-1e+19,300.0,45400.0,-421.0,276.5,0.5187316066967426,30460,1.2414,0.0080467414,1.371501091631677
mp-30460-done,YNiBi,0.193,0.376,-5e+19,300.0,184000.0,-297.0,229.2,1.2145655818745835,30460,1.2414,0.016230456,1.9825753406053424
mp-30460-done,YNiBi,0.193,0.376,-5e+19,300.0,184000.0,-297.0,229.2,1.2145693979266114,30460,1.2414,0.016230456,1.9825722601065967
mp-30460-done,YNiBi,0.193,0.376,-5e+19,300.0,184000.0,-297.0,229.2,1.2145655818745835,30460,1.2414,0.016230456,1.9825753406053424
mp-30460-done,YNiBi,0.193,0.376,-5e+19,300.0,184000.0,-297.0,229.2,1.2145693979266114,30460,1.2414,0.016230456,1.9825722601065967
mp-30460-done,YNiBi,0.193,0.376,-1e+20,300.0,351000.0,-237.0,219.3,2.275777624472303,30460,1.2414,0.019715319,1.681631220114279
mp-30460-done,YNiBi,0.193,0.376,-5e+20,300.0,1510000.0,-115.0,188.1,10.055160119589482,30460,1.2414,0.0199697499999999,0.530331794508936
mp-30460-done,YNiBi,0.193,0.376,-5e+20,300.0,1510000.0,-115.0,188.1,10.05517582846345,30460,1.2414,0.0199697499999999,0.5303310570363207
mp-30460-done,YNiBi,0.193,0.376,-5e+20,300.0,1510000.0,-115.0,188.1,10.055160119589482,30460,1.2414,0.0199697499999999,0.530331794508936
mp-30460-done,YNiBi,0.193,0.376,-5e+20,300.0,1510000.0,-115.0,188.1,10.05517582846345,30460,1.2414,0.0199697499999999,0.5303310570363207
mp-30460-done,YNiBi,0.193,0.376,-1e+21,300.0,2710000.0,-77.6,169.3,18.944615558058945,30460,1.2414,0.0163189695999999,0.2425288371506007
mp-4964-done,YSbPt,,0.179,1e+21,300.0,2770000.0,33.6,172.9,19.69850598311272,4964,3.7774,0.0031272191999999,0.03996292030965
mp-4964-done,YSbPt,,0.179,5e+20,300.0,1860000.0,56.0,232.2,12.6452073851177,4964,3.7774,0.00583296,0.1065536037587893
mp-4964-done,YSbPt,,0.179,1e+20,300.0,597000.0,132.0,372.6,4.831651181139748,4964,3.7774,0.0104021279999999,0.3624834298623405
mp-4964-done,YSbPt,,0.179,5e+19,300.0,364000.0,157.0,454.9,2.982832544717715,4964,3.7774,0.008972236,0.3981624570153592
mp-4964-done,YSbPt,,0.179,1e+19,300.0,122000.0,267.0,762.5,0.8457774154382783,4964,3.7774,0.008697258,0.5643688670236007
mp-4964-done,YSbPt,,0.179,5e+18,300.0,73100.0,321.0,911.6,0.5112478802219425,4964,3.7774,0.0075322971,0.5269001310228945
mp-4964-done,YSbPt,,0.179,1e+18,300.0,22500.0,414.0,1351.1,0.4038449935857731,4964,3.7774,0.00385641,0.2766934254689152
mp-4964-done,YSbPt,,0.179,-1e+18,300.0,116000.0,-220.0,7186.9,0.7817139277362392,4964,3.7774,0.0056143999999999,0.3694402084916299
mp-4964-done,YSbPt,,0.179,-5e+18,300.0,305000.0,-122.0,3801.8,2.0144464766441144,4964,3.7774,0.0045396199999999,0.2351384839863828
mp-4964-done,YSbPt,,0.179,-1e+19,300.0,450000.0,-86.5,2807.6,3.016759603777977,4964,3.7774,0.0033670125,0.1486723611023678
mp-4964-done,YSbPt,,0.179,-5e+19,300.0,955000.0,-38.7,1191.8,7.947055505481846,4964,3.7774,0.00143029395,0.036597706801768
mp-4964-done,YSbPt,,0.179,-1e+20,300.0,1300000.0,-52.0,808.4,13.054340177287717,4964,3.7774,0.0035151999999999,0.0626530583821014
mp-4964-done,YSbPt,,0.179,-5e+20,300.0,2470000.0,-94.8,308.4,21.37026085027736,4964,3.7774,0.0221979887999999,0.2648117723413039
mp-4964-done,YSbPt,,0.179,-1e+21,300.0,3830000.0,-82.3,239.3,28.24046845715424,4964,3.7774,0.0259417006999999,0.243067717653172
mp-1779-done,YbTe,1.448,2.453,1e+21,300.0,188000.0,36.6,11.7,1.3228225101181263,1779,6.1599,0.00025183728,0.0100967507344873
mp-1779-done,YbTe,1.448,2.453,5e+20,300.0,108000.0,59.3,13.5,0.7398140458196072,1779,6.1599,0.0003797809199999,0.0165128982510514
mp-1779-done,YbTe,1.448,2.453,1e+20,300.0,26000.0,131.0,16.2,0.1693659949504985,1779,6.1599,0.0004461859999999,0.0211487082557061
mp-1779-done,YbTe,1.448,2.453,5e+19,300.0,13800.0,176.0,17.2,0.0866654953197498,1779,6.1599,0.0004274687999999,0.0205297839422406
mp-1779-done,YbTe,1.448,2.453,1e+19,300.0,3020.0,301.0,18.8,0.018074528894453,1779,6.1599,0.00027361502,0.013286637168232
mp-1779-done,YbTe,1.448,2.453,5e+18,300.0,1550.0,358.0,19.4,0.0091939226186757,1779,6.1599,0.0001986541999999,0.0096604559352651
mp-1779-done,YbTe,1.448,2.453,1e+18,300.0,329.0,493.0,20.5,0.0019208828459375,1779,6.1599,7.996312099999998e-05,0.0038931570320038
mp-1779-done,YbTe,1.448,2.453,-1e+18,300.0,849.0,-469.0,53.0,0.0051415602609363,1779,6.1599,0.0001867468889999,0.0090873785930485
mp-1779-done,YbTe,1.448,2.453,-5e+18,300.0,3970.0,-335.0,49.5,0.0244993197500301,1779,6.1599,0.00044553325,0.0216124425492955
mp-1779-done,YbTe,1.448,2.453,-1e+19,300.0,7710.0,-278.0,48.1,0.0482121845150049,1779,6.1599,0.00059585964,0.0287942431913325
mp-1779-done,YbTe,1.448,2.453,-5e+19,300.0,35300.0,-158.0,44.1,0.2322511951976158,1779,6.1599,0.0008812291999999,0.0413583396147745
mp-1779-done,YbTe,1.448,2.453,-1e+20,300.0,67500.0,-118.0,42.2,0.4579009012451824,1779,6.1599,0.00093987,0.0426064495151172
mp-1779-done,YbTe,1.448,2.453,-5e+20,300.0,319000.0,-50.8,39.8,2.238446335536879,1779,6.1599,0.0008232241599999,0.0294066519923034
mp-1779-done,YbTe,1.448,2.453,-1e+21,300.0,609000.0,-32.0,38.0,4.360964928387727,1779,6.1599,0.000623616,0.0177822642219464
mp-924129-done,ZrNiSn,0.486,0.884,1e+21,300.0,461000.0,88.9,28.8,2.845853468977497,924129,14.382,0.00364337981,0.0634445808915318
mp-924129-done,ZrNiSn,0.486,0.884,5e+20,300.0,272000.0,135.0,33.9,1.5667682657364157,924129,14.382,0.0049572,0.0932460723750651
mp-924129-done,ZrNiSn,0.486,0.884,1e+20,300.0,63700.0,265.0,39.8,0.3541075364358125,924129,14.382,0.0044733325,0.0910688081423017
mp-924129-done,ZrNiSn,0.486,0.884,5e+19,300.0,33200.0,324.0,41.4,0.1849961499241231,924129,14.382,0.0034852031999999,0.0717760167737407
mp-924129-done,ZrNiSn,0.486,0.884,1e+19,300.0,7770.0,459.0,48.5,0.0430593805511561,924129,14.382,0.0016369913699999,0.0340447410332397
mp-924129-done,ZrNiSn,0.486,0.884,5e+18,300.0,4200.0,516.0,52.5,0.0231259950832286,924129,14.382,0.0011182751999999,0.023289109731805
mp-924129-done,ZrNiSn,0.486,0.884,1e+18,300.0,999.0,644.0,62.4,0.0055749306691944,924129,14.382,0.0004143212639999,0.0086391473058475
mp-924129-done,ZrNiSn,0.486,0.884,-1e+18,300.0,3440.0,-565.0,214.8,0.0210839383969226,924129,14.382,0.0010981339999999,0.0228728931532309
mp-924129-done,ZrNiSn,0.486,0.884,-5e+18,300.0,14200.0,-440.0,177.6,0.0892795071251896,924129,14.382,0.0027491199999999,0.0569912287019193
mp-924129-done,ZrNiSn,0.486,0.884,-1e+19,300.0,26100.0,-384.0,163.0,0.1664267496424514,924129,14.382,0.0038486016,0.0793611914104991
mp-924129-done,ZrNiSn,0.486,0.884,-5e+19,300.0,111000.0,-252.0,138.8,0.7303514832800494,924129,14.382,0.007048944,0.1399307845863455
mp-924129-done,ZrNiSn,0.486,0.884,-1e+20,300.0,210000.0,-197.0,131.3,1.388165161927537,924129,14.382,0.0081498899999999,0.1550375011862672
mp-924129-done,ZrNiSn,0.486,0.884,-5e+20,300.0,913000.0,-94.9,114.0,6.139825361258353,924129,14.382,0.00822248713,0.1202011076293821
mp-924129-done,ZrNiSn,0.486,0.884,-1e+21,300.0,1700000.0,-64.2,106.4,11.722488294563057,924129,14.382,0.007006788,0.0805239457782363
mp-1014244-done,ZrZnN2,2.115,2.678,1e+21,300.0,928000.0,42.0,57.9,6.198777096437664,1014244,9.207966666666666,0.0016369919999999,0.031875496052322
mp-1014244-done,ZrZnN2,2.115,2.678,5e+20,300.0,664000.0,63.9,82.9,3.823014831290184,1014244,9.207966666666666,0.0027112514399999,0.0624185854402065
mp-1014244-done,ZrZnN2,2.115,2.678,1e+20,300.0,188000.0,154.0,117.6,1.1355517354342957,1014244,9.207966666666666,0.004458608,0.1293159975166972
mp-1014244-done,ZrZnN2,2.115,2.678,5e+19,300.0,106000.0,195.0,132.6,0.6449322581301989,1014244,9.207966666666666,0.00403065,0.1227247949288112
mp-1014244-done,ZrZnN2,2.115,2.678,1e+19,300.0,29200.0,302.0,182.4,0.1652949613433087,1014244,9.207966666666666,0.0026631567999999,0.0852368227525506
mp-1014244-done,ZrZnN2,2.115,2.678,5e+18,300.0,16400.0,352.0,204.5,0.0892993878962191,1014244,9.207966666666666,0.0020320256,0.0655684882440057
mp-1014244-done,ZrZnN2,2.115,2.678,1e+18,300.0,4040.0,476.0,252.4,0.0204863991246428,1014244,9.207966666666666,0.0009153670399999,0.0297568953368701
mp-1014244-done,ZrZnN2,2.115,2.678,-1e+18,300.0,451.0,-747.0,28.2,0.0023794362014058,1014244,9.207966666666666,0.0002516620589999,0.0081971531641422
mp-1014244-done,ZrZnN2,2.115,2.678,-5e+18,300.0,2130.0,-613.0,26.6,0.0113280245124923,1014244,9.207966666666666,0.0008003879699999,0.0260449848977827
mp-1014244-done,ZrZnN2,2.115,2.678,-1e+19,300.0,4130.0,-556.0,25.8,0.0220449256170325,1014244,9.207966666666666,0.0012767316799999,0.0414971855853545
mp-1014244-done,ZrZnN2,2.115,2.678,-5e+19,300.0,18800.0,-423.0,23.5,0.1023923856226177,1014244,9.207966666666666,0.0033638651999999,0.1083910463959853
mp-1014244-done,ZrZnN2,2.115,2.678,-1e+20,300.0,36000.0,-365.0,22.5,0.1986325977329648,1014244,9.207966666666666,0.0047960999999999,0.1529596360552308
mp-1014244-done,ZrZnN2,2.115,2.678,-5e+20,300.0,164000.0,-233.0,20.4,0.9230724201693312,1014244,9.207966666666666,0.008903396,0.2636470728328993
mp-1014244-done,ZrZnN2,2.115,2.678,-1e+21,300.0,315000.0,-179.0,19.7,1.7902490867028398,1014244,9.207966666666666,0.010092915,0.2753059739778568
2172-done,AlAs,1.519,1.768,1e+21,300.0,453000.0,55.7,28.3,3.01920340442284,2172,21.588000000000005,0.00140542797,0.0171343481853861
2172-done,AlAs,1.519,1.768,5e+20,300.0,296000.0,90.6,36.9,1.77461604507321,2172,21.588000000000005,0.0024296745599999,0.0311995183499017
2172-done,AlAs,1.519,1.768,1e+20,300.0,78800.0,204.0,49.2,0.4456585081044691,2172,21.588000000000005,0.0032793408,0.0446499722067552
2172-done,AlAs,1.519,1.768,5e+19,300.0,39800.0,262.0,49.7,0.229950261475376,2172,21.588000000000005,0.0027320311999999,0.037565827686718
2172-done,AlAs,1.519,1.768,1e+19,300.0,8590.0,400.0,53.6,0.0517191996814461,2172,21.588000000000005,0.0013743999999999,0.0190538516787241
2172-done,AlAs,1.519,1.768,5e+18,300.0,4670.0,458.0,58.3,0.0281421180178451,2172,21.588000000000005,0.00097959788,0.0135953660183905
2172-done,AlAs,1.519,1.768,1e+18,300.0,1250.0,584.0,77.9,0.0072113000726166,2172,21.588000000000005,0.00042632,0.005922424107032
2172-done,AlAs,1.519,1.768,-1e+18,300.0,5370.0,-457.0,335.0,0.0274310350637189,2172,21.588000000000005,0.00112151913,0.0155655345689944
2172-done,AlAs,1.519,1.768,-5e+18,300.0,23300.0,-322.0,291.5,0.122248990967616,2172,21.588000000000005,0.0024158371999999,0.033382904097576
2172-done,AlAs,1.519,1.768,-1e+19,300.0,45600.0,-262.0,284.5,0.2391071864099433,2172,21.588000000000005,0.0031301663999999,0.0430221885099205
2172-done,AlAs,1.519,1.768,-5e+19,300.0,206000.0,-133.0,256.8,1.1296752769282996,2172,21.588000000000005,0.003643934,0.0481202493949817
2172-done,AlAs,1.519,1.768,-1e+20,300.0,354000.0,-90.4,221.0,2.066472406097864,2172,21.588000000000005,0.00289294464,0.0366900337957345
2172-done,AlAs,1.519,1.768,-5e+20,300.0,949000.0,-39.5,118.5,6.526590381211448,2172,21.588000000000005,0.0014806772499999,0.0157997384623759
2172-done,AlAs,1.519,1.768,-1e+21,300.0,1500000.0,-30.0,93.8,10.421489223731085,2172,21.588000000000005,0.0013499999999999,0.0126524980504753
2624-done,AlSb,1.219,1.252,1e+21,300.0,745000.0,41.5,46.5,5.196659663866097,2624,11.916000000000002,0.0012830762499999,0.0224934570406227
2624-done,AlSb,1.219,1.252,5e+20,300.0,520000.0,71.6,65.0,3.234536937268311,2624,11.916000000000002,0.0026658111999999,0.0527864697674646
2624-done,AlSb,1.219,1.252,1e+20,300.0,148000.0,187.0,92.1,0.963659042378612,2624,11.916000000000002,0.0051754119999999,0.1205485017026686
2624-done,AlSb,1.219,1.252,5e+19,300.0,76800.0,237.0,95.9,0.5478847442096083,2624,11.916000000000002,0.0043137791999999,0.103830690555863
2624-done,AlSb,1.219,1.252,1e+19,300.0,18100.0,365.0,113.2,0.1385885956823407,2624,11.916000000000002,0.0024113724999999,0.0600113180352814
2624-done,AlSb,1.219,1.252,5e+18,300.0,10200.0,421.0,126.9,0.0776167999793526,2624,11.916000000000002,0.0018078582,0.0452205092963228
2624-done,AlSb,1.219,1.252,1e+18,300.0,2770.0,549.0,172.9,0.0206251772978025,2624,11.916000000000002,0.00083488077,0.0209828345348697
2624-done,AlSb,1.219,1.252,-1e+18,300.0,5490.0,-493.0,342.8,0.033763798791558,2624,11.916000000000002,0.0013343390099999,0.0334987125888171
2624-done,AlSb,1.219,1.252,-5e+18,300.0,21600.0,-364.0,269.6,0.1379940420080446,2624,11.916000000000002,0.0028619135999999,0.0712273522790743
2624-done,AlSb,1.219,1.252,-1e+19,300.0,41200.0,-305.0,257.0,0.2610302888671669,2624,11.916000000000002,0.0038326299999999,0.0944227757280987
2624-done,AlSb,1.219,1.252,-5e+19,300.0,190000.0,-177.0,237.6,1.1780114031920363,2624,11.916000000000002,0.0059525099999999,0.1363793680189282
2624-done,AlSb,1.219,1.252,-1e+20,300.0,340000.0,-134.0,212.3,2.1348789535973665,2624,11.916000000000002,0.00610504,0.1303485715056344
2624-done,AlSb,1.219,1.252,-5e+20,300.0,1030000.0,-65.7,128.4,7.051098961953708,2624,11.916000000000002,0.0044459846999999,0.0703215295431021
2624-done,AlSb,1.219,1.252,-1e+21,300.0,1640000.0,-48.3,102.2,11.530637879406235,2624,11.916000000000002,0.0038259395999999,0.0489529409676299
1207108-done,BaAlGeH,0.777,1.194,1e+21,300.0,2340000.0,11.1,145.9,15.379283588100968,1207108,10.933433333333332,0.0002883113999999,0.0032871337558271
1207108-done,BaAlGeH,0.777,1.194,5e+20,300.0,2050000.0,41.4,256.3,11.858977859026052,1207108,10.933433333333332,0.0035136179999999,0.0462472088233177
1207108-done,BaAlGeH,0.777,1.194,1e+20,300.0,756000.0,142.0,471.6,3.7318180282267353,1207108,10.933433333333332,0.0152439839999999,0.3118388554857664
1207108-done,BaAlGeH,0.777,1.194,5e+19,300.0,430000.0,197.0,536.9,1.9460482943735105,1207108,10.933433333333332,0.0166878699999999,0.3887082682916439
1207108-done,BaAlGeH,0.777,1.194,1e+19,300.0,116000.0,324.0,721.6,0.4629540529755799,1207108,10.933433333333332,0.0121772159999999,0.3205546350932851
1207108-done,BaAlGeH,0.777,1.194,5e+18,300.0,61600.0,380.0,768.9,0.2408843514302285,1207108,10.933433333333332,0.0088950399999999,0.2388076010796209
1207108-done,BaAlGeH,0.777,1.194,1e+18,300.0,14300.0,512.0,890.2,0.0535948300996702,1207108,10.933433333333332,0.0037486591999999,0.1023568651387327
1207108-done,BaAlGeH,0.777,1.194,-1e+18,300.0,17400.0,-514.0,1088.4,0.0851208197333265,1207108,10.933433333333332,0.0045970104,0.1251618951853289
1207108-done,BaAlGeH,0.777,1.194,-5e+18,300.0,80000.0,-383.0,998.2,0.3984200358050178,1207108,10.933433333333332,0.01173512,0.3106760990737823
1207108-done,BaAlGeH,0.777,1.194,-1e+19,300.0,151000.0,-327.0,944.0,0.766589958288177,1207108,10.933433333333332,0.016146279,0.4140063296684844
1207108-done,BaAlGeH,0.777,1.194,-5e+19,300.0,612000.0,-206.0,763.8,3.3201506099832514,1207108,10.933433333333332,0.025970832,0.5466168811285718
1207108-done,BaAlGeH,0.777,1.194,-1e+20,300.0,1070000.0,-159.0,668.1,6.043413559258454,1207108,10.933433333333332,0.0270506699999999,0.4780157971231519
1207108-done,BaAlGeH,0.777,1.194,-5e+20,300.0,3750000.0,-64.7,468.4,23.77747512586211,1207108,10.933433333333332,0.0156978375,0.1356735233690612
1207108-done,BaAlGeH,0.777,1.194,-1e+21,300.0,6000000.0,-35.1,374.5,40.44545553079151,1207108,10.933433333333332,0.00739206,0.0431620466893445
571093-done,BaAlSiH,0.702,1.187,1e+21,300.0,650000.0,23.4,40.6,4.288452710517505,571093,11.472033333333334,0.0003559139999999,0.0067748037530625
571093-done,BaAlSiH,0.702,1.187,5e+20,300.0,489000.0,36.4,61.0,3.023093748039589,571093,11.472033333333334,0.0006479054399999,0.0134094465615102
571093-done,BaAlSiH,0.702,1.187,1e+20,300.0,168000.0,137.0,104.6,0.8356843892956701,571093,11.472033333333334,0.0031531919999999,0.0768588962891738
571093-done,BaAlSiH,0.702,1.187,5e+19,300.0,89900.0,189.0,112.2,0.4361703754944799,571093,11.472033333333334,0.0032113178999999,0.0809018214296908
571093-done,BaAlSiH,0.702,1.187,1e+19,300.0,22700.0,315.0,141.7,0.0969601866456388,571093,11.472033333333334,0.0022524074999999,0.0584080411863864
571093-done,BaAlSiH,0.702,1.187,5e+18,300.0,12900.0,370.0,160.7,0.0520088890981908,571093,11.472033333333334,0.00176601,0.0459737121553355
571093-done,BaAlSiH,0.702,1.187,1e+18,300.0,3470.0,497.0,216.3,0.0124138309263673,571093,11.472033333333334,0.0008571212299999,0.0223899649083844
571093-done,BaAlSiH,0.702,1.187,-1e+18,300.0,5960.0,-527.0,372.2,0.0266269228768531,571093,11.472033333333334,0.00165526484,0.0431858530416017
571093-done,BaAlSiH,0.702,1.187,-5e+18,300.0,23300.0,-401.0,290.3,0.1120587134948652,571093,11.472033333333334,0.0037466632999999,0.0970295285514179
571093-done,BaAlSiH,0.702,1.187,-1e+19,300.0,42400.0,-345.0,264.6,0.2102168363938337,571093,11.472033333333334,0.0050466599999999,0.1295981491582223
571093-done,BaAlSiH,0.702,1.187,-5e+19,300.0,180000.0,-215.0,224.9,0.939663562135476,571093,11.472033333333334,0.0083205,0.2011127101332357
571093-done,BaAlSiH,0.702,1.187,-1e+20,300.0,332000.0,-165.0,207.2,1.7815293964812795,571093,11.472033333333334,0.0090387,0.2045947987932395
571093-done,BaAlSiH,0.702,1.187,-5e+20,300.0,1170000.0,-72.8,146.4,7.166607939907478,571093,11.472033333333334,0.0062008127999999,0.0998057644186055
571093-done,BaAlSiH,0.702,1.187,-1e+21,300.0,1980000.0,-44.4,123.3,12.58700291146186,571093,11.472033333333334,0.0039032927999999,0.0486714358831931
1018095-done,BaGaGeH,,0.215,1e+21,300.0,1710000.0,19.3,106.6,11.206983883370066,1018095,6.301566666666666,0.0006369578999999,0.0109139457006376
1018095-done,BaGaGeH,,0.215,5e+20,300.0,1340000.0,45.6,167.6,8.284360788465328,1018095,6.301566666666666,0.0027863423999999,0.057308849407849
1018095-done,BaGaGeH,,0.215,1e+20,300.0,490000.0,140.0,306.0,2.531719187901192,1018095,6.301566666666666,0.0096039999999999,0.326175338083285
1018095-done,BaGaGeH,,0.215,5e+19,300.0,283000.0,191.0,353.7,1.3950810432478855,1018095,6.301566666666666,0.0103241229999999,0.4024137542387731
1018095-done,BaGaGeH,,0.215,1e+19,300.0,76100.0,316.0,474.1,0.3935014272262374,1018095,6.301566666666666,0.0075990415999999,0.3405062425099865
1018095-done,BaGaGeH,,0.215,5e+18,300.0,43200.0,365.0,534.3,0.3144763002568415,1018095,6.301566666666666,0.0057553199999999,0.2609710983788918
1018095-done,BaGaGeH,,0.215,1e+18,300.0,13700.0,327.0,687.1,0.7888026990937833,1018095,6.301566666666666,0.0014649272999999,0.0619824112580396
1018095-done,BaGaGeH,,0.215,-1e+18,300.0,266000.0,-190.0,16526.6,1.172437884703909,1018095,6.301566666666666,0.0096025999999999,0.3854399579502123
1018095-done,BaGaGeH,,0.215,-5e+18,300.0,578000.0,-89.0,7219.8,3.1509134743679827,1018095,6.301566666666666,0.0045783379999999,0.1453059281275178
1018095-done,BaGaGeH,,0.215,-1e+19,300.0,650000.0,-60.1,4055.4,4.39750620976977,1018095,6.301566666666666,0.0023478064999999,0.0658320546214063
1018095-done,BaGaGeH,,0.215,-5e+19,300.0,1450000.0,-36.7,1812.9,10.54995329335809,1018095,6.301566666666666,0.0019529905,0.0347682079355374
1018095-done,BaGaGeH,,0.215,-1e+20,300.0,1940000.0,-45.8,1209.2,14.044367545890331,1018095,6.301566666666666,0.0040694215999999,0.0600034614899377
1018095-done,BaGaGeH,,0.215,-5e+20,300.0,3520000.0,-46.9,439.7,24.2617119161198,1018095,6.301566666666666,0.0077426271999999,0.075999312498764
1018095-done,BaGaGeH,,0.215,-1e+21,300.0,4510000.0,-31.7,281.5,31.04185684946336,1018095,6.301566666666666,0.0045320538999999,0.0364084500558097
1008506-done,BaGaSiH,0.533,0.766,1e+21,300.0,848000.0,28.1,52.9,5.560680898696634,1008506,8.114533333333334,0.0006695892799999,0.0146891142318983
1008506-done,BaGaSiH,0.533,0.766,5e+20,300.0,562000.0,49.8,70.1,3.5552138822218065,1008506,8.114533333333334,0.0013937824799999,0.0358306599343145
1008506-done,BaGaSiH,0.533,0.766,1e+20,300.0,210000.0,99.7,131.0,1.1560688155837833,1008506,8.114533333333334,0.0020874188999999,0.0675496219059641
1008506-done,BaGaSiH,0.533,0.766,5e+19,300.0,135000.0,144.0,168.2,0.6275612433912684,1008506,8.114533333333334,0.00279936,0.096064849519696
1008506-done,BaGaSiH,0.533,0.766,1e+19,300.0,40700.0,269.0,254.3,0.1491439339257114,1008506,8.114533333333334,0.0029450926999999,0.1069170275442066
1008506-done,BaGaSiH,0.533,0.766,5e+18,300.0,24100.0,325.0,300.3,0.0818617493130404,1008506,8.114533333333334,0.0025455625,0.0931712957098493
1008506-done,BaGaSiH,0.533,0.766,1e+18,300.0,7040.0,453.0,439.1,0.0206503879323436,1008506,8.114533333333334,0.0014446713599999,0.053274937954633
1008506-done,BaGaSiH,0.533,0.766,-1e+18,300.0,8230.0,-506.0,513.7,0.0325071913831326,1008506,8.114533333333334,0.0021071762799999,0.0775929470440396
1008506-done,BaGaSiH,0.533,0.766,-5e+18,300.0,31300.0,-378.0,391.2,0.136761849745055,1008506,8.114533333333334,0.0044722691999999,0.162602443644419
1008506-done,BaGaSiH,0.533,0.766,-1e+19,300.0,56600.0,-323.0,353.2,0.2564502264760714,1008506,8.114533333333334,0.0059050214,0.2116246445047772
1008506-done,BaGaSiH,0.533,0.766,-5e+19,300.0,235000.0,-193.0,293.4,1.164444710001142,1008506,8.114533333333334,0.008753515,0.2830111772800688
1008506-done,BaGaSiH,0.533,0.766,-1e+20,300.0,423000.0,-142.0,264.2,2.218365109858846,1008506,8.114533333333334,0.0085293719999999,0.2476373511331508
1008506-done,BaGaSiH,0.533,0.766,-5e+20,300.0,1320000.0,-55.7,164.4,8.555045668128226,1008506,8.114533333333334,0.0040952867999999,0.0737022836564888
1008506-done,BaGaSiH,0.533,0.766,-1e+21,300.0,2160000.0,-40.3,134.6,14.48230446344082,1008506,8.114533333333334,0.0035080343999999,0.0465733448841327
1018094-done,BaGaSnH,,0.197,1e+21,300.0,1670000.0,17.2,104.1,11.147700172961478,1018094,4.573633333333333,0.0004940527999999,0.0094276888115518
1018094-done,BaGaSnH,,0.197,5e+20,300.0,1380000.0,35.2,171.9,8.926540017251403,1018094,4.573633333333333,0.0017098752,0.0379967387587494
1018094-done,BaGaSnH,,0.197,1e+20,300.0,611000.0,82.9,381.4,3.9826464550535214,1018094,4.573633333333333,0.00419904251,0.1472266901217705
1018094-done,BaGaSnH,,0.197,5e+19,300.0,388000.0,110.0,484.7,2.50714411823394,1018094,4.573633333333333,0.0046947999999999,0.1989103611338925
1018094-done,BaGaSnH,,0.197,1e+19,300.0,132000.0,202.0,824.1,0.7493377470634165,1018094,4.573633333333333,0.005386128,0.3035594925455734
1018094-done,BaGaSnH,,0.197,5e+18,300.0,80200.0,250.0,1000.3,0.4460014275542733,1018094,4.573633333333333,0.0050125,0.2995735888429652
1018094-done,BaGaSnH,,0.197,1e+18,300.0,24600.0,346.0,1495.0,0.3091346876497488,1018094,4.573633333333333,0.0029450136,0.1809432838511377
1018094-done,BaGaSnH,,0.197,-1e+18,300.0,209000.0,-175.0,12997.2,0.956421458705671,1018094,4.573633333333333,0.0064006249999999,0.3472275722772669
1018094-done,BaGaSnH,,0.197,-5e+18,300.0,436000.0,-80.6,5446.0,2.5831324205141306,1018094,4.573633333333333,0.0028324129599999,0.1187301523098139
1018094-done,BaGaSnH,,0.197,-1e+19,300.0,512000.0,-59.0,3197.2,3.4934873084431164,1018094,4.573633333333333,0.001782272,0.0662791129255082
1018094-done,BaGaSnH,,0.197,-5e+19,300.0,1240000.0,-31.1,1543.5,9.579692280067832,1018094,4.573633333333333,0.0011993403999999,0.0254217368997212
1018094-done,BaGaSnH,,0.197,-1e+20,300.0,1450000.0,-42.9,903.8,11.675656659047272,1018094,4.573633333333333,0.0026685945,0.0492685126781167
1018094-done,BaGaSnH,,0.197,-5e+20,300.0,2410000.0,-50.3,300.4,16.285610712508632,1018094,4.573633333333333,0.0060975168999999,0.0876951756247662
1018094-done,BaGaSnH,,0.197,-1e+21,300.0,3360000.0,-39.3,209.7,23.02978894749234,1018094,4.573633333333333,0.0051894863999999,0.0564004674551318
10616-done,BaLiAs,,0.59,1e+21,300.0,286000.0,31.2,17.8,1.8190203200818296,10616,3.142333333333333,0.00027840384,0.0168343476064255
10616-done,BaLiAs,,0.59,5e+20,300.0,239000.0,60.5,29.8,1.356704612618293,10616,3.142333333333333,0.00087479975,0.0583324542163845
10616-done,BaLiAs,,0.59,1e+20,300.0,82100.0,145.0,51.3,0.5374582376236546,10616,3.142333333333333,0.0017261525,0.1407269243418931
10616-done,BaLiAs,,0.59,5e+19,300.0,49100.0,176.0,61.3,0.3291568077684643,10616,3.142333333333333,0.0015209216,0.1314353379828942
10616-done,BaLiAs,,0.59,1e+19,300.0,13000.0,260.0,81.3,0.0801293312728943,10616,3.142333333333333,0.0008787999999999,0.0818132054393206
10616-done,BaLiAs,,0.59,5e+18,300.0,6960.0,307.0,86.9,0.0417147859094903,10616,3.142333333333333,0.0006559730399999,0.0618055709681824
10616-done,BaLiAs,,0.59,1e+18,300.0,1520.0,431.0,94.7,0.0088194339506928,10616,3.142333333333333,0.0002823567199999,0.0268812787749985
10616-done,BaLiAs,,0.59,-1e+18,300.0,2640.0,-295.0,164.5,0.0140190130580094,10616,3.142333333333333,0.0002297459999999,0.0218365354801945
10616-done,BaLiAs,,0.59,-5e+18,300.0,11400.0,-179.0,142.8,0.0653831029126132,10616,3.142333333333333,0.0003652673999999,0.0341614423150862
10616-done,BaLiAs,,0.59,-1e+19,300.0,20300.0,-136.0,126.5,0.1242383980089747,10616,3.142333333333333,0.0003754688,0.0344828307057299
10616-done,BaLiAs,,0.59,-5e+19,300.0,69300.0,-64.5,86.5,0.4541506543715819,10616,3.142333333333333,0.0002883053249999,0.0240489316220101
10616-done,BaLiAs,,0.59,-1e+20,300.0,110000.0,-44.4,68.9,0.7597177234379333,10616,3.142333333333333,0.0002168495999999,0.0166719704723185
10616-done,BaLiAs,,0.59,-5e+20,300.0,204000.0,-64.6,25.4,1.670327078288756,10616,3.142333333333333,0.00085132464,0.0530678190763763
10616-done,BaLiAs,,0.59,-1e+21,300.0,250000.0,-71.3,15.6,1.95325088584828,10616,3.142333333333333,0.0012709225,0.0748249334325075
1342-done,BaO,,2.021,1e+21,300.0,49700.0,111.0,3.1,0.3129029081879093,1342,3.5151,0.0006123537,0.0479900654221191
1342-done,BaO,,2.021,5e+20,300.0,25700.0,154.0,3.2,0.156143199337981,1342,3.5151,0.0006095012,0.0498061147332796
1342-done,BaO,,2.021,1e+20,300.0,5290.0,274.0,3.3,0.0315994688030332,1342,3.5151,0.0003971520399999,0.0335933768981503
1342-done,BaO,,2.021,5e+19,300.0,2670.0,330.0,3.3,0.0159325619646361,1342,3.5151,0.000290763,0.0247035105084011
1342-done,BaO,,2.021,1e+19,300.0,541.0,465.0,3.4,0.0032290624101395,1342,3.5151,0.0001169777249999,0.0099744273140643
1342-done,BaO,,2.021,5e+18,300.0,272.0,524.0,3.4,0.0016219431555203,1342,3.5151,7.468467199999999e-05,0.0063711041026734
1342-done,BaO,,2.021,1e+18,300.0,54.7,661.0,3.4,0.0003270429798674,1342,3.5151,2.3899578700000005e-05,0.0020395455580049
1342-done,BaO,,2.021,-1e+18,300.0,165.0,-509.0,10.3,0.0010618029590102,1342,3.5151,4.2748365e-05,0.0036473035709584
1342-done,BaO,,2.021,-5e+18,300.0,819.0,-374.0,10.2,0.0052596415567323,1342,3.5151,0.0001145584439999,0.0097625063059671
1342-done,BaO,,2.021,-1e+19,300.0,1630.0,-317.0,10.1,0.0104499003274052,1342,3.5151,0.00016379707,0.013938001840631
1342-done,BaO,,2.021,-5e+19,300.0,8070.0,-195.0,10.1,0.0520547669183545,1342,3.5151,0.00030686175,0.0258072696631351
1342-done,BaO,,2.021,-1e+20,300.0,16600.0,-148.0,10.3,0.1074520758600276,1342,3.5151,0.0003636063999999,0.0301118983842552
1342-done,BaO,,2.021,-5e+20,300.0,97500.0,-61.8,12.2,0.6656904704680997,1342,3.5151,0.0003723758999999,0.0267204900099818
1342-done,BaO,,2.021,-1e+21,300.0,208000.0,-37.5,13.0,1.4599663662717337,1342,3.5151,0.0002924999999999,0.0176379556652485
22965-done,BiTeI,1.286,1.391,1e+21,300.0,136000.0,72.6,8.5,0.9745929381642932,22965,1.2430166666666669,0.0007168233599999,0.0969724371374925
22965-done,BiTeI,1.286,1.391,5e+20,300.0,77700.0,106.0,9.7,0.4990769427048151,22965,1.2430166666666669,0.0008730372,0.1503427591898997
22965-done,BiTeI,1.286,1.391,1e+20,300.0,17800.0,225.0,11.1,0.1017937626111726,22965,1.2430166666666669,0.000901125,0.2010227568990305
22965-done,BiTeI,1.286,1.391,5e+19,300.0,9130.0,283.0,11.4,0.0512186726613501,22965,1.2430166666666669,0.00073121257,0.1694929541283398
22965-done,BiTeI,1.286,1.391,1e+19,300.0,1930.0,421.0,12.0,0.0105944203568827,22965,1.2430166666666669,0.00034207513,0.0818615438729541
22965-done,BiTeI,1.286,1.391,5e+18,300.0,989.0,480.0,12.3,0.0053985523881507,22965,1.2430166666666669,0.0002278655999999,0.0547571664912299
22965-done,BiTeI,1.286,1.391,1e+18,300.0,209.0,615.0,13.0,0.001134619994,22965,1.2430166666666669,7.9049025e-05,0.0190609516336641
22965-done,BiTeI,1.286,1.391,-1e+18,300.0,1160.0,-363.0,72.2,0.0067312333465889,22965,1.2430166666666669,0.0001528520399999,0.0366918896198854
22965-done,BiTeI,1.286,1.391,-5e+18,300.0,5360.0,-236.0,66.9,0.0317644833684721,22965,1.2430166666666669,0.00029853056,0.0702545436897394
22965-done,BiTeI,1.286,1.391,-1e+19,300.0,10200.0,-185.0,63.9,0.0610895962979468,22965,1.2430166666666669,0.0003490949999999,0.0803067226760276
22965-done,BiTeI,1.286,1.391,-5e+19,300.0,43300.0,-85.2,54.0,0.2617906602946845,22965,1.2430166666666669,0.000314316432,0.0626624604429652
22965-done,BiTeI,1.286,1.391,-1e+20,300.0,69900.0,-53.7,43.6,0.4589988360577849,22965,1.2430166666666669,0.0002015699309999,0.0355290414236373
22965-done,BiTeI,1.286,1.391,-5e+20,300.0,153000.0,-42.4,19.1,1.1484251208952985,22965,1.2430166666666669,0.0002750572799999,0.0345052028567648
22965-done,BiTeI,1.286,1.391,-1e+21,300.0,218000.0,-35.7,13.6,1.5150822040128202,22965,1.2430166666666669,0.00027783882,0.0302206882016036
753287-done,CaCdO2,0.475,1.185,1e+21,300.0,165000.0,96.3,10.3,0.919890096170967,753287,15.107666666666669,0.0015301588499999,0.0286411498516319
753287-done,CaCdO2,0.475,1.185,5e+20,300.0,97200.0,134.0,12.1,0.5041070387491113,753287,15.107666666666669,0.0017453232,0.0335385952858362
753287-done,CaCdO2,0.475,1.185,1e+20,300.0,24600.0,244.0,15.3,0.1221638287631515,753287,15.107666666666669,0.0014645856,0.0288496763067618
753287-done,CaCdO2,0.475,1.185,5e+19,300.0,12800.0,298.0,16.0,0.0637882633288216,753287,15.107666666666669,0.0011366911999999,0.0224769055817952
753287-done,CaCdO2,0.475,1.185,1e+19,300.0,2600.0,436.0,16.2,0.0129356411038936,753287,15.107666666666669,0.0004942496,0.009806149052925
753287-done,CaCdO2,0.475,1.185,5e+18,300.0,1310.0,497.0,16.3,0.0064614014634266,753287,15.107666666666669,0.0003235817899999,0.0064227679269611
753287-done,CaCdO2,0.475,1.185,1e+18,300.0,272.0,634.0,17.0,0.001340414678217,753287,15.107666666666669,0.000109332032,0.0021708646652563
753287-done,CaCdO2,0.475,1.185,-1e+18,300.0,2280.0,-234.0,142.3,0.0113544660135077,753287,15.107666666666669,0.00012484368,0.0024772175176767
753287-done,CaCdO2,0.475,1.185,-5e+18,300.0,8370.0,-131.0,104.5,0.0496401338601653,753287,15.107666666666669,0.0001436375699999,0.0028429371765749
753287-done,CaCdO2,0.475,1.185,-1e+19,300.0,14200.0,-101.0,88.4,0.0891113217804593,753287,15.107666666666669,0.0001448542,0.0028595706295792
753287-done,CaCdO2,0.475,1.185,-5e+19,300.0,53800.0,-48.0,67.2,0.3654752325203974,753287,15.107666666666669,0.0001239552,0.0024032972903811
753287-done,CaCdO2,0.475,1.185,-1e+20,300.0,94400.0,-31.7,58.9,0.6582811920928796,753287,15.107666666666669,9.4861616e-05,0.0018050601876238
753287-done,CaCdO2,0.475,1.185,-5e+20,300.0,321000.0,-15.4,40.0,2.282047090585217,753287,15.107666666666669,7.612835999999998e-05,0.001313334326189
753287-done,CaCdO2,0.475,1.185,-1e+21,300.0,528000.0,-9.73,33.0,3.756138445959017,753287,15.107666666666669,4.99872912e-05,0.0007949714954361
1018093-done,CaGaGeH,0.486,0.82,1e+21,300.0,2060000.0,25.3,128.7,13.925438119977294,1018093,4.381466666666666,0.0013185853999999,0.0216080011673282
1018093-done,CaGaGeH,0.486,0.82,5e+20,300.0,1440000.0,41.4,179.5,9.257367618129589,1018093,4.381466666666666,0.0024681023999999,0.0542884167765977
1018093-done,CaGaGeH,0.486,0.82,1e+20,300.0,459000.0,106.0,286.5,2.7858957399707625,1018093,4.381466666666666,0.005157324,0.21586702502544
1018093-done,CaGaGeH,0.486,0.82,5e+19,300.0,278000.0,137.0,346.5,1.6471175713259758,1018093,4.381466666666666,0.0052177819999999,0.2596521070627329
1018093-done,CaGaGeH,0.486,0.82,1e+19,300.0,83700.0,230.0,522.2,0.466473003183576,1018093,4.381466666666666,0.0044277299999999,0.2739966027755875
1018093-done,CaGaGeH,0.486,0.82,5e+18,300.0,49200.0,277.0,614.4,0.2667354781116605,1018093,4.381466666666666,0.0037750668,0.2436468993226218
1018093-done,CaGaGeH,0.486,0.82,1e+18,300.0,14000.0,392.0,873.1,0.0692297715808195,1018093,4.381466666666666,0.002151296,0.1450084967498096
1018093-done,CaGaGeH,0.486,0.82,-1e+18,300.0,13000.0,-515.0,808.3,0.0506646780822466,1018093,4.381466666666666,0.0034479249999999,0.2333815087013331
1018093-done,CaGaGeH,0.486,0.82,-5e+18,300.0,54900.0,-382.0,685.4,0.2273119303164956,1018093,4.381466666666666,0.0080112275999999,0.5214761849426178
1018093-done,CaGaGeH,0.486,0.82,-1e+19,300.0,100000.0,-326.0,626.3,0.4304879779188999,1018093,4.381466666666666,0.0106276,0.6625748236400082
1018093-done,CaGaGeH,0.486,0.82,-5e+19,300.0,397000.0,-199.0,495.0,1.9045356211542923,1018093,4.381466666666666,0.0157215969999999,0.7503145694264353
1018093-done,CaGaGeH,0.486,0.82,-1e+20,300.0,688000.0,-149.0,429.3,3.608744072039926,1018093,4.381466666666666,0.0152742879999999,0.5734875524374121
1018093-done,CaGaGeH,0.486,0.82,-5e+20,300.0,2240000.0,-62.8,280.2,13.659621609938148,1018093,4.381466666666666,0.0088342015999999,0.1469013642284958
1018093-done,CaGaGeH,0.486,0.82,-1e+21,300.0,3260000.0,-38.6,203.2,21.42551832333597,1018093,4.381466666666666,0.0048572695999999,0.0564645920693357
1415-done,CaSe,2.089,2.995,1e+21,300.0,152000.0,50.9,9.5,1.0427101832662176,1415,12.307,0.0003938031199999,0.0088497004338011
1415-done,CaSe,2.089,2.995,5e+20,300.0,86800.0,73.7,10.8,0.5693248783482006,1415,12.307,0.000471470692,0.01098459451251
1415-done,CaSe,2.089,2.995,1e+20,300.0,20200.0,166.0,12.6,0.1250818566963705,1415,12.307,0.0005566312,0.0134321316353023
1415-done,CaSe,2.089,2.995,5e+19,300.0,10500.0,215.0,13.1,0.0644891799219951,1415,12.307,0.0004853625,0.0117697027320132
1415-done,CaSe,2.089,2.995,1e+19,300.0,2250.0,345.0,14.1,0.0135372113024672,1415,12.307,0.0002678062499999,0.0065209717419031
1415-done,CaSe,2.089,2.995,5e+18,300.0,1170.0,402.0,14.6,0.0069310318533595,1415,12.307,0.0001890766799999,0.0046064091030914
1415-done,CaSe,2.089,2.995,1e+18,300.0,253.0,534.0,15.8,0.0014784626630052,1415,12.307,7.214446799999999e-05,0.0017584090889587
1415-done,CaSe,2.089,2.995,-1e+18,300.0,908.0,-513.0,56.7,0.005123031256485,1415,12.307,0.000238957452,0.0058224918170496
1415-done,CaSe,2.089,2.995,-5e+18,300.0,4280.0,-379.0,53.4,0.0243654329471189,1415,12.307,0.00061478348,0.0149565792209209
1415-done,CaSe,2.089,2.995,-1e+19,300.0,8450.0,-321.0,52.7,0.0484162533401289,1415,12.307,0.00087069645,0.0211412492824258
1415-done,CaSe,2.089,2.995,-5e+19,300.0,42400.0,-189.0,52.9,0.2482937883440702,1415,12.307,0.0015145703999999,0.0361896047722749
1415-done,CaSe,2.089,2.995,-1e+20,300.0,85900.0,-138.0,53.6,0.5132810933122318,1415,12.307,0.0016358795999999,0.0382802745453045
1415-done,CaSe,2.089,2.995,-5e+20,300.0,403000.0,-50.3,50.4,2.680860080891769,1415,12.307,0.0010196262699999,0.0204090430087448
1415-done,CaSe,2.089,2.995,-1e+21,300.0,704000.0,-31.5,43.9,4.91544016299241,1415,12.307,0.0006985439999999,0.0121680318245656
1519-done,CaTe,1.548,2.619,1e+21,300.0,168000.0,38.7,10.5,1.1591043699378951,1519,6.8614,0.0002516119199999,0.0094113253379543
1519-done,CaTe,1.548,2.619,5e+20,300.0,98200.0,60.0,12.3,0.6601958056452908,1519,6.8614,0.0003535199999999,0.0141001993114772
1519-done,CaTe,1.548,2.619,1e+20,300.0,24000.0,138.0,14.9,0.1516975113352801,1519,6.8614,0.0004570559999999,0.0195515319412496
1519-done,CaTe,1.548,2.619,5e+19,300.0,12700.0,183.0,15.9,0.0787183074826469,1519,6.8614,0.0004253103,0.0183848580596144
1519-done,CaTe,1.548,2.619,1e+19,300.0,2810.0,307.0,17.5,0.0166563285026585,1519,6.8614,0.0002648396899999,0.0115515057169161
1519-done,CaTe,1.548,2.619,5e+18,300.0,1460.0,365.0,18.2,0.008518522349442,1519,6.8614,0.0001945084999999,0.0084939216979263
1519-done,CaTe,1.548,2.619,1e+18,300.0,314.0,497.0,19.6,0.0018050251352192,1519,6.8614,7.756082599999999e-05,0.003390288897794
1519-done,CaTe,1.548,2.619,-1e+18,300.0,796.0,-486.0,49.7,0.0048074684005975,1519,6.8614,0.000188012016,0.0082146665476652
1519-done,CaTe,1.548,2.619,-5e+18,300.0,3710.0,-353.0,46.3,0.0228159627239932,1519,6.8614,0.0004622993899999,0.0201460584256703
1519-done,CaTe,1.548,2.619,-1e+19,300.0,7220.0,-296.0,45.1,0.0448777080538005,1519,6.8614,0.00063258752,0.0274788046502519
1519-done,CaTe,1.548,2.619,-5e+19,300.0,33800.0,-174.0,42.3,0.2133746551213612,1519,6.8614,0.0010233288,0.0433934160401514
1519-done,CaTe,1.548,2.619,-1e+20,300.0,66100.0,-130.0,41.3,0.4170679650787259,1519,6.8614,0.0011170899999999,0.0460436181910632
1519-done,CaTe,1.548,2.619,-5e+20,300.0,295000.0,-51.1,36.8,2.0366734744108217,1519,6.8614,0.00077030695,0.0259710245891514
1519-done,CaTe,1.548,2.619,-1e+21,300.0,539000.0,-34.7,33.6,3.80296150719634,1519,6.8614,0.00064900451,0.0182571973829483
672-done,Cd2S2,,1.156,1e+21,300.0,144000.0,76.7,9.0,0.9403530467790624,672,4.980066666666667,0.0008471361599999,0.0429261539385115
672-done,Cd2S2,,1.156,5e+20,300.0,78100.0,111.0,9.8,0.5147843649065773,672,4.980066666666667,0.0009622701,0.0525366435488874
672-done,Cd2S2,,1.156,1e+20,300.0,17900.0,213.0,11.2,0.1182776137982491,672,4.980066666666667,0.0008121051,0.0477864021332398
672-done,Cd2S2,,1.156,5e+19,300.0,9360.0,267.0,11.7,0.0613472762916712,672,4.980066666666667,0.00066726504,0.0397070175678796
672-done,Cd2S2,,1.156,1e+19,300.0,2120.0,400.0,13.2,0.0134770193125514,672,4.980066666666667,0.0003391999999999,0.0203783137585618
672-done,Cd2S2,,1.156,5e+18,300.0,1130.0,456.0,14.1,0.0071089828967175,672,4.980066666666667,0.0002349676799999,0.0141343134778381
672-done,Cd2S2,,1.156,1e+18,300.0,261.0,584.0,16.3,0.0016064360140339,672,4.980066666666667,8.9015616e-05,0.0053605855401531
672-done,Cd2S2,,1.156,-1e+18,300.0,6860.0,-229.0,428.2,0.040164943922646,672,4.980066666666667,0.0003597452599999,0.0214977288642069
672-done,Cd2S2,,1.156,-5e+18,300.0,23700.0,-132.0,296.4,0.1552289683162862,672,4.980066666666667,0.0004129487999999,0.024124149573013
672-done,Cd2S2,,1.156,-1e+19,300.0,40400.0,-99.8,252.4,0.2722246730320602,672,4.980066666666667,0.0004023856159999,0.0229834327520175
672-done,Cd2S2,,1.156,-5e+19,300.0,143000.0,-48.3,178.4,0.991969493520744,672,4.980066666666667,0.0003336032699999,0.0167582677524895
672-done,Cd2S2,,1.156,-1e+20,300.0,225000.0,-27.9,140.4,1.5769944631985122,672,4.980066666666667,0.0001751422499999,0.0080131439923071
672-done,Cd2S2,,1.156,-5e+20,300.0,452000.0,-14.1,56.5,3.259200394680552,672,4.980066666666667,8.986211999999998e-05,0.003271970164248
672-done,Cd2S2,,1.156,-1e+21,300.0,586000.0,-10.1,36.6,4.2173526885136745,672,4.980066666666667,5.977785999999999e-05,0.0019498249788838
10969-done,CdCN2,2.326,2.471,1e+21,300.0,270000.0,100.0,16.9,0.9667338381232878,10969,3.1449666666666665,0.0026999999999999,0.1969987840934316
10969-done,CdCN2,2.326,2.471,5e+20,300.0,162000.0,151.0,20.2,0.5155782756349653,10969,3.1449666666666665,0.0036937619999999,0.302722304319863
10969-done,CdCN2,2.326,2.471,1e+20,300.0,34300.0,290.0,21.4,0.1019171345114132,10969,3.1449666666666665,0.00288463,0.2665290946617823
10969-done,CdCN2,2.326,2.471,5e+19,300.0,17200.0,354.0,21.4,0.0499928039076401,10969,3.1449666666666665,0.0021554352,0.2023908490719494
10969-done,CdCN2,2.326,2.471,1e+19,300.0,4000.0,499.0,25.0,0.0106657288041172,10969,3.1449666666666665,0.000996004,0.0946882154045773
10969-done,CdCN2,2.326,2.471,5e+18,300.0,2240.0,558.0,28.0,0.0057278546964049,10969,3.1449666666666665,0.00069745536,0.0664096777968429
10969-done,CdCN2,2.326,2.471,1e+18,300.0,570.0,692.0,35.6,0.0013766680125122,10969,3.1449666666666665,0.00027295248,0.0260256861028008
10969-done,CdCN2,2.326,2.471,-1e+18,300.0,1510.0,-511.0,94.2,0.0038492209806174,10969,3.1449666666666665,0.0003942927099999,0.0375658079800758
10969-done,CdCN2,2.326,2.471,-5e+18,300.0,5420.0,-376.0,67.6,0.0154975462217447,10969,3.1449666666666665,0.0007662579199999,0.0727353200401786
10969-done,CdCN2,2.326,2.471,-1e+19,300.0,9590.0,-316.0,59.9,0.0291390658453626,10969,3.1449666666666665,0.0009576190399999,0.0905091815490999
10969-done,CdCN2,2.326,2.471,-5e+19,300.0,39000.0,-177.0,48.7,0.1374154298086636,10969,3.1449666666666665,0.0012218309999999,0.1116717338891093
10969-done,CdCN2,2.326,2.471,-1e+20,300.0,67700.0,-126.0,42.3,0.2634349958277015,10969,3.1449666666666665,0.0010748052,0.0946019841347066
10969-done,CdCN2,2.326,2.471,-5e+20,300.0,200000.0,-55.7,24.9,1.01097703382737,10969,3.1449666666666665,0.0006204979999999,0.0447911264962134
10969-done,CdCN2,2.326,2.471,-1e+21,300.0,322000.0,-38.9,20.1,1.6933616205888524,10969,3.1449666666666665,0.0004872536199999,0.0302121057773213
573697-done,CsCl,4.942,4.969,1e+21,300.0,7110.0,323.0,0.4,0.0307021475991378,573697,1.6988,0.0007417791899999,0.1286692573980825
573697-done,CsCl,4.942,4.969,5e+20,300.0,3470.0,382.0,0.4,0.0150007244081606,573697,1.6988,0.0005063562799999,0.0886374254815589
573697-done,CsCl,4.942,4.969,1e+20,300.0,668.0,524.0,0.4,0.002909474669112,573697,1.6988,0.0001834167679999,0.0323351495769683
573697-done,CsCl,4.942,4.969,5e+19,300.0,334.0,585.0,0.4,0.0014550357707764,573697,1.6988,0.00011430315,0.0201681184755055
573697-done,CsCl,4.942,4.969,1e+19,300.0,69.2,727.0,0.4,0.0002970405508523,573697,1.6988,3.65742068e-05,0.0064577018134542
573697-done,CsCl,4.942,4.969,5e+18,300.0,35.4,786.0,0.4,0.000150942489937,573697,1.6988,2.1869978399999992e-05,0.0038617910358167
573697-done,CsCl,4.942,4.969,1e+18,300.0,7.43,923.0,0.5,3.1482362713132385e-05,573697,1.6988,6.32983247e-06,0.0011177975924715
573697-done,CsCl,4.942,4.969,-1e+18,300.0,159.0,-380.0,9.9,0.0010083626097691,573697,1.6988,2.29596e-05,0.0040521509080146
573697-done,CsCl,4.942,4.969,-5e+18,300.0,738.0,-251.0,9.2,0.0048025916474487,573697,1.6988,4.6494737999999984e-05,0.0081876028296665
573697-done,CsCl,4.942,4.969,-1e+19,300.0,1420.0,-201.0,8.9,0.0093677453414041,573697,1.6988,5.736941999999999e-05,0.0100756064777233
573697-done,CsCl,4.942,4.969,-5e+19,300.0,6570.0,-104.0,8.2,0.0448162983607096,573697,1.6988,7.106112e-05,0.0122265064968954
573697-done,CsCl,4.942,4.969,-1e+20,300.0,13000.0,-72.2,8.1,0.0893865563462762,573697,1.6988,6.776691999999998e-05,0.0113691023611873
573697-done,CsCl,4.942,4.969,-5e+20,300.0,53700.0,-26.8,6.7,0.4037648525660859,573697,1.6988,3.856948800000001e-05,0.0055032054711074
573697-done,CsCl,4.942,4.969,-1e+21,300.0,116000.0,-41.7,7.2,0.8953930889607723,573697,1.6988,0.00020171124,0.0233264718256733
1057286-done,CsH,,2.256,1e+21,300.0,104000.0,46.3,6.5,0.5821693786566796,1057286,2.8046,0.0002229437599999,0.0197483561831713
1057286-done,CsH,,2.256,5e+20,300.0,65500.0,66.8,8.2,0.3483716266295551,1057286,2.8046,0.0002922767199999,0.0278096432138531
1057286-done,CsH,,2.256,1e+20,300.0,20600.0,139.0,12.9,0.0901180739274082,1057286,2.8046,0.0003980126,0.0412488459845068
1057286-done,CsH,,2.256,5e+19,300.0,11600.0,188.0,14.5,0.0460851747367173,1057286,2.8046,0.0004099903999999,0.0431465112633245
1057286-done,CsH,,2.256,1e+19,300.0,2610.0,322.0,16.3,0.0092126521280557,1057286,2.8046,0.0002706152399999,0.0288521596981842
1057286-done,CsH,,2.256,5e+18,300.0,1380.0,380.0,17.3,0.0046838870889617,1057286,2.8046,0.0001992719999999,0.021280013840793
1057286-done,CsH,,2.256,1e+18,300.0,328.0,511.0,20.5,0.0010137768765442,1057286,2.8046,8.564768799999999e-05,0.0091581765857327
1057286-done,CsH,,2.256,-1e+18,300.0,652.0,-462.0,40.7,0.0022348633513199,1057286,2.8046,0.000139165488,0.0148742795470879
1057286-done,CsH,,2.256,-5e+18,300.0,2780.0,-330.0,34.7,0.0104324890934143,1057286,2.8046,0.000302742,0.0322634286999826
1057286-done,CsH,,2.256,-1e+19,300.0,5300.0,-272.0,33.1,0.0206450329970315,1057286,2.8046,0.0003921151999999,0.0416369407347237
1057286-done,CsH,,2.256,-5e+19,300.0,22600.0,-148.0,28.2,0.1012969291956513,1057286,2.8046,0.0004950304,0.0511061209735016
1057286-done,CsH,,2.256,-1e+20,300.0,39000.0,-107.0,24.3,0.194927974564979,1057286,2.8046,0.000446511,0.0446581265905437
1057286-done,CsH,,2.256,-5e+20,300.0,139000.0,-51.6,17.3,0.8168011253464068,1057286,2.8046,0.00037009584,0.0306590593411215
1057286-done,CsH,,2.256,-1e+21,300.0,253000.0,-34.8,15.8,1.5150178742796487,1057286,2.8046,0.00030639312,0.0212791822506588
675349-done,DyCuSe2,1.092,1.239,1e+21,300.0,911000.0,65.3,56.9,6.433180524699787,675349,2.6322,0.0038845859899999,0.128552330905995
675349-done,DyCuSe2,1.092,1.239,5e+20,300.0,549000.0,83.7,68.5,4.030776169833262,675349,2.6322,0.00384612381,0.1731714347447342
675349-done,DyCuSe2,1.092,1.239,1e+20,300.0,201000.0,150.0,125.2,1.41567616857358,675349,2.6322,0.0045225,0.3351757671179208
675349-done,DyCuSe2,1.092,1.239,5e+19,300.0,126000.0,189.0,156.7,0.8513519402236129,675349,2.6322,0.0045008459999999,0.3876083443478944
675349-done,DyCuSe2,1.092,1.239,1e+19,300.0,38600.0,300.0,241.0,0.2393755875538013,675349,2.6322,0.0034739999999999,0.3629366416531577
675349-done,DyCuSe2,1.092,1.239,5e+18,300.0,21900.0,354.0,273.5,0.1324216057922407,675349,2.6322,0.0027444203999999,0.2978078874428945
675349-done,DyCuSe2,1.092,1.239,1e+18,300.0,5590.0,480.0,348.8,0.0321607145992171,675349,2.6322,0.001287936,0.145018201883419
675349-done,DyCuSe2,1.092,1.239,-1e+18,300.0,3400.0,-572.0,212.3,0.0181027321798731,675349,2.6322,0.0011124256,0.1259205885983859
675349-done,DyCuSe2,1.092,1.239,-5e+18,300.0,14700.0,-442.0,183.1,0.080071388123292,675349,2.6322,0.0028718507999999,0.3176508235026244
675349-done,DyCuSe2,1.092,1.239,-1e+19,300.0,27000.0,-386.0,168.6,0.1501254882300227,675349,2.6322,0.004022892,0.4337621910539838
675349-done,DyCuSe2,1.092,1.239,-5e+19,300.0,107000.0,-255.0,133.0,0.6349639718418759,675349,2.6322,0.0069576749999999,0.6388728934297244
675349-done,DyCuSe2,1.092,1.239,-1e+20,300.0,187000.0,-201.0,116.7,1.1759825056474662,675349,2.6322,0.0075549869999999,0.5951647791666489
675349-done,DyCuSe2,1.092,1.239,-5e+20,300.0,575000.0,-101.0,71.8,4.498407588577975,675349,2.6322,0.005865575,0.2467773577694413
675349-done,DyCuSe2,1.092,1.239,-1e+21,300.0,940000.0,-86.2,58.7,7.11073941090977,675349,2.6322,0.0069846135999999,0.215066931202881
30452-done,DyNiBi,0.203,0.392,1e+21,300.0,1580000.0,32.6,98.7,10.94450733793955,30452,4.3466,0.0016791608,0.0329438691957988
30452-done,DyNiBi,0.203,0.392,5e+20,300.0,1040000.0,59.3,129.9,7.02441151397721,30452,4.3466,0.0036571495999999,0.0964861286659822
30452-done,DyNiBi,0.203,0.392,1e+20,300.0,319000.0,127.0,199.1,2.4684215785702164,30452,4.3466,0.005145151,0.2264916232772713
30452-done,DyNiBi,0.203,0.392,5e+19,300.0,191000.0,157.0,238.4,1.4686630993128684,30452,4.3466,0.0047079589999999,0.2428759758379389
30452-done,DyNiBi,0.203,0.392,1e+19,300.0,60000.0,263.0,370.9,0.4963818976453236,30452,4.3466,0.00415014,0.2570816960115717
30452-done,DyNiBi,0.203,0.392,5e+18,300.0,36200.0,300.0,432.3,0.4746567402512839,30452,4.3466,0.0032579999999999,0.2027272250075253
30452-done,DyNiBi,0.203,0.392,1e+18,300.0,18700.0,215.0,639.9,1.0999815208308763,30452,4.3466,0.0008644074999999,0.0476119285111536
30452-done,DyNiBi,0.203,0.392,-1e+18,300.0,15600.0,-220.0,434.6,1.3076641448565292,30452,4.3466,0.0007550399999999,0.0400603852591533
30452-done,DyNiBi,0.203,0.392,-5e+18,300.0,27200.0,-448.0,317.4,0.5380983668753013,30452,4.3466,0.0054591488,0.335280608339313
30452-done,DyNiBi,0.203,0.392,-1e+19,300.0,46100.0,-424.0,282.9,0.4662493110112067,30452,4.3466,0.0082876736,0.5165967017316847
30452-done,DyNiBi,0.203,0.392,-5e+19,300.0,188000.0,-294.0,235.2,1.2768246426640273,30452,4.3466,0.016249968,0.8669077492413119
30452-done,DyNiBi,0.203,0.392,-1e+20,300.0,360000.0,-234.0,224.6,2.409258126102536,30452,4.3466,0.01971216,0.8753363213995722
30452-done,DyNiBi,0.203,0.392,-5e+20,300.0,1520000.0,-116.0,189.7,10.437690018012573,30452,4.3466,0.0204531199999999,0.4150308193713866
30452-done,DyNiBi,0.203,0.392,-1e+21,300.0,2830000.0,-78.4,176.5,19.287555358800017,30452,4.3466,0.0173947648,0.2208003358180919
4510-done,DyNiSb,0.29,1.171,1e+21,300.0,989000.0,29.2,61.7,6.878418527483144,4510,5.5164,0.0008432609599999,0.0204100033767367
4510-done,DyNiSb,0.29,1.171,5e+20,300.0,728000.0,56.5,90.9,4.59704272306584,4510,5.5164,0.0023239579999999,0.0689367032662267
4510-done,DyNiSb,0.29,1.171,1e+20,300.0,218000.0,153.0,136.3,1.6176785804876452,4510,5.5164,0.005103162,0.2145965428790318
4510-done,DyNiSb,0.29,1.171,5e+19,300.0,122000.0,187.0,151.7,0.9769535946782902,4510,5.5164,0.004266218,0.1971039126914218
4510-done,DyNiSb,0.29,1.171,1e+19,300.0,33200.0,293.0,207.3,0.2606701036742608,4510,5.5164,0.0028501867999999,0.1480085968588381
4510-done,DyNiSb,0.29,1.171,5e+18,300.0,18800.0,346.0,234.3,0.1494687281278827,4510,5.5164,0.0022506608,0.1191694111527887
4510-done,DyNiSb,0.29,1.171,1e+18,300.0,5110.0,451.0,306.4,0.0810345274004697,4510,5.5164,0.0010393791099999,0.0557065440379131
4510-done,DyNiSb,0.29,1.171,-1e+18,300.0,3070.0,-569.0,178.9,0.0924538431672312,4510,5.5164,0.00099394627,0.0531630684873792
4510-done,DyNiSb,0.29,1.171,-5e+18,300.0,11800.0,-501.0,147.0,0.0802185308960647,4510,5.5164,0.0029618117999999,0.1587643565654468
4510-done,DyNiSb,0.29,1.171,-1e+19,300.0,21500.0,-446.0,134.1,0.1305240809611611,4510,5.5164,0.004276694,0.2272047900069553
4510-done,DyNiSb,0.29,1.171,-5e+19,300.0,92500.0,-306.0,115.5,0.5535473837050296,4510,5.5164,0.00866133,0.4280760335708158
4510-done,DyNiSb,0.29,1.171,-1e+20,300.0,181000.0,-243.0,112.9,1.087181540509678,4510,5.5164,0.010687869,0.4855487405327816
4510-done,DyNiSb,0.29,1.171,-5e+20,300.0,817000.0,-113.0,102.0,5.269443595834214,4510,5.5164,0.0104322729999999,0.2901657039796811
4510-done,DyNiSb,0.29,1.171,-1e+21,300.0,1450000.0,-76.5,90.4,10.283159835262182,4510,5.5164,0.0084857625,0.1611265615335894
1225491-done,DySbPd,0.232,0.973,1e+21,300.0,1420000.0,26.5,88.7,10.10508167939191,1225491,1.643,0.000997195,0.0254644552331274
1225491-done,DySbPd,0.232,0.973,5e+20,300.0,939000.0,49.7,117.3,6.428283714313133,1225491,1.643,0.00231941451,0.0862098741202798
1225491-done,DySbPd,0.232,0.973,1e+20,300.0,281000.0,102.0,175.5,2.243688250684461,1225491,1.643,0.002923524,0.2256566885305367
1225491-done,DySbPd,0.232,0.973,5e+19,300.0,171000.0,126.0,212.9,1.2752173358974683,1225491,1.643,0.002714796,0.279087780742529
1225491-done,DySbPd,0.232,0.973,1e+19,300.0,50400.0,243.0,314.4,0.3238714493685527,1225491,1.643,0.0029760696,0.4539294524238645
1225491-done,DySbPd,0.232,0.973,5e+18,300.0,28500.0,298.0,353.3,0.2020597821097825,1225491,1.643,0.002530914,0.4115173976269689
1225491-done,DySbPd,0.232,0.973,1e+18,300.0,8830.0,363.0,471.0,0.2426662064298411,1225491,1.643,0.00116352027,0.1851102171793558
1225491-done,DySbPd,0.232,0.973,-1e+18,300.0,5350.0,-407.0,251.3,0.3579184574325273,1225491,1.643,0.0008862221499999,0.1328723037225194
1225491-done,DySbPd,0.232,0.973,-5e+18,300.0,16100.0,-476.0,197.9,0.1658228293906089,1225491,1.643,0.0036478735999999,0.6050134165813573
1225491-done,DySbPd,0.232,0.973,-1e+19,300.0,29000.0,-427.0,180.1,0.2137453458249586,1225491,1.643,0.0052875409999999,0.8543241018844122
1225491-done,DySbPd,0.232,0.973,-5e+19,300.0,127000.0,-288.0,158.7,0.8315647340150695,1225491,1.643,0.010533888,1.277059499216461
1225491-done,DySbPd,0.232,0.973,-1e+20,300.0,250000.0,-228.0,155.8,1.6264383926907833,1225491,1.643,0.0129959999999999,1.1924983840393504
1225491-done,DySbPd,0.232,0.973,-5e+20,300.0,1140000.0,-109.0,142.4,7.579579705453423,1225491,1.643,0.0135443399999999,0.4405819336641016
1225491-done,DySbPd,0.232,0.973,-1e+21,300.0,2150000.0,-69.3,134.2,14.434196037451926,1225491,1.643,0.0103253534999999,0.1926707892834097
16327-done,DySbPt,,0.084,1e+21,300.0,7610000.0,28.7,474.8,53.04974044310541,16327,1.9703,0.0062682809,0.0341781695334185
16327-done,DySbPt,,0.084,5e+20,300.0,5320000.0,55.7,663.6,34.825143905412865,16327,1.9703,0.0165052467999999,0.1345703031258051
16327-done,DySbPt,,0.084,1e+20,300.0,1460000.0,135.0,908.6,12.065456363601848,16327,1.9703,0.0266085,0.5687295927065752
16327-done,DySbPt,,0.084,5e+19,300.0,901000.0,154.0,1124.8,7.355759498194913,16327,1.9703,0.021368116,0.6873679930136367
16327-done,DySbPt,,0.084,1e+19,300.0,297000.0,248.0,1829.6,2.5903690786754785,16327,1.9703,0.018266688,1.2015794843837952
16327-done,DySbPt,,0.084,5e+18,300.0,181000.0,267.0,2134.0,2.8681527279098904,16327,1.9703,0.012903309,0.8000476428488714
16327-done,DySbPt,,0.084,1e+18,300.0,131000.0,-40.9,2891.6,6.565874743868839,16327,1.9703,0.0002191381099999,0.0077015097479335
16327-done,DySbPt,,0.084,-1e+18,300.0,536000.0,-190.0,30435.4,4.375263066864529,16327,1.9703,0.0193495999999999,0.9147935240470756
16327-done,DySbPt,,0.084,-5e+18,300.0,1210000.0,-119.0,15131.1,8.70018921806863,16327,1.9703,0.0171348099999999,0.4817438914886412
16327-done,DySbPt,,0.084,-1e+19,300.0,1920000.0,-90.5,11982.6,13.727484245954525,16327,1.9703,0.0157252799999999,0.3005254707342368
16327-done,DySbPt,,0.084,-5e+19,300.0,5170000.0,-30.3,6449.1,34.41986889979732,16327,1.9703,0.0047465252999999,0.0391302825200105
16327-done,DySbPt,,0.084,-1e+20,300.0,7020000.0,-12.9,4384.5,52.618895573512646,16327,1.9703,0.0011681982,0.006419941827647
16327-done,DySbPt,,0.084,-5e+20,300.0,8000000.0,-53.9,999.0,76.62800553130485,16327,1.9703,0.0232416799999999,0.0887106147246761
16327-done,DySbPt,,0.084,-1e+21,300.0,9930000.0,-69.4,620.0,81.08721955669823,16327,1.9703,0.0478264548,0.1727469892741686
568062-done,DyTlSe2,1.214,1.84,1e+21,300.0,405000.0,17.8,25.3,2.8927273966488847,568062,1.7667000000000002,0.0001283201999999,0.0082619722817565
568062-done,DyTlSe2,1.214,1.84,5e+20,300.0,259000.0,20.7,32.3,1.860109639305,568062,1.7667000000000002,0.0001109789099999,0.0091798788221898
568062-done,DyTlSe2,1.214,1.84,1e+20,300.0,73300.0,55.3,45.7,0.5105479226860693,568062,1.7667000000000002,0.0002241579969999,0.0295301176609045
568062-done,DyTlSe2,1.214,1.84,5e+19,300.0,39700.0,77.1,49.5,0.2710507268173432,568062,1.7667000000000002,0.0002359930769999,0.0347431715608049
568062-done,DyTlSe2,1.214,1.84,1e+19,300.0,9710.0,160.0,60.6,0.0550488236357608,568062,1.7667000000000002,0.0002485759999999,0.0409347320730753
568062-done,DyTlSe2,1.214,1.84,5e+18,300.0,5010.0,211.0,62.6,0.0272792983670847,568062,1.7667000000000002,0.0002230502099999,0.0372997966369385
568062-done,DyTlSe2,1.214,1.84,1e+18,300.0,1040.0,338.0,65.1,0.0055668600851581,568062,1.7667000000000002,0.0001188137599999,0.0201121675311681
568062-done,DyTlSe2,1.214,1.84,-1e+18,300.0,374.0,-598.0,23.3,0.0018979724081222,568062,1.7667000000000002,0.000133743896,0.0226864270037403
568062-done,DyTlSe2,1.214,1.84,-5e+18,300.0,1810.0,-461.0,22.6,0.0092595197061814,568062,1.7667000000000002,0.0003846630099999,0.0649783408458892
568062-done,DyTlSe2,1.214,1.84,-1e+19,300.0,3560.0,-402.0,22.2,0.0183371515957886,568062,1.7667000000000002,0.0005753102399999,0.0966887842338043
568062-done,DyTlSe2,1.214,1.84,-5e+19,300.0,17000.0,-267.0,21.2,0.089817325749125,568062,1.7667000000000002,0.001211913,0.1958365240966948
568062-done,DyTlSe2,1.214,1.84,-1e+20,300.0,32400.0,-213.0,20.2,0.1764915326533891,568062,1.7667000000000002,0.0014699556,0.2269393791551991
568062-done,DyTlSe2,1.214,1.84,-5e+20,300.0,128000.0,-111.0,16.0,0.8048844777939991,568062,1.7667000000000002,0.001577088,0.1839824450977653
568062-done,DyTlSe2,1.214,1.84,-1e+21,300.0,222000.0,-86.9,13.8,1.5089239344079612,568062,1.7667000000000002,0.00167645742,0.1535393671773561
1206712-done,ErNiBi,0.162,0.209,1e+21,300.0,2320000.0,23.7,144.8,16.27332287094601,1206712,1.3028,0.0013031207999999,0.0222424617118603
1206712-done,ErNiBi,0.162,0.209,5e+20,300.0,1770000.0,51.7,220.4,11.244247092235415,1206712,1.3028,0.0047310153,0.1131186150467482
1206712-done,ErNiBi,0.162,0.209,1e+20,300.0,503000.0,131.0,313.9,4.033602548560438,1206712,1.3028,0.008631983,0.4852697817368699
1206712-done,ErNiBi,0.162,0.209,5e+19,300.0,300000.0,158.0,373.8,2.405353439236753,1206712,1.3028,0.0074892,0.605897257709608
1206712-done,ErNiBi,0.162,0.209,1e+19,300.0,96600.0,246.0,571.2,1.338483237769078,1206712,1.3028,0.0058458455999999,0.663977893367185
1206712-done,ErNiBi,0.162,0.209,5e+18,300.0,67000.0,232.0,680.6,1.974363994476511,1206712,1.3028,0.003606208,0.3301215324663101
1206712-done,ErNiBi,0.162,0.209,1e+18,300.0,62500.0,48.9,1030.7,4.117923479289352,1206712,1.3028,0.0001494506249999,0.0082710707659723
1206712-done,ErNiBi,0.162,0.209,-1e+18,300.0,61400.0,-144.0,921.1,4.2456314862732905,1206712,1.3028,0.0012731904,0.0688405580829382
1206712-done,ErNiBi,0.162,0.209,-5e+18,300.0,63800.0,-361.0,623.8,2.2053596470332435,1206712,1.3028,0.0083144798,0.7110120949339919
1206712-done,ErNiBi,0.162,0.209,-1e+19,300.0,92600.0,-389.0,537.6,1.4903604356956794,1206712,1.3028,0.0140123245999999,1.5049967507337167
1206712-done,ErNiBi,0.162,0.209,-5e+19,300.0,340000.0,-287.0,422.9,2.2811769695787683,1206712,1.3028,0.0280054599999999,2.3442220949838948
1206712-done,ErNiBi,0.162,0.209,-1e+20,300.0,630000.0,-229.0,392.7,4.075002095829782,1206712,1.3028,0.03303783,1.843011108141328
1206712-done,ErNiBi,0.162,0.209,-5e+20,300.0,2450000.0,-111.0,305.4,16.160687874469634,1206712,1.3028,0.03018645,0.5185639355148021
1206712-done,ErNiBi,0.162,0.209,-1e+21,300.0,4260000.0,-72.7,266.1,28.996765310183942,1206712,1.3028,0.0225153354,0.2229273110307533
11836-done,ErSbPd,0.211,0.812,1e+21,300.0,1500000.0,24.6,93.4,10.722271870819254,11836,1.6005,0.00090774,0.022099086378842
11836-done,ErSbPd,0.211,0.812,5e+20,300.0,1030000.0,45.1,128.4,7.09766633062183,11836,1.6005,0.0020950302999999,0.0722576536375613
11836-done,ErSbPd,0.211,0.812,1e+20,300.0,358000.0,92.9,223.5,2.7131099513342467,11836,1.6005,0.0030896867799999,0.2148794268506516
11836-done,ErSbPd,0.211,0.812,5e+19,300.0,221000.0,120.0,276.4,1.5524247205294646,11836,1.6005,0.0031823999999999,0.3028045654828212
11836-done,ErSbPd,0.211,0.812,1e+19,300.0,63500.0,238.0,395.0,0.4031097726485825,11836,1.6005,0.003596894,0.5385620567090637
11836-done,ErSbPd,0.211,0.812,5e+18,300.0,35700.0,292.0,440.2,0.2693120615453429,11836,1.6005,0.0030439248,0.4883792648365348
11836-done,ErSbPd,0.211,0.812,1e+18,300.0,12300.0,328.0,583.0,0.4020718863624746,11836,1.6005,0.0013232832,0.1982375577643278
11836-done,ErSbPd,0.211,0.812,-1e+18,300.0,7130.0,-248.0,253.5,0.6328725130085877,11836,1.6005,0.00043852352,0.0589051110971088
11836-done,ErSbPd,0.211,0.812,-5e+18,300.0,16300.0,-454.0,196.3,0.2538083868859844,11836,1.6005,0.0033596907999999,0.5435488762969949
11836-done,ErSbPd,0.211,0.812,-1e+19,300.0,29000.0,-418.0,179.1,0.2496168206547774,11836,1.6005,0.0050669959999999,0.821623144565536
11836-done,ErSbPd,0.211,0.812,-5e+19,300.0,128000.0,-282.0,159.6,0.8062843142646455,11836,1.6005,0.0101790719999999,1.2687973666360652
11836-done,ErSbPd,0.211,0.812,-1e+20,300.0,251000.0,-221.0,156.7,1.5660938366160273,11836,1.6005,0.0122590909999999,1.1614142797455087
11836-done,ErSbPd,0.211,0.812,-5e+20,300.0,1090000.0,-102.0,136.0,7.1948983508791935,11836,1.6005,0.01134036,0.3868054480625
11836-done,ErSbPd,0.211,0.812,-1e+21,300.0,1920000.0,-66.6,120.1,13.478208139314305,11836,1.6005,0.0085162751999999,0.1694364355616576
2490-done,GaP,1.607,1.647,1e+21,300.0,611000.0,46.3,38.1,4.239836830113089,2490,5.3929,0.0013097945899999,0.0407919767694262
2490-done,GaP,1.607,1.647,5e+20,300.0,404000.0,74.7,50.4,2.555702014474612,2490,5.3929,0.0022543563599999,0.0850850132851534
2490-done,GaP,1.607,1.647,1e+20,300.0,117000.0,173.0,73.1,0.7645753114845659,2490,5.3929,0.003501693,0.1706069203461772
2490-done,GaP,1.607,1.647,5e+19,300.0,62400.0,219.0,77.9,0.4314901639059231,2490,5.3929,0.0029927663999999,0.1541500302579097
2490-done,GaP,1.607,1.647,1e+19,300.0,14800.0,343.0,92.1,0.1058679890869717,2490,5.3929,0.0017412051999999,0.0949961084076769
2490-done,GaP,1.607,1.647,5e+18,300.0,8130.0,400.0,101.5,0.0581336399678109,2490,5.3929,0.0013007999999999,0.0715900920402821
2490-done,GaP,1.607,1.647,1e+18,300.0,2210.0,527.0,137.9,0.0150110426752006,2490,5.3929,0.00061378109,0.0340490672917785
2490-done,GaP,1.607,1.647,-1e+18,300.0,3990.0,-526.0,249.2,0.0220921661355572,2490,5.3929,0.00110393724,0.0611600463747945
2490-done,GaP,1.607,1.647,-5e+18,300.0,15900.0,-395.0,198.5,0.0919838691794405,2490,5.3929,0.0024807975,0.135689153635871
2490-done,GaP,1.607,1.647,-1e+19,300.0,30500.0,-334.0,190.7,0.1761014666165651,2490,5.3929,0.0034024579999999,0.1832891239334
2490-done,GaP,1.607,1.647,-5e+19,300.0,150000.0,-195.0,187.4,0.846766763357269,2490,5.3929,0.00570375,0.2742333949704911
2490-done,GaP,1.607,1.647,-1e+20,300.0,279000.0,-147.0,173.9,1.6095540483191704,2490,5.3929,0.006028911,0.2582913486499985
2490-done,GaP,1.607,1.647,-5e+20,300.0,888000.0,-69.5,110.9,5.845569589938921,2490,5.3929,0.0042892619999999,0.1144976715648134
2490-done,GaP,1.607,1.647,-1e+21,300.0,1400000.0,-50.6,87.5,9.734128128457302,2490,5.3929,0.0035845039999999,0.0710880677201224
924128-done,HfNiSn,0.373,1.099,1e+21,300.0,546000.0,79.2,34.1,3.479969979881333,924128,15.152,0.00342486144,0.0551449166733009
924128-done,HfNiSn,0.373,1.099,5e+20,300.0,325000.0,126.0,40.6,1.8950880699094248,924128,15.152,0.0051597,0.090802018130726
924128-done,HfNiSn,0.373,1.099,1e+20,300.0,76900.0,255.0,48.0,0.432553231340355,924128,15.152,0.0050004224999999,0.0962572829475299
924128-done,HfNiSn,0.373,1.099,5e+19,300.0,40000.0,315.0,49.9,0.225509393208924,924128,15.152,0.0039689999999999,0.0774312646835912
924128-done,HfNiSn,0.373,1.099,1e+19,300.0,9290.0,450.0,58.0,0.0526779702155097,924128,15.152,0.001881225,0.0371180173039864
924128-done,HfNiSn,0.373,1.099,5e+18,300.0,5030.0,507.0,62.8,0.0293080160261827,924128,15.152,0.00129295647,0.0255502978129767
924128-done,HfNiSn,0.373,1.099,1e+18,300.0,1220.0,622.0,75.3,0.0149121416266302,924128,15.152,0.0004719984799999,0.0093360825643171
924128-done,HfNiSn,0.373,1.099,-1e+18,300.0,3490.0,-557.0,217.0,0.0243879208957958,924128,15.152,0.0010827690099999,0.0214036900409433
924128-done,HfNiSn,0.373,1.099,-5e+18,300.0,14400.0,-432.0,180.2,0.0918240802186886,924128,15.152,0.0026873856,0.052888020470283
924128-done,HfNiSn,0.373,1.099,-1e+19,300.0,26600.0,-376.0,166.0,0.1712180495018301,924128,15.152,0.0037606015999999,0.0736255580489274
924128-done,HfNiSn,0.373,1.099,-5e+19,300.0,114000.0,-244.0,142.6,0.7591416536425425,924128,15.152,0.0067871039999999,0.127968894019232
924128-done,HfNiSn,0.373,1.099,-1e+20,300.0,217000.0,-191.0,135.2,1.4447939890074224,924128,15.152,0.0079163769999999,0.1430946905512564
924128-done,HfNiSn,0.373,1.099,-5e+20,300.0,965000.0,-89.2,120.5,6.367228073606806,924128,15.152,0.0076781576,0.1070413526043326
924128-done,HfNiSn,0.373,1.099,-1e+21,300.0,1770000.0,-59.0,110.2,12.286442517735372,924128,15.152,0.0061613699999999,0.0673657405592614
1014251-done,HfZnN2,2.293,2.5,1e+21,300.0,274000.0,41.6,17.1,1.742366291205418,1014251,12.126033333333334,0.00047417344,0.0102572781179667
1014251-done,HfZnN2,2.293,2.5,5e+20,300.0,171000.0,57.8,21.4,1.0146329413170854,1014251,12.126033333333334,0.00057128364,0.0130423441565225
1014251-done,HfZnN2,2.293,2.5,1e+20,300.0,40700.0,135.0,25.4,0.2325682492482478,1014251,12.126033333333334,0.0007417575,0.0180058600087596
1014251-done,HfZnN2,2.293,2.5,5e+19,300.0,22200.0,174.0,27.7,0.1256224070045135,1014251,12.126033333333334,0.0006721272,0.0164580334506231
1014251-done,HfZnN2,2.293,2.5,1e+19,300.0,5620.0,283.0,35.1,0.0285767749504247,1014251,12.126033333333334,0.00045010018,0.011109369432424
1014251-done,HfZnN2,2.293,2.5,5e+18,300.0,3060.0,336.0,38.2,0.0148926093225398,1014251,12.126033333333334,0.00034546176,0.008536295212532
1014251-done,HfZnN2,2.293,2.5,1e+18,300.0,712.0,465.0,44.4,0.00321406580846,1014251,12.126033333333334,0.0001539521999999,0.0038077927244882
1014251-done,HfZnN2,2.293,2.5,-1e+18,300.0,287.0,-671.0,17.9,0.0012034214882889,1014251,12.126033333333334,0.0001292191669999,0.003196585577053
1014251-done,HfZnN2,2.293,2.5,-5e+18,300.0,1290.0,-539.0,16.2,0.0056329016043032,1014251,12.126033333333334,0.0003747720899999,0.0092676162385824
1014251-done,HfZnN2,2.293,2.5,-1e+19,300.0,2460.0,-483.0,15.3,0.0108974854114019,1014251,12.126033333333334,0.0005738909399999,0.0141854052372176
1014251-done,HfZnN2,2.293,2.5,-5e+19,300.0,11200.0,-350.0,14.0,0.051809628943851,1014251,12.126033333333334,0.001372,0.0337990891551974
1014251-done,HfZnN2,2.293,2.5,-1e+20,300.0,22100.0,-291.0,13.8,0.1032646155894036,1014251,12.126033333333334,0.0018714500999999,0.0459090155743098
1014251-done,HfZnN2,2.293,2.5,-5e+20,300.0,101000.0,-163.0,12.7,0.5097018764943506,1014251,12.126033333333334,0.002683469,0.0637114253054198
1014251-done,HfZnN2,2.293,2.5,-1e+21,300.0,187000.0,-118.0,11.7,0.9960966123997516,1014251,12.126033333333334,0.002603788,0.0595281713586445
4174-done,HoNiSb,0.283,1.223,1e+21,300.0,995000.0,30.3,62.1,6.862797753923718,4174,7.494499999999999,0.0009134995499999,0.0190878443629877
4174-done,HoNiSb,0.283,1.223,5e+20,300.0,700000.0,64.1,87.4,4.386230666101694,4174,7.494499999999999,0.0028761669999999,0.0726260130163432
4174-done,HoNiSb,0.283,1.223,1e+20,300.0,204000.0,149.0,127.6,1.5756131384341387,4174,7.494499999999999,0.004529004,0.149799807263988
4174-done,HoNiSb,0.283,1.223,5e+19,300.0,118000.0,180.0,146.7,0.9407719963350916,4174,7.494499999999999,0.0038231999999999,0.1359719046994922
4174-done,HoNiSb,0.283,1.223,1e+19,300.0,32100.0,292.0,200.5,0.2422385190425693,4174,7.494499999999999,0.0027369744,0.1061289997043368
4174-done,HoNiSb,0.283,1.223,5e+18,300.0,18100.0,347.0,225.6,0.1397279473128772,4174,7.494499999999999,0.0021794028999999,0.0856433518244768
4174-done,HoNiSb,0.283,1.223,1e+18,300.0,4890.0,448.0,290.2,0.08823303990124,4174,7.494499999999999,0.00098144256,0.0388293727935112
4174-done,HoNiSb,0.283,1.223,-1e+18,300.0,3180.0,-556.0,182.8,0.1033059159045723,4174,7.494499999999999,0.00098305248,0.0388159091274823
4174-done,HoNiSb,0.283,1.223,-5e+18,300.0,11900.0,-496.0,148.0,0.0842920364023632,4174,7.494499999999999,0.0029275904,0.1158861617763714
4174-done,HoNiSb,0.283,1.223,-1e+19,300.0,21600.0,-442.0,134.6,0.1349504786432169,4174,7.494499999999999,0.0042198623999999,0.1659305245566129
4174-done,HoNiSb,0.283,1.223,-5e+19,300.0,92900.0,-302.0,116.0,0.5704704430121262,4174,7.494499999999999,0.0084728515999999,0.3151723243080642
4174-done,HoNiSb,0.283,1.223,-1e+20,300.0,182000.0,-240.0,113.4,1.1225257886984226,4174,7.494499999999999,0.0104831999999999,0.3649704755583663
4174-done,HoNiSb,0.283,1.223,-5e+20,300.0,817000.0,-114.0,101.9,5.484736977264158,4174,7.494499999999999,0.0106177319999999,0.2454165530361856
4174-done,HoNiSb,0.283,1.223,-1e+21,300.0,1500000.0,-80.3,93.9,10.672859344110242,4174,7.494499999999999,0.009672135,0.1597172404112046
1007665-done,HoTlS2,1.497,2.48,1e+21,300.0,330000.0,19.8,20.6,2.329895219929824,1007665,2.376866666666667,0.0001293732,0.0082460003151052
1007665-done,HoTlS2,1.497,2.48,5e+20,300.0,198000.0,27.0,24.8,1.4197255851930723,1007665,2.376866666666667,0.000144342,0.0114056493632647
1007665-done,HoTlS2,1.497,2.48,1e+20,300.0,60800.0,64.0,37.9,0.387986520582832,1007665,2.376866666666667,0.0002490368,0.0270217023979935
1007665-done,HoTlS2,1.497,2.48,5e+19,300.0,32100.0,96.5,40.0,0.2008869470905554,1007665,2.376866666666667,0.000298923225,0.0347888048808864
1007665-done,HoTlS2,1.497,2.48,1e+19,300.0,7050.0,191.0,44.0,0.0419813561797103,1007665,2.376866666666667,0.0002571910499999,0.0318983723951268
1007665-done,HoTlS2,1.497,2.48,5e+18,300.0,3670.0,241.0,45.8,0.0213829744934763,1007665,2.376866666666667,0.0002131572699999,0.0266641053135051
1007665-done,HoTlS2,1.497,2.48,1e+18,300.0,774.0,369.0,48.3,0.0043991204321437,1007665,2.376866666666667,0.0001053886139999,0.0132772176761039
1007665-done,HoTlS2,1.497,2.48,-1e+18,300.0,171.0,-592.0,10.7,0.0009854684411289,1007665,2.376866666666667,5.9929344e-05,0.0075609424718013
1007665-done,HoTlS2,1.497,2.48,-5e+18,300.0,843.0,-455.0,10.5,0.0048695563269903,1007665,2.376866666666667,0.0001745220749999,0.0219825444961162
1007665-done,HoTlS2,1.497,2.48,-1e+19,300.0,1670.0,-396.0,10.4,0.0097000932452631,1007665,2.376866666666667,0.00026188272,0.0329195970209939
1007665-done,HoTlS2,1.497,2.48,-5e+19,300.0,8210.0,-263.0,10.2,0.0485519330347547,1007665,2.376866666666667,0.00056787749,0.0702407605107722
1007665-done,HoTlS2,1.497,2.48,-1e+20,300.0,16300.0,-209.0,10.2,0.098004272709454,1007665,2.376866666666667,0.0007120002999999,0.0863075672357345
1007665-done,HoTlS2,1.497,2.48,-5e+20,300.0,83900.0,-101.0,10.5,0.5418393779702196,1007665,2.376866666666667,0.0008558639,0.0879702053147127
1007665-done,HoTlS2,1.497,2.48,-1e+21,300.0,174000.0,-66.7,10.9,1.1703034489628978,1007665,2.376866666666667,0.0007741068599999,0.0654696703089337
569178-done,HoTlSe2,1.19,1.828,1e+21,300.0,407000.0,16.6,25.4,2.8624278282190154,569178,1.9058,0.00011215292,0.0070562643422529
569178-done,HoTlSe2,1.19,1.828,5e+20,300.0,254000.0,21.9,31.7,1.841571094275676,569178,1.9058,0.0001218209399999,0.0097525121159728
569178-done,HoTlSe2,1.19,1.828,1e+20,300.0,78200.0,56.0,48.8,0.5293402309666816,569178,1.9058,0.0002452352,0.0302120424378166
569178-done,HoTlSe2,1.19,1.828,5e+19,300.0,40500.0,82.2,50.5,0.2719302223715176,569178,1.9058,0.00027365202,0.0376977851327236
569178-done,HoTlSe2,1.19,1.828,1e+19,300.0,8410.0,172.0,52.5,0.0522679065951971,569178,1.9058,0.0002488014399999,0.0381194297442723
569178-done,HoTlSe2,1.19,1.828,5e+18,300.0,4260.0,221.0,53.1,0.0261685295549728,569178,1.9058,0.0002080626599999,0.0323083927326435
569178-done,HoTlSe2,1.19,1.828,1e+18,300.0,882.0,346.0,55.1,0.0053904527196794,569178,1.9058,0.000105589512,0.0165744097114565
569178-done,HoTlSe2,1.19,1.828,-1e+18,300.0,309.0,-601.0,19.3,0.0018228957553506,569178,1.9058,0.0001116111089999,0.017552385628456
569178-done,HoTlSe2,1.19,1.828,-5e+18,300.0,1500.0,-465.0,18.7,0.0088800861552082,569178,1.9058,0.0003243374999999,0.0508185418042116
569178-done,HoTlSe2,1.19,1.828,-1e+19,300.0,2950.0,-406.0,18.4,0.0175994255958819,569178,1.9058,0.0004862662,0.0758448079263647
569178-done,HoTlSe2,1.19,1.828,-5e+19,300.0,14200.0,-272.0,17.7,0.0860669260112091,569178,1.9058,0.0010505727999999,0.1582293655686697
569178-done,HoTlSe2,1.19,1.828,-1e+20,300.0,27300.0,-219.0,17.1,0.168642223834711,569178,1.9058,0.0013093353,0.1893523885538196
569178-done,HoTlSe2,1.19,1.828,-5e+20,300.0,117000.0,-119.0,14.6,0.7700490843950337,569178,1.9058,0.0016568369999999,0.185754534102339
569178-done,HoTlSe2,1.19,1.828,-1e+21,300.0,215000.0,-88.9,13.4,1.4573669011446564,569178,1.9058,0.00169919015,0.1515705464473094
20351-done,InP,,0.463,1e+21,300.0,615000.0,50.5,38.4,4.224422294445821,20351,5.1409,0.00156840375,0.0502407829871531
20351-done,InP,,0.463,5e+20,300.0,391000.0,79.8,48.8,2.4758493304064992,20351,5.1409,0.0024899036399999,0.0980695385389694
20351-done,InP,,0.463,1e+20,300.0,101000.0,188.0,63.3,0.6403512388132858,20351,5.1409,0.0035697439999999,0.1852407300361154
20351-done,InP,,0.463,5e+19,300.0,52700.0,240.0,65.8,0.3493939789046654,20351,5.1409,0.0030355199999999,0.1658665280035968
20351-done,InP,,0.463,1e+19,300.0,12100.0,368.0,75.4,0.0830641932239105,20351,5.1409,0.0016386304,0.0941026970739287
20351-done,InP,,0.463,5e+18,300.0,6580.0,425.0,82.1,0.0452138427380271,20351,5.1409,0.0011885125,0.0687516242049472
20351-done,InP,,0.463,1e+18,300.0,1680.0,552.0,105.0,0.0111730569654365,20351,5.1409,0.00051190272,0.0298075773192651
20351-done,InP,,0.463,-1e+18,300.0,49100.0,-156.0,3064.5,0.3094828243235702,20351,5.1409,0.0011948976,0.065769559965632
20351-done,InP,,0.463,-5e+18,300.0,159000.0,-81.1,1991.0,0.9952064126507209,20351,5.1409,0.0010457763899999,0.0511289889551379
20351-done,InP,,0.463,-1e+19,300.0,246000.0,-44.4,1537.1,1.591406500887304,20351,5.1409,0.0004849545599999,0.0216101818865191
20351-done,InP,,0.463,-5e+19,300.0,400000.0,-20.8,499.9,2.876843041117421,20351,5.1409,0.000173056,0.0064752386966949
20351-done,InP,,0.463,-1e+20,300.0,485000.0,-17.9,302.7,3.51578457659474,20351,5.1409,0.0001553988499999,0.0053853937483198
20351-done,InP,,0.463,-5e+20,300.0,1060000.0,-18.7,131.8,7.67592252617931,20351,5.1409,0.0003706713999999,0.0086762081454145
20351-done,InP,,0.463,-1e+21,300.0,1270000.0,-17.4,79.2,9.309223588520604,20351,5.1409,0.0003845052,0.0079827386453384
23193-done,KCl,,5.2,1e+21,300.0,134000.0,149.0,8.4,0.6305398073231041,23193,6.9913,0.002974934,0.1170951138519731
23193-done,KCl,,5.2,5e+20,300.0,77600.0,201.0,9.7,0.3416067778819809,23193,6.9913,0.0031351175999999,0.1282622714960563
23193-done,KCl,,5.2,1e+20,300.0,19300.0,330.0,12.0,0.077517901310916,23193,6.9913,0.00210177,0.0891989309673782
23193-done,KCl,,5.2,5e+19,300.0,10400.0,386.0,12.9,0.0408252406170871,23193,6.9913,0.0015495583999999,0.0661062629139376
23193-done,KCl,,5.2,1e+19,300.0,2340.0,517.0,14.6,0.0089716511134555,23193,6.9913,0.00062545626,0.0268042280859421
23193-done,KCl,,5.2,5e+18,300.0,1210.0,574.0,15.1,0.004621684600694,23193,6.9913,0.0003986659599999,0.0170956442041412
23193-done,KCl,,5.2,1e+18,300.0,255.0,708.0,15.9,0.0009675527436693,23193,6.9913,0.0001278223199999,0.0054841574225693
23193-done,KCl,,5.2,-1e+18,300.0,22600.0,-381.0,1411.8,0.106136059292309,23193,6.9913,0.0032806385999999,0.1386686081816008
23193-done,KCl,,5.2,-5e+18,300.0,87900.0,-259.0,1097.5,0.4429828274723293,23193,6.9913,0.0058964199,0.2379417101893389
23193-done,KCl,,5.2,-1e+19,300.0,152000.0,-208.0,947.8,0.8000557481590747,23193,6.9913,0.006576128,0.2532086152613604
23193-done,KCl,,5.2,-5e+19,300.0,503000.0,-103.0,628.3,2.991368912194018,23193,6.9913,0.0053363269999999,0.1603677447465419
23193-done,KCl,,5.2,-1e+20,300.0,813000.0,-66.0,507.7,5.10333050271099,23193,6.9913,0.0035414279999999,0.0878429812106974
23193-done,KCl,,5.2,-5e+20,300.0,1780000.0,-15.1,222.5,12.63774894233996,23193,6.9913,0.0004058577999999,0.0062029159108844
23193-done,KCl,,5.2,-1e+21,300.0,2180000.0,-8.26,136.0,15.72209795236373,23193,6.9913,0.0001487361679999,0.0019645167356091
24084-done,KH,3.487,3.51,1e+21,300.0,35700.0,104.0,2.2,0.1430125343104356,24084,10.169,0.0003861311999999,0.0112334386342671
24084-done,KH,3.487,3.51,5e+20,300.0,22400.0,148.0,2.8,0.077407457641631,24084,10.169,0.0004906496,0.0143655110933758
24084-done,KH,3.487,3.51,1e+20,300.0,5150.0,280.0,3.2,0.0157768162301473,24084,10.169,0.0004037599999999,0.0118930441172696
24084-done,KH,3.487,3.51,5e+19,300.0,2540.0,341.0,3.2,0.0077639367749137,24084,10.169,0.0002953537399999,0.0087067089843542
24084-done,KH,3.487,3.51,1e+19,300.0,519.0,484.0,3.2,0.0015580994007949,24084,10.169,0.000121578864,0.0035862003681143
24084-done,KH,3.487,3.51,5e+18,300.0,272.0,543.0,3.4,0.0007995336328035,24084,10.169,8.019892799999999e-05,0.0023657967219935
24084-done,KH,3.487,3.51,1e+18,300.0,62.3,677.0,3.9,0.0001734458980121,24084,10.169,2.85538967e-05,0.0008423663000315
24084-done,KH,3.487,3.51,-1e+18,300.0,663.0,-481.0,41.4,0.0018005504564043,24084,10.169,0.0001533923429999,0.0045244917223261
24084-done,KH,3.487,3.51,-5e+18,300.0,2720.0,-345.0,33.9,0.0083203104984304,24084,10.169,0.0003237479999999,0.0095432193383734
24084-done,KH,3.487,3.51,-1e+19,300.0,5180.0,-285.0,32.3,0.0165778291605663,24084,10.169,0.0004207454999999,0.0123923897217299
24084-done,KH,3.487,3.51,-5e+19,300.0,22500.0,-152.0,28.1,0.0844463664974165,24084,10.169,0.0005198399999999,0.0152097152923659
24084-done,KH,3.487,3.51,-1e+20,300.0,37300.0,-107.0,23.3,0.1646453464596539,24084,10.169,0.0004270477,0.0123977846833975
24084-done,KH,3.487,3.51,-5e+20,300.0,114000.0,-53.7,14.2,0.6402571425923577,24084,10.169,0.0003287406599999,0.0091238645448967
24084-done,KH,3.487,3.51,-1e+21,300.0,202000.0,-39.1,12.6,1.1774570913452096,24084,10.169,0.00030881962,0.0081651818937091
22898-done,KI,,3.854,1e+21,300.0,65300.0,120.0,4.1,0.3790952658314554,22898,1.3483,0.0009403199999999,0.1633071512814337
22898-done,KI,,3.854,5e+20,300.0,37400.0,165.0,4.7,0.2077530192588426,22898,1.3483,0.001018215,0.1963072570274595
22898-done,KI,,3.854,1e+20,300.0,8950.0,293.0,5.6,0.0461670309729282,22898,1.3483,0.0007683485499999,0.1652994010472556
22898-done,KI,,3.854,5e+19,300.0,4740.0,351.0,5.9,0.023925797856571,22898,1.3483,0.0005839727399999,0.1276698210116885
22898-done,KI,,3.854,1e+19,300.0,1080.0,483.0,6.7,0.005270317878824,22898,1.3483,0.0002519521199999,0.0558416766396148
22898-done,KI,,3.854,5e+18,300.0,564.0,540.0,7.0,0.0027363153822585,22898,1.3483,0.0001644623999999,0.0365191663896985
22898-done,KI,,3.854,1e+18,300.0,121.0,673.0,7.5,0.0005844825285266,22898,1.3483,5.4804409e-05,0.0121888292978063
22898-done,KI,,3.854,-1e+18,300.0,5130.0,-368.0,320.0,0.0298279404605808,22898,1.3483,0.00069472512,0.1512323565041031
22898-done,KI,,3.854,-5e+18,300.0,20800.0,-244.0,260.2,0.1281131054551854,22898,1.3483,0.0012383487999999,0.2516264849094747
22898-done,KI,,3.854,-1e+19,300.0,37200.0,-194.0,232.4,0.2363790874442597,22898,1.3483,0.0014000592,0.265049096266801
22898-done,KI,,3.854,-5e+19,300.0,142000.0,-97.3,177.6,0.9313248458468112,22898,1.3483,0.00134435518,0.1769179497822958
22898-done,KI,,3.854,-1e+20,300.0,249000.0,-58.1,155.4,1.6089202917935783,22898,1.3483,0.0008405268899999,0.0852686111006745
22898-done,KI,,3.854,-5e+20,300.0,546000.0,-18.0,68.2,3.9494418756034833,22898,1.3483,0.000176904,0.0100177021165181
22898-done,KI,,3.854,-1e+21,300.0,740000.0,-15.6,46.2,5.499428096840923,22898,1.3483,0.0001800863999999,0.0078896123262975
1006891-done,KSmSe2,1.884,2.515,1e+21,300.0,123000.0,80.0,7.7,0.889652004321055,1006891,3.5598333333333336,0.0007871999999999,0.053075801374472
1006891-done,KSmSe2,1.884,2.515,5e+20,300.0,77100.0,67.4,9.6,0.5181922647959675,1006891,3.5598333333333336,0.000350246796,0.0257659095735446
1006891-done,KSmSe2,1.884,2.515,1e+20,300.0,23400.0,137.0,14.6,0.137864811183277,1006891,3.5598333333333336,0.0004391945999999,0.035632540799837
1006891-done,KSmSe2,1.884,2.515,5e+19,300.0,12900.0,187.0,16.1,0.0720056244051012,1006891,3.5598333333333336,0.0004511000999999,0.0372621230111592
1006891-done,KSmSe2,1.884,2.515,1e+19,300.0,2930.0,316.0,18.3,0.0155272651733676,1006891,3.5598333333333336,0.00029257808,0.0245495304827881
1006891-done,KSmSe2,1.884,2.515,5e+18,300.0,1530.0,373.0,19.1,0.0080189750529379,1006891,3.5598333333333336,0.0002128673699999,0.0178987820908017
1006891-done,KSmSe2,1.884,2.515,1e+18,300.0,329.0,506.0,20.5,0.0017063305593844,1006891,3.5598333333333336,8.423584399999998e-05,0.0070954574663867
1006891-done,KSmSe2,1.884,2.515,-1e+18,300.0,713.0,-515.0,44.5,0.0038523656848718,1006891,3.5598333333333336,0.0001891054249999,0.0159193689599505
1006891-done,KSmSe2,1.884,2.515,-5e+18,300.0,3410.0,-379.0,42.6,0.0186578367206272,1006891,3.5598333333333336,0.00048981581,0.041063324182461
1006891-done,KSmSe2,1.884,2.515,-1e+19,300.0,6700.0,-321.0,41.8,0.0369846799719195,1006891,3.5598333333333336,0.0006903747,0.0575821209841185
1006891-done,KSmSe2,1.884,2.515,-5e+19,300.0,30800.0,-193.0,38.5,0.1795046445526168,1006891,3.5598333333333336,0.0011472691999999,0.0920432338653041
1006891-done,KSmSe2,1.884,2.515,-1e+20,300.0,57400.0,-147.0,35.8,0.3489409484232283,1006891,3.5598333333333336,0.0012403566,0.0951978684818758
1006891-done,KSmSe2,1.884,2.515,-5e+20,300.0,229000.0,-65.8,28.6,1.5401415451847127,1006891,3.5598333333333336,0.00099148756,0.0583230849337893
1006891-done,KSmSe2,1.884,2.515,-1e+21,300.0,401000.0,-43.6,25.0,2.7831215808849024,1006891,3.5598333333333336,0.00076228496,0.0360534626357477
999129-done,KTbS2,2.301,2.929,1e+21,300.0,118000.0,77.5,7.4,0.789143999999538,999129,4.4808666666666666,0.0007087374999999,0.0403455065745575
999129-done,KTbS2,2.301,2.929,5e+20,300.0,73900.0,73.9,9.2,0.4668797457082365,999129,4.4808666666666666,0.000403583419,0.0244707419517655
999129-done,KTbS2,2.301,2.929,1e+20,300.0,21200.0,159.0,13.2,0.120945936268025,999129,4.4808666666666666,0.0005359572,0.0349399625481189
999129-done,KTbS2,2.301,2.929,5e+19,300.0,11400.0,211.0,14.3,0.0631243418254386,999129,4.4808666666666666,0.0005075393999999,0.0335083893685998
999129-done,KTbS2,2.301,2.929,1e+19,300.0,2570.0,342.0,16.0,0.0137520367859122,999129,4.4808666666666666,0.0003005974799999,0.0200638251984974
999129-done,KTbS2,2.301,2.929,5e+18,300.0,1340.0,399.0,16.7,0.0071163835554245,999129,4.4808666666666666,0.00021332934,0.0142600364760363
999129-done,KTbS2,2.301,2.929,1e+18,300.0,287.0,532.0,17.9,0.0015161643753387,999129,4.4808666666666666,8.1227888e-05,0.0054364759366917
999129-done,KTbS2,2.301,2.929,-1e+18,300.0,928.0,-516.0,57.9,0.0048010582233857,999129,4.4808666666666666,0.000247085568,0.0165250025071388
999129-done,KTbS2,2.301,2.929,-5e+18,300.0,4420.0,-380.0,55.2,0.0231309655180397,999129,4.4808666666666666,0.0006382479999999,0.0425121005019475
999129-done,KTbS2,2.301,2.929,-1e+19,300.0,8690.0,-322.0,54.2,0.045845997268961,999129,4.4808666666666666,0.0009010139599999,0.0597131313753326
999129-done,KTbS2,2.301,2.929,-5e+19,300.0,40100.0,-193.0,50.1,0.2235704514133857,999129,4.4808666666666666,0.0014936849,0.0952516653433085
999129-done,KTbS2,2.301,2.929,-1e+20,300.0,74600.0,-145.0,46.6,0.4347992852105092,999129,4.4808666666666666,0.001568465,0.095722432037985
999129-done,KTbS2,2.301,2.929,-5e+20,300.0,286000.0,-65.3,35.7,1.903331012041721,999129,4.4808666666666666,0.0012195297399999,0.057306953890248
999129-done,KTbS2,2.301,2.929,-1e+21,300.0,496000.0,-44.6,30.9,3.406145577021884,999129,4.4808666666666666,0.00098662336,0.0375284073175946
1206717-done,LaBiPd,0.301,0.313,1e+21,300.0,1690000.0,27.7,105.5,11.978414798048734,1206717,2.5053,0.0012967201,0.0268588573735523
1206717-done,LaBiPd,0.301,0.313,5e+20,300.0,1190000.0,42.7,148.3,8.359768461031479,1206717,2.5053,0.0021697151,0.0599089211756522
1206717-done,LaBiPd,0.301,0.313,1e+20,300.0,428000.0,110.0,267.1,3.0057745201809625,1206717,2.5053,0.0051787999999999,0.2819123556233376
1206717-done,LaBiPd,0.301,0.313,5e+19,300.0,258000.0,144.0,321.8,1.830524694901721,1206717,2.5053,0.005349888,0.3701640432758269
1206717-done,LaBiPd,0.301,0.313,1e+19,300.0,77900.0,257.0,486.0,0.5048213669305457,1206717,2.5053,0.0051452171,0.5127916591529299
1206717-done,LaBiPd,0.301,0.313,5e+18,300.0,45000.0,313.0,561.0,0.2868630015218045,1206717,2.5053,0.0044086049999999,0.4736763216470984
1206717-done,LaBiPd,0.301,0.313,1e+18,300.0,12200.0,436.0,748.6,0.1088901932785334,1206717,2.5053,0.0023191711999999,0.2661441243980062
1206717-done,LaBiPd,0.301,0.313,-1e+18,300.0,6650.0,-605.0,405.0,0.1078932494891765,1206717,2.5053,0.00243406625,0.2794358492785569
1206717-done,LaBiPd,0.301,0.313,-5e+18,300.0,25100.0,-502.0,312.4,0.1646524042858768,1206717,2.5053,0.0063253003999999,0.7107205794956902
1206717-done,LaBiPd,0.301,0.313,-1e+19,300.0,44300.0,-446.0,276.2,0.2827664621403142,1206717,2.5053,0.0088119788,0.94818171514125
1206717-done,LaBiPd,0.301,0.313,-5e+19,300.0,180000.0,-305.0,225.1,1.170805931828114,1206717,2.5053,0.0167445,1.3664867370951703
1206717-done,LaBiPd,0.301,0.313,-1e+20,300.0,345000.0,-244.0,215.5,2.2417907014887835,1206717,2.5053,0.02053992,1.2980531419101555
1206717-done,LaBiPd,0.301,0.313,-5e+20,300.0,1480000.0,-118.0,184.4,9.924520286163569,1206717,2.5053,0.02060752,0.4973729191307671
1206717-done,LaBiPd,0.301,0.313,-1e+21,300.0,2710000.0,-78.1,169.1,18.564168848801884,1206717,2.5053,0.0165299430999999,0.2353634524717486
570935-done,Li2I2,,4.353,1e+21,300.0,113000.0,105.0,7.1,0.7445543679244863,570935,3.7259,0.0012458249999999,0.0836039179108075
570935-done,Li2I2,,4.353,5e+20,300.0,68100.0,137.0,8.5,0.4664084271534727,570935,3.7259,0.0012781688999999,0.0914652813987563
570935-done,Li2I2,,4.353,1e+20,300.0,19100.0,233.0,11.9,0.1329476153074202,570935,3.7259,0.0010369199,0.080613696370391
570935-done,Li2I2,,4.353,5e+19,300.0,10600.0,286.0,13.3,0.0728184831696521,570935,3.7259,0.0008670376,0.0684734289083099
570935-done,Li2I2,,4.353,1e+19,300.0,2740.0,416.0,17.1,0.0175245111918515,570935,3.7259,0.0004741734399999,0.0380005077101659
570935-done,Li2I2,,4.353,5e+18,300.0,1550.0,470.0,19.4,0.0095326909308583,570935,3.7259,0.000342395,0.027498420798583
570935-done,Li2I2,,4.353,1e+18,300.0,408.0,592.0,25.5,0.0023287512241429,570935,3.7259,0.000142989312,0.0115059446354827
570935-done,Li2I2,,4.353,-1e+18,300.0,4620.0,-358.0,288.2,0.0244475950884881,570935,3.7259,0.00059211768,0.047365024040074
570935-done,Li2I2,,4.353,-5e+18,300.0,16900.0,-238.0,210.9,0.0966260339132085,570935,3.7259,0.0009572836,0.075129659668008
570935-done,Li2I2,,4.353,-1e+19,300.0,28800.0,-188.0,179.5,0.1705941378960178,570935,3.7259,0.0010179071999999,0.0783710045987291
570935-done,Li2I2,,4.353,-5e+19,300.0,92900.0,-89.3,116.0,0.5952705964587905,570935,3.7259,0.0007408301209999,0.0514325994169505
570935-done,Li2I2,,4.353,-1e+20,300.0,145000.0,-59.3,90.5,0.9864200142787248,570935,3.7259,0.0005098910499999,0.0324611474892337
570935-done,Li2I2,,4.353,-5e+20,300.0,330000.0,-19.1,41.2,2.373447730254224,570935,3.7259,0.0001203873,0.0059213200488398
570935-done,Li2I2,,4.353,-1e+21,300.0,496000.0,-13.0,30.9,3.632626484096377,570935,3.7259,8.382399999999999e-05,0.0034174233189687
1960-done,Li2O,5.0,5.305,1e+21,300.0,302000.0,159.0,18.8,1.762331092488581,1960,9.8253,0.0076348619999999,0.1976640938702913
1960-done,Li2O,5.0,5.305,5e+20,300.0,172000.0,212.0,21.5,0.9516901729421868,1960,9.8253,0.007730368,0.215190917202708
1960-done,Li2O,5.0,5.305,1e+20,300.0,42600.0,348.0,26.6,0.2186187005536773,1960,9.8253,0.0051590303999999,0.1540941505146444
1960-done,Li2O,5.0,5.305,5e+19,300.0,23900.0,406.0,29.9,0.1182625294437222,1960,9.8253,0.0039395804,0.1188582177162733
1960-done,Li2O,5.0,5.305,1e+19,300.0,6640.0,533.0,41.5,0.0293894260325874,1960,9.8253,0.0018863509599999,0.0574249743989951
1960-done,Li2O,5.0,5.305,5e+18,300.0,3800.0,586.0,47.4,0.016021318505015,1960,9.8253,0.0013049047999999,0.039778341477772
1960-done,Li2O,5.0,5.305,1e+18,300.0,968.0,712.0,60.4,0.0037633212541928,1960,9.8253,0.0004907217919999,0.0149776771995792
1960-done,Li2O,5.0,5.305,-1e+18,300.0,25800.0,-503.0,1610.4,0.1183238806364483,1960,9.8253,0.0065276321999999,0.1969392329705283
1960-done,Li2O,5.0,5.305,-5e+18,300.0,92100.0,-382.0,1150.0,0.4722091044161101,1960,9.8253,0.0134396003999999,0.3915393595788023
1960-done,Li2O,5.0,5.305,-1e+19,300.0,162000.0,-328.0,1012.1,0.8620189325283757,1960,9.8253,0.017428608,0.489232372778365
1960-done,Li2O,5.0,5.305,-5e+19,300.0,640000.0,-200.0,798.8,3.61875592637458,1960,9.8253,0.0255999999999999,0.5712561776043588
1960-done,Li2O,5.0,5.305,-1e+20,300.0,1150000.0,-148.0,720.8,6.771269755252238,1960,9.8253,0.0251896,0.4553278244505018
1960-done,Li2O,5.0,5.305,-5e+20,300.0,4070000.0,-62.1,508.2,26.558328887933243,1960,9.8253,0.0156955887,0.129417453781298
1960-done,Li2O,5.0,5.305,-1e+21,300.0,6870000.0,-40.4,428.8,46.267339457558585,1960,9.8253,0.0112129391999999,0.0599701100274517
2530-done,Li2Te,2.529,3.155,1e+21,300.0,146000.0,67.4,9.1,0.919888644686237,2530,2.205,0.00066324296,0.0636735930857396
2530-done,Li2Te,2.529,3.155,5e+20,300.0,83700.0,106.0,10.4,0.4867083929075438,2530,2.205,0.0009404532,0.1048166884434464
2530-done,Li2Te,2.529,3.155,1e+20,300.0,19000.0,214.0,11.9,0.1111184210372908,2530,2.205,0.000870124,0.1127045999155313
2530-done,Li2Te,2.529,3.155,5e+19,300.0,9710.0,267.0,12.1,0.0578638087598023,2530,2.205,0.00069221619,0.091770815457875
2530-done,Li2Te,2.529,3.155,1e+19,300.0,2020.0,403.0,12.6,0.0122818143294845,2530,2.205,0.0003280661799999,0.0443876161180407
2530-done,Li2Te,2.529,3.155,5e+18,300.0,1060.0,461.0,13.2,0.0063991776126616,2530,2.205,0.0002252722599999,0.0305605965147045
2530-done,Li2Te,2.529,3.155,1e+18,300.0,244.0,592.0,15.2,0.0014347126557262,2530,2.205,8.5513216e-05,0.0116268859680521
2530-done,Li2Te,2.529,3.155,-1e+18,300.0,1470.0,-431.0,91.5,0.0083419543098064,2530,2.205,0.0002730686699999,0.0370121755657568
2530-done,Li2Te,2.529,3.155,-5e+18,300.0,6770.0,-299.0,84.5,0.0395983985817655,2530,2.205,0.00060524477,0.0808935046530933
2530-done,Li2Te,2.529,3.155,-1e+19,300.0,13200.0,-243.0,82.5,0.0782391769869808,2530,2.205,0.0007794468,0.1024132917641038
2530-done,Li2Te,2.529,3.155,-5e+19,300.0,59700.0,-133.0,74.6,0.3687918062159794,2530,2.205,0.0010560333,0.1230907601908089
2530-done,Li2Te,2.529,3.155,-1e+20,300.0,112000.0,-96.9,69.8,0.7157394302196005,2530,2.205,0.00105163632,0.1080174741833369
2530-done,Li2Te,2.529,3.155,-5e+20,300.0,501000.0,-42.4,62.5,3.258248728530054,2530,2.205,0.0009006777599999,0.049458361027738
2530-done,Li2Te,2.529,3.155,-1e+21,300.0,865000.0,-24.5,54.0,5.902713689263503,2530,2.205,0.00051921625,0.0192119358144416
1222370-done,LiGdS2,1.881,2.804,1e+21,300.0,84300.0,54.2,5.3,0.5971853710028238,1222370,3.452733333333333,0.000247643052,0.0183442980029342
1222370-done,LiGdS2,1.881,2.804,5e+20,300.0,46700.0,81.7,5.8,0.2813060038949702,1222370,3.452733333333333,0.0003117173629999,0.0250439806478804
1222370-done,LiGdS2,1.881,2.804,1e+20,300.0,8140.0,203.0,5.1,0.0459392779268738,1222370,3.452733333333333,0.00033544126,0.0287630164869163
1222370-done,LiGdS2,1.881,2.804,5e+19,300.0,4050.0,260.0,5.1,0.022185769918138,1222370,3.452733333333333,0.0002737799999999,0.0236362336962369
1222370-done,LiGdS2,1.881,2.804,1e+19,300.0,847.0,395.0,5.3,0.0043854805277093,1222370,3.452733333333333,0.0001321531749999,0.0114679172555518
1222370-done,LiGdS2,1.881,2.804,5e+18,300.0,436.0,453.0,5.4,0.0022223320278746,1222370,3.452733333333333,8.9471124e-05,0.0077689382440147
1222370-done,LiGdS2,1.881,2.804,1e+18,300.0,92.4,588.0,5.8,0.0004600979123916,1222370,3.452733333333333,3.19467456e-05,0.002775408870317
1222370-done,LiGdS2,1.881,2.804,-1e+18,300.0,610.0,-493.0,38.1,0.003104064244694,1222370,3.452733333333333,0.0001482598899999,0.0128703876609303
1222370-done,LiGdS2,1.881,2.804,-5e+18,300.0,2950.0,-358.0,36.8,0.0151980884658133,1222370,3.452733333333333,0.0003780837999999,0.0327068578366309
1222370-done,LiGdS2,1.881,2.804,-1e+19,300.0,5790.0,-301.0,36.2,0.0301865462161026,1222370,3.452733333333333,0.00052457979,0.0451844838361192
1222370-done,LiGdS2,1.881,2.804,-5e+19,300.0,26500.0,-176.0,33.1,0.1468759504681312,1222370,3.452733333333333,0.0008208639999999,0.0684127583257873
1222370-done,LiGdS2,1.881,2.804,-1e+20,300.0,49700.0,-131.0,31.0,0.2889220917967148,1222370,3.452733333333333,0.0008529016999999,0.0683843061232921
1222370-done,LiGdS2,1.881,2.804,-5e+20,300.0,201000.0,-54.2,25.1,1.343446676431787,1222370,3.452733333333333,0.00059046564,0.0369334953315638
1222370-done,LiGdS2,1.881,2.804,-1e+21,300.0,355000.0,-36.5,22.1,2.461883480966179,1222370,3.452733333333333,0.00047294875,0.0239888110176422
570213-done,LiMgBi,,0.383,1e+21,300.0,727000.0,46.0,45.4,5.045211710306041,570213,1.5822,0.001538332,0.0696349676423963
570213-done,LiMgBi,,0.383,5e+20,300.0,468000.0,75.5,58.4,2.909337122003937,570213,1.5822,0.0026677169999999,0.1781828978055741
570213-done,LiMgBi,,0.383,1e+20,300.0,124000.0,185.0,77.1,0.7494151621750529,570213,1.5822,0.0042438999999999,0.5460463719116881
570213-done,LiMgBi,,0.383,5e+19,300.0,65000.0,235.0,81.1,0.4136548771428384,570213,1.5822,0.003589625,0.5395620254422585
570213-done,LiMgBi,,0.383,1e+19,300.0,14800.0,361.0,92.3,0.0985346513262187,570213,1.5822,0.0019287508,0.3442692393730466
570213-done,LiMgBi,,0.383,5e+18,300.0,7900.0,417.0,98.7,0.0527301178643948,570213,1.5822,0.0013737231,0.2520700582226243
570213-done,LiMgBi,,0.383,1e+18,300.0,1840.0,549.0,115.0,0.0121149396076805,570213,1.5822,0.00055457784,0.1043541322148936
570213-done,LiMgBi,,0.383,-1e+18,300.0,37100.0,-136.0,2315.3,0.2262276764275437,570213,1.5822,0.0006862016,0.1138339579090421
570213-done,LiMgBi,,0.383,-5e+18,300.0,112000.0,-72.9,1403.2,0.7532262888491023,570213,1.5822,0.0005952139199999,0.0764589218047923
570213-done,LiMgBi,,0.383,-1e+19,300.0,179000.0,-48.7,1119.9,1.2444598362454258,570213,1.5822,0.0004245325099999,0.0450566252673467
570213-done,LiMgBi,,0.383,-5e+19,300.0,473000.0,-26.8,590.8,3.655452438048879,570213,1.5822,0.00033972752,0.0194587665381566
570213-done,LiMgBi,,0.383,-1e+20,300.0,681000.0,-40.4,425.1,5.367149497682668,570213,1.5822,0.00111150096,0.0479829497870545
570213-done,LiMgBi,,0.383,-5e+20,300.0,1540000.0,-27.7,191.7,10.648288507489005,570213,1.5822,0.0011816265999999,0.0289839592084084
570213-done,LiMgBi,,0.383,-1e+21,300.0,2160000.0,-18.9,135.0,15.507785495867054,570213,1.5822,0.0007715735999999,0.0135443110853398
36111-done,LiMgP,1.533,2.441,1e+21,300.0,229000.0,68.4,14.3,1.4105511838271738,36111,4.8399,0.00107139024,0.0514230193224539
36111-done,LiMgP,1.533,2.441,5e+20,300.0,137000.0,106.0,17.1,0.7615237670297287,36111,4.8399,0.001539332,0.0824432535738817
36111-done,LiMgP,1.533,2.441,1e+20,300.0,32800.0,220.0,20.5,0.1652236008772108,36111,4.8399,0.0015875199999999,0.0951536940898922
36111-done,LiMgP,1.533,2.441,5e+19,300.0,16600.0,278.0,20.7,0.0834046537679015,36111,4.8399,0.0012829144,0.078173980093929
36111-done,LiMgP,1.533,2.441,1e+19,300.0,3490.0,416.0,21.8,0.0176678947617624,36111,4.8399,0.0006039654399999,0.0373004836834825
36111-done,LiMgP,1.533,2.441,5e+18,300.0,1840.0,474.0,23.0,0.0092366383964169,36111,4.8399,0.0004134038399999,0.0255759243857857
36111-done,LiMgP,1.533,2.441,1e+18,300.0,441.0,603.0,27.6,0.0021043071707122,36111,4.8399,0.000160351569,0.0099350326121682
36111-done,LiMgP,1.533,2.441,-1e+18,300.0,1740.0,-429.0,108.9,0.0097192160271071,36111,4.8399,0.00032023134,0.0198096794244191
36111-done,LiMgP,1.533,2.441,-5e+18,300.0,7480.0,-301.0,93.3,0.0436746788217102,36111,4.8399,0.00067769548,0.041631111915146
36111-done,LiMgP,1.533,2.441,-1e+19,300.0,14200.0,-246.0,88.6,0.0844822791474016,36111,4.8399,0.0008593271999999,0.0523513702605161
36111-done,LiMgP,1.533,2.441,-5e+19,300.0,61500.0,-136.0,76.8,0.3878646330488222,36111,4.8399,0.001137504,0.0652766954814075
36111-done,LiMgP,1.533,2.441,-1e+20,300.0,115000.0,-100.0,71.7,0.742049557899214,36111,4.8399,0.0011499999999999,0.0618063628883475
36111-done,LiMgP,1.533,2.441,-5e+20,300.0,537000.0,-46.3,67.1,3.68461769348526,36111,4.8399,0.0011511615299999,0.0405123751768264
36111-done,LiMgP,1.533,2.441,-1e+21,300.0,1100000.0,-28.9,68.7,7.419773491875863,36111,4.8399,0.0009187309999999,0.0224817814424352
1207082-done,LiMgSb,1.221,1.675,1e+21,300.0,417000.0,49.6,26.0,2.8185018998957165,1207082,7.858,0.0010258867199999,0.0288264844502089
1207082-done,LiMgSb,1.221,1.675,5e+20,300.0,261000.0,81.1,32.5,1.576762814300811,1207082,7.858,0.0017166518099999,0.0545848955756854
1207082-done,LiMgSb,1.221,1.675,1e+20,300.0,64900.0,190.0,40.5,0.3749036758925584,1207082,7.858,0.0023428899999999,0.0853729167338727
1207082-done,LiMgSb,1.221,1.675,5e+19,300.0,33100.0,243.0,41.3,0.1984215463122372,1207082,7.858,0.0019545219,0.0727812672945844
1207082-done,LiMgSb,1.221,1.675,1e+19,300.0,7010.0,375.0,43.7,0.0440665155738271,1207082,7.858,0.00098578125,0.0374249412374788
1207082-done,LiMgSb,1.221,1.675,5e+18,300.0,3670.0,432.0,45.9,0.0231533614704192,1207082,7.858,0.00068491008,0.0260714408889086
1207082-done,LiMgSb,1.221,1.675,1e+18,300.0,853.0,564.0,53.3,0.0052677092666653,1207082,7.858,0.0002713358879999,0.0103520278603819
1207082-done,LiMgSb,1.221,1.675,-1e+18,300.0,2930.0,-431.0,183.1,0.015894195512184,1207082,7.858,0.0005442797299999,0.0207373778394222
1207082-done,LiMgSb,1.221,1.675,-5e+18,300.0,13400.0,-300.0,167.5,0.0744947440437621,1207082,7.858,0.0012059999999999,0.0456098631860592
1207082-done,LiMgSb,1.221,1.675,-1e+19,300.0,26100.0,-244.0,162.8,0.1465942975103661,1207082,7.858,0.0015538896,0.0582374149986576
1207082-done,LiMgSb,1.221,1.675,-5e+19,300.0,118000.0,-129.0,146.7,0.6965806068145252,1207082,7.858,0.0019636379999999,0.0688626862117242
1207082-done,LiMgSb,1.221,1.675,-1e+20,300.0,217000.0,-91.1,135.4,1.3383345304727343,1207082,7.858,0.0018009285699999,0.0587493385772034
1207082-done,LiMgSb,1.221,1.675,-5e+20,300.0,766000.0,-36.2,95.6,5.221738011701677,1207082,7.858,0.00100379704,0.0230233290399691
1207082-done,LiMgSb,1.221,1.675,-1e+21,300.0,1220000.0,-21.8,76.1,8.463229726940893,1207082,7.858,0.0005797928,0.0106571528561286
1001786-done,LiScS2,1.479,2.402,1e+21,300.0,218000.0,79.6,13.6,1.408817152768173,1001786,6.3931,0.00138128288,0.0531132099823661
1001786-done,LiScS2,1.479,2.402,5e+20,300.0,113000.0,117.0,14.2,0.7174855557213314,1001786,6.3931,0.001546857,0.0652628530187095
1001786-done,LiScS2,1.479,2.402,1e+20,300.0,26600.0,214.0,16.6,0.1759213412025347,1001786,6.3931,0.0012181736,0.0556326522655351
1001786-done,LiScS2,1.479,2.402,5e+19,300.0,14300.0,261.0,17.8,0.0946231467409336,1001786,6.3931,0.0009741303,0.0450449384768837
1001786-done,LiScS2,1.479,2.402,1e+19,300.0,3240.0,386.0,20.2,0.0210319596812553,1001786,6.3931,0.0004827470399999,0.0225789105853018
1001786-done,LiScS2,1.479,2.402,5e+18,300.0,1700.0,442.0,21.2,0.0108883387437743,1001786,6.3931,0.0003321187999999,0.0155583731152631
1001786-done,LiScS2,1.479,2.402,1e+18,300.0,369.0,574.0,23.0,0.0023202732931086,1001786,6.3931,0.0001215766439999,0.005702986143425
1001786-done,LiScS2,1.479,2.402,-1e+18,300.0,1160.0,-523.0,72.5,0.0055614347839317,1001786,6.3931,0.00031729364,0.0148762507549697
1001786-done,LiScS2,1.479,2.402,-5e+18,300.0,5440.0,-389.0,67.9,0.0264949632593993,1001786,6.3931,0.0008231862399999,0.0384690737364813
1001786-done,LiScS2,1.479,2.402,-1e+19,300.0,10600.0,-331.0,66.2,0.0522448824807353,1001786,6.3931,0.0011613466,0.0540551337985041
1001786-done,LiScS2,1.479,2.402,-5e+19,300.0,49000.0,-201.0,61.2,0.2549043652471187,1001786,6.3931,0.0019796489999999,0.0893342824960515
1001786-done,LiScS2,1.479,2.402,-1e+20,300.0,91500.0,-152.0,57.1,0.496977821094837,1001786,6.3931,0.0021140159999999,0.0920461011424678
1001786-done,LiScS2,1.479,2.402,-5e+20,300.0,345000.0,-68.6,43.1,2.1695748083231705,1001786,6.3931,0.0016235561999999,0.0568825595859983
1001786-done,LiScS2,1.479,2.402,-1e+21,300.0,590000.0,-47.1,36.8,3.851303526813899,1001786,6.3931,0.0013088619,0.0383290807485519
1222296-done,LiSmS2,1.802,2.669,1e+21,300.0,82500.0,45.9,5.2,0.592019757597727,1222296,2.7684333333333337,0.0001738118249999,0.0155168205265805
1222296-done,LiSmS2,1.802,2.669,5e+20,300.0,47800.0,73.7,6.0,0.2924105259527894,1222296,2.7684333333333337,0.000259634782,0.0254473727445104
1222296-done,LiSmS2,1.802,2.669,1e+20,300.0,9810.0,179.0,6.1,0.0551815492001867,1222296,2.7684333333333337,0.0003143222099999,0.0333957238939615
1222296-done,LiSmS2,1.802,2.669,5e+19,300.0,5010.0,233.0,6.3,0.0274223133852204,1222296,2.7684333333333337,0.00027198789,0.0291847567651671
1222296-done,LiSmS2,1.802,2.669,1e+19,300.0,1070.0,366.0,6.7,0.0056042958470248,1222296,2.7684333333333337,0.00014333292,0.0155008265020201
1222296-done,LiSmS2,1.802,2.669,5e+18,300.0,552.0,424.0,6.9,0.0028493047978716,1222296,2.7684333333333337,9.9236352e-05,0.0107426450086216
1222296-done,LiSmS2,1.802,2.669,1e+18,300.0,116.0,558.0,7.3,0.0005917523509133,1222296,2.7684333333333337,3.6118224e-05,0.0039130982438616
1222296-done,LiSmS2,1.802,2.669,-1e+18,300.0,463.0,-495.0,28.9,0.0026127402833308,1222296,2.7684333333333337,0.0001134465749999,0.0122819944511244
1222296-done,LiSmS2,1.802,2.669,-5e+18,300.0,2230.0,-361.0,27.8,0.0127233684989001,1222296,2.7684333333333337,0.0002906158299999,0.0313483770772543
1222296-done,LiSmS2,1.802,2.669,-1e+19,300.0,4360.0,-305.0,27.2,0.0251666489889648,1222296,2.7684333333333337,0.0004055889999999,0.0435555200350556
1222296-done,LiSmS2,1.802,2.669,-5e+19,300.0,20100.0,-184.0,25.1,0.1215087523803317,1222296,2.7684333333333337,0.0006805056,0.0706421353594652
1222296-done,LiSmS2,1.802,2.669,-1e+20,300.0,38900.0,-139.0,24.3,0.2406990777659169,1222296,2.7684333333333337,0.0007515868999999,0.0749305910129765
1222296-done,LiSmS2,1.802,2.669,-5e+20,300.0,189000.0,-58.0,23.6,1.232941131706659,1222296,2.7684333333333337,0.000635796,0.0476683203900271
1222296-done,LiSmS2,1.802,2.669,-1e+21,300.0,347000.0,-34.7,21.7,2.365561846164164,1222296,2.7684333333333337,0.00041781923,0.0244148591141194
408-done,Mg2Ge,0.154,1.008,1e+21,300.0,1060000.0,45.1,66.4,7.374865289576821,408,2.5313,0.0021560506,0.065294204275046
408-done,Mg2Ge,0.154,1.008,5e+20,300.0,690000.0,74.1,86.1,4.287479251635491,408,2.5313,0.0037886588999999,0.1666863859432545
408-done,Mg2Ge,0.154,1.008,1e+20,300.0,201000.0,178.0,125.4,1.132442234052757,408,2.5313,0.0063684839999999,0.5214736949129098
408-done,Mg2Ge,0.154,1.008,5e+19,300.0,108000.0,230.0,134.9,0.6170549032660507,408,2.5313,0.0057131999999999,0.5443985994787107
408-done,Mg2Ge,0.154,1.008,1e+19,300.0,24800.0,347.0,151.1,0.2515651438626822,408,2.5313,0.0029861431999999,0.3219138958190834
408-done,Mg2Ge,0.154,1.008,5e+18,300.0,14200.0,360.0,161.2,0.3051735893843971,408,2.5313,0.0018403199999999,0.1946416853892836
408-done,Mg2Ge,0.154,1.008,1e+18,300.0,8480.0,132.0,198.0,0.6053036125972496,408,2.5313,0.0001477555199999,0.0141320553932747
408-done,Mg2Ge,0.154,1.008,-1e+18,300.0,10400.0,-192.0,324.1,0.5039014319570935,408,2.5313,0.0003833856,0.0378939199187969
408-done,Mg2Ge,0.154,1.008,-5e+18,300.0,21600.0,-273.0,255.0,0.2619477301147017,408,2.5313,0.0016098263999999,0.1728983486832148
408-done,Mg2Ge,0.154,1.008,-1e+19,300.0,38200.0,-238.0,235.3,0.2913160097816358,408,2.5313,0.0021638008,0.2299782321613838
408-done,Mg2Ge,0.154,1.008,-5e+19,300.0,156000.0,-135.0,194.3,0.9984038415490962,408,2.5313,0.0028431,0.2416435027664165
408-done,Mg2Ge,0.154,1.008,-1e+20,300.0,284000.0,-98.2,177.5,1.865836648143456,408,2.5313,0.00273868016,0.1868497874285746
408-done,Mg2Ge,0.154,1.008,-5e+20,300.0,1090000.0,-52.2,136.0,7.702852200440414,408,2.5313,0.0029700756,0.0870636533978511
408-done,Mg2Ge,0.154,1.008,-1e+21,300.0,1990000.0,-33.8,124.3,14.063604190491429,408,2.5313,0.0022734555999999,0.0410991634643341
1367-done,Mg2Si,0.217,1.849,1e+21,300.0,851000.0,46.6,53.1,5.846904000247982,1367,6.720299999999999,0.00184799756,0.0441147663385634
1367-done,Mg2Si,0.217,1.849,5e+20,300.0,569000.0,73.4,71.0,3.44027309771257,1367,6.720299999999999,0.00306552164,0.0905122657113741
1367-done,Mg2Si,0.217,1.849,1e+20,300.0,175000.0,174.0,108.9,0.9159620564508426,1367,6.720299999999999,0.0052983,0.2081502688422348
1367-done,Mg2Si,0.217,1.849,5e+19,300.0,94300.0,227.0,117.7,0.4835710548875321,1367,6.720299999999999,0.0048591847,0.2023572325063998
1367-done,Mg2Si,0.217,1.849,1e+19,300.0,20900.0,360.0,129.9,0.126140924294676,1367,6.720299999999999,0.0027086399999999,0.1186882365575488
1367-done,Mg2Si,0.217,1.849,5e+18,300.0,11200.0,409.0,137.9,0.0999303276741627,1367,6.720299999999999,0.0018735471999999,0.0824113164799297
1367-done,Mg2Si,0.217,1.849,1e+18,300.0,3580.0,353.0,167.2,0.2119868391278259,1367,6.720299999999999,0.0004461002199999,0.0193053272470773
1367-done,Mg2Si,0.217,1.849,-1e+18,300.0,5780.0,-355.0,305.6,0.1482440415870975,1367,6.720299999999999,0.0007284245,0.0318156728233638
1367-done,Mg2Si,0.217,1.849,-5e+18,300.0,20500.0,-298.0,254.2,0.1333068907746689,1367,6.720299999999999,0.0018204819999999,0.0796871791311974
1367-done,Mg2Si,0.217,1.849,-1e+19,300.0,38200.0,-247.0,238.2,0.2217947481979844,1367,6.720299999999999,0.0023305437999999,0.1007135692265591
1367-done,Mg2Si,0.217,1.849,-5e+19,300.0,156000.0,-134.0,194.7,0.9442065354229108,1367,6.720299999999999,0.002801136,0.1096405614785782
1367-done,Mg2Si,0.217,1.849,-1e+20,300.0,276000.0,-97.8,172.2,1.7825487714252102,1367,6.720299999999999,0.0026398958399999,0.0931415779922455
1367-done,Mg2Si,0.217,1.849,-5e+20,300.0,974000.0,-56.8,121.6,6.867592596229977,1367,6.720299999999999,0.0031423577599999,0.0693784795047267
1367-done,Mg2Si,0.217,1.849,-1e+21,300.0,1700000.0,-42.8,106.4,11.981548949069584,1367,6.720299999999999,0.0031141279999999,0.0499543335284209
1039-done,Mg2Te2,,2.359,1e+21,300.0,102000.0,86.2,6.4,0.6574463466797048,1039,2.2364,0.0007579048799999,0.0785706761040881
1039-done,Mg2Te2,,2.359,5e+20,300.0,56700.0,121.0,7.1,0.3687446963920832,1039,2.2364,0.0008301447,0.0955967667918427
1039-done,Mg2Te2,,2.359,1e+20,300.0,14100.0,218.0,8.8,0.0934306702475974,1039,2.2364,0.0006700883999999,0.0862837469551408
1039-done,Mg2Te2,,2.359,5e+19,300.0,7520.0,270.0,9.4,0.0497346438728979,1039,2.2364,0.000548208,0.0719390699234526
1039-done,Mg2Te2,,2.359,1e+19,300.0,1760.0,401.0,11.0,0.0112076659297278,1039,2.2364,0.0002830097599999,0.0377747990839182
1039-done,Mg2Te2,,2.359,5e+18,300.0,955.0,456.0,11.9,0.0059422623247054,1039,2.2364,0.0001985788799999,0.0265676052228566
1039-done,Mg2Te2,,2.359,1e+18,300.0,231.0,582.0,14.4,0.0013566055961187,1039,2.2364,7.8245244e-05,0.0104897794252055
1039-done,Mg2Te2,,2.359,-1e+18,300.0,5130.0,-265.0,320.3,0.0298700719692064,1039,2.2364,0.00036025425,0.0476890536290277
1039-done,Mg2Te2,,2.359,-5e+18,300.0,18600.0,-155.0,232.3,0.1165439760849718,1039,2.2364,0.0004468649999999,0.0569752197088132
1039-done,Mg2Te2,,2.359,-1e+19,300.0,31300.0,-116.0,195.5,0.2033000625689867,1039,2.2364,0.0004211728,0.0517899072671057
1039-done,Mg2Te2,,2.359,-5e+19,300.0,98200.0,-53.1,122.5,0.6921569530860893,1039,2.2364,0.0002768857019999,0.0283640413796412
1039-done,Mg2Te2,,2.359,-1e+20,300.0,161000.0,-41.4,100.7,1.1659532300352435,1039,2.2364,0.0002759475599999,0.0243314736603972
1039-done,Mg2Te2,,2.359,-5e+20,300.0,583000.0,-26.6,72.7,4.519542420557836,1039,2.2364,0.00041250748,0.0183175397740855
1039-done,Mg2Te2,,2.359,-1e+21,300.0,857000.0,-30.3,53.5,6.164625704381809,1039,2.2364,0.0007868031299999,0.0280966809656177
1315-done,MgS,2.82,3.694,1e+21,300.0,88200.0,96.4,5.5,0.5414968444936572,1315,11.885,0.000819639072,0.0197876943660882
1315-done,MgS,2.82,3.694,5e+20,300.0,46700.0,139.0,5.8,0.2693371351902636,1315,11.885,0.0009022907,0.0222708327890859
1315-done,MgS,2.82,3.694,1e+20,300.0,10100.0,259.0,6.3,0.054001435220269,1315,11.885,0.0006775181,0.0170244916296259
1315-done,MgS,2.82,3.694,5e+19,300.0,5110.0,317.0,6.4,0.0270089013247164,1315,11.885,0.00051349879,0.0129322970017986
1315-done,MgS,2.82,3.694,1e+19,300.0,1060.0,454.0,6.6,0.005547561705793,1315,11.885,0.00021848296,0.0055123523672779
1315-done,MgS,2.82,3.694,5e+18,300.0,544.0,512.0,6.8,0.0028266219784841,1315,11.885,0.000142606336,0.0035987991884827
1315-done,MgS,2.82,3.694,1e+18,300.0,117.0,646.0,7.3,0.0005951703222022,1315,11.885,4.8825972e-05,0.0012323986632638
1315-done,MgS,2.82,3.694,-1e+18,300.0,1340.0,-408.0,83.6,0.0069205500453108,1315,11.885,0.00022306176,0.0056272262935481
1315-done,MgS,2.82,3.694,-5e+18,300.0,6120.0,-279.0,76.4,0.0329714910764946,1315,11.885,0.00047638692,0.0119916443924209
1315-done,MgS,2.82,3.694,-1e+19,300.0,11600.0,-226.0,72.6,0.0643239528931508,1315,11.885,0.0005924815999999,0.0148748565777175
1315-done,MgS,2.82,3.694,-5e+19,300.0,49300.0,-123.0,61.6,0.2943973259140935,1315,11.885,0.0007458596999999,0.0183718376215447
1315-done,MgS,2.82,3.694,-1e+20,300.0,91300.0,-89.4,57.0,0.5670455333494688,1315,11.885,0.000729702468,0.017580303558456
1315-done,MgS,2.82,3.694,-5e+20,300.0,381000.0,-37.9,47.6,2.5642628284982867,1315,11.885,0.00054727221,0.0113626324712001
1315-done,MgS,2.82,3.694,-1e+21,300.0,688000.0,-24.5,43.0,4.697121536183996,1315,11.885,0.000412972,0.0074713962100479
2352-done,Na2O,2.108,2.116,1e+21,300.0,32600.0,337.0,2.0,0.1658550152638122,2352,6.8629,0.0037023494,0.1580229809671794
2352-done,Na2O,2.108,2.116,5e+20,300.0,16800.0,397.0,2.1,0.0845197630251193,2352,6.8629,0.0026478312,0.1143373204866084
2352-done,Na2O,2.108,2.116,1e+20,300.0,3690.0,532.0,2.3,0.018170896027118,2352,6.8629,0.00104435856,0.0455318035134462
2352-done,Na2O,2.108,2.116,5e+19,300.0,1930.0,589.0,2.4,0.0094164125600557,2352,6.8629,0.00066955753,0.0292284648932765
2352-done,Na2O,2.108,2.116,1e+19,300.0,418.0,722.0,2.6,0.0020133273164086,2352,6.8629,0.0002178967119999,0.0095221906647907
2352-done,Na2O,2.108,2.116,5e+18,300.0,213.0,780.0,2.7,0.0010266384354534,2352,6.8629,0.0001295891999999,0.005663924171665
2352-done,Na2O,2.108,2.116,1e+18,300.0,44.0,916.0,2.7,0.0002106695969806,2352,6.8629,3.6918464e-05,0.0016137783190738
2352-done,Na2O,2.108,2.116,-1e+18,300.0,58500.0,-360.0,3648.6,0.3054496759826392,2352,6.8629,0.0075815999999999,0.3172947892902816
2352-done,Na2O,2.108,2.116,-5e+18,300.0,195000.0,-242.0,2433.9,1.131987703421915,2352,6.8629,0.01141998,0.4285230921421986
2352-done,Na2O,2.108,2.116,-1e+19,300.0,316000.0,-193.0,1974.7,1.9287463383858097,2352,6.8629,0.011770684,0.4016546007523258
2352-done,Na2O,2.108,2.116,-5e+19,300.0,953000.0,-97.0,1189.4,6.327363802508297,2352,6.8629,0.008966777,0.2039408112132265
2352-done,Na2O,2.108,2.116,-1e+20,300.0,1540000.0,-66.3,963.1,10.513111233447198,2352,6.8629,0.0067693625999999,0.1168742787234651
2352-done,Na2O,2.108,2.116,-5e+20,300.0,4100000.0,-21.9,512.3,29.12816818871416,2352,6.8629,0.0019664009999999,0.0163907416391979
2352-done,Na2O,2.108,2.116,-1e+21,300.0,5410000.0,-12.8,337.8,39.068966786412375,2352,6.8629,0.0008863743999999,0.0057892774364361
997089-done,NaAuO2,1.19,1.543,1e+21,300.0,30800.0,175.0,1.9,0.1591670504654968,997089,23.0691,0.00094325,0.0121823552047688
997089-done,NaAuO2,1.19,1.543,5e+20,300.0,15000.0,232.0,1.9,0.0776043738676044,997089,23.0691,0.00080736,0.0104640382530417
997089-done,NaAuO2,1.19,1.543,1e+20,300.0,2760.0,376.0,1.7,0.0147073304010102,997089,23.0691,0.0003901977599999,0.0050710580938615
997089-done,NaAuO2,1.19,1.543,5e+19,300.0,1410.0,438.0,1.8,0.0074470472270906,997089,23.0691,0.0002705000399999,0.0035165578209726
997089-done,NaAuO2,1.19,1.543,1e+19,300.0,352.0,571.0,2.2,0.001710671421974,997089,23.0691,0.000114766432,0.001492358898452
997089-done,NaAuO2,1.19,1.543,5e+18,300.0,201.0,625.0,2.5,0.0009282861526536,997089,23.0691,7.8515625e-05,0.001021008175969
997089-done,NaAuO2,1.19,1.543,1e+18,300.0,53.1,752.0,3.3,0.0002195700371935,997089,23.0691,3.00282624e-05,0.0003904960739154
997089-done,NaAuO2,1.19,1.543,-1e+18,300.0,608.0,-510.0,38.0,0.0026486425890698,997089,23.0691,0.0001581407999999,0.0020562914729572
997089-done,NaAuO2,1.19,1.543,-5e+18,300.0,2520.0,-378.0,31.5,0.0117768347926876,997089,23.0691,0.0003600676799999,0.0046800780045382
997089-done,NaAuO2,1.19,1.543,-1e+19,300.0,4760.0,-319.0,29.7,0.0227338160750383,997089,23.0691,0.00048438236,0.0062929046327555
997089-done,NaAuO2,1.19,1.543,-5e+19,300.0,20800.0,-186.0,26.0,0.1051353203089628,997089,23.0691,0.0007195968,0.0093154763044462
997089-done,NaAuO2,1.19,1.543,-1e+20,300.0,36700.0,-138.0,22.9,0.1949181554778975,997089,23.0691,0.0006989148,0.0090128213706981
997089-done,NaAuO2,1.19,1.543,-5e+20,300.0,109000.0,-61.7,13.6,0.6758370714082634,997089,23.0691,0.0004149510099999,0.0052426040391517
997089-done,NaAuO2,1.19,1.543,-1e+21,300.0,165000.0,-42.5,10.3,1.0928290420991584,997089,23.0691,0.0002980312499999,0.0037004237055818
1221101-done,NaBiSe2,1.124,1.263,1e+21,300.0,130000.0,153.0,8.1,0.7683211483545079,1221101,1.7470799999999995,0.00304317,0.3629444951940259
1221101-done,NaBiSe2,1.124,1.263,5e+20,300.0,66700.0,205.0,8.3,0.3778856797996914,1221101,1.7470799999999995,0.0028030675,0.3957335678377964
1221101-done,NaBiSe2,1.124,1.263,1e+20,300.0,13900.0,336.0,8.7,0.0757161245640962,1221101,1.7470799999999995,0.0015692543999999,0.258271516850274
1221101-done,NaBiSe2,1.124,1.263,5e+19,300.0,7070.0,396.0,8.8,0.0379940271186433,1221101,1.7470799999999995,0.00110868912,0.1863265785883812
1221101-done,NaBiSe2,1.124,1.263,1e+19,300.0,1460.0,533.0,9.1,0.0077294907707212,1221101,1.7470799999999995,0.0004147699399999,0.0709085417274095
1221101-done,NaBiSe2,1.124,1.263,5e+18,300.0,738.0,592.0,9.2,0.0039040734533076,1221101,1.7470799999999995,0.0002586424319999,0.0443137837610029
1221101-done,NaBiSe2,1.124,1.263,1e+18,300.0,151.0,729.0,9.4,0.0007970924909924,1221101,1.7470799999999995,8.024759099999998e-05,0.0137734383060598
1221101-done,NaBiSe2,1.124,1.263,-1e+18,300.0,2190.0,-303.0,136.8,0.0125348996965449,1221101,1.7470799999999995,0.00020106171,0.0342793829549876
1221101-done,NaBiSe2,1.124,1.263,-5e+18,300.0,10100.0,-181.0,126.0,0.0600657609501519,1221101,1.7470799999999995,0.0003308860999999,0.0549296200367249
1221101-done,NaBiSe2,1.124,1.263,-1e+19,300.0,19100.0,-135.0,119.5,0.1158978813167197,1221101,1.7470799999999995,0.0003480974999999,0.0560550133457093
1221101-done,NaBiSe2,1.124,1.263,-5e+19,300.0,75900.0,-56.4,94.8,0.5085555106199093,1221101,1.7470799999999995,0.0002414348639999,0.0321108879776698
1221101-done,NaBiSe2,1.124,1.263,-1e+20,300.0,124000.0,-35.5,77.1,0.8752066672085835,1221101,1.7470799999999995,0.0001562709999999,0.0178780224855717
1221101-done,NaBiSe2,1.124,1.263,-5e+20,300.0,315000.0,-45.9,39.3,2.4268393758048084,1221101,1.7470799999999995,0.0006636451499999,0.0476994227904991
1221101-done,NaBiSe2,1.124,1.263,-1e+21,300.0,489000.0,-40.2,30.5,3.490714861201381,1221101,1.7470799999999995,0.00079024356,0.0452619994257703
22862-done,NaCl,,5.258,1e+21,300.0,200000.0,159.0,12.5,1.0699521955848903,22862,7.491600000000001,0.0050561999999999,0.1771711443612058
22862-done,NaCl,,5.258,5e+20,300.0,112000.0,211.0,14.0,0.5634499133333236,22862,7.491600000000001,0.0049863519999999,0.1857102831260964
22862-done,NaCl,,5.258,1e+20,300.0,26900.0,342.0,16.8,0.1249068825163882,22862,7.491600000000001,0.0031463315999999,0.1239281332715239
22862-done,NaCl,,5.258,5e+19,300.0,14400.0,398.0,18.0,0.0651832416695039,22862,7.491600000000001,0.0022810175999999,0.0905551023650623
22862-done,NaCl,,5.258,1e+19,300.0,3300.0,530.0,20.6,0.0143495371924763,22862,7.491600000000001,0.0009269699999999,0.0370494097544901
22862-done,NaCl,,5.258,5e+18,300.0,1720.0,587.0,21.4,0.0074034174388238,22862,7.491600000000001,0.0005926586799999,0.0237094976629166
22862-done,NaCl,,5.258,1e+18,300.0,366.0,721.0,22.8,0.0015625480040058,22862,7.491600000000001,0.0001902618059999,0.0076174167361649
22862-done,NaCl,,5.258,-1e+18,300.0,32600.0,-366.0,2036.4,0.1528746483880945,22862,7.491600000000001,0.0043669656,0.1713773333366006
22862-done,NaCl,,5.258,-5e+18,300.0,124000.0,-244.0,1548.9,0.6304404078844111,22862,7.491600000000001,0.007382464,0.2726826128382786
22862-done,NaCl,,5.258,-1e+19,300.0,213000.0,-195.0,1326.6,1.1341974242736648,22862,7.491600000000001,0.008099325,0.2816896085644627
22862-done,NaCl,,5.258,-5e+19,300.0,695000.0,-93.2,867.1,4.255161245882477,22862,7.491600000000001,0.0060369368,0.1541770537504392
22862-done,NaCl,,5.258,-1e+20,300.0,1120000.0,-60.1,700.0,7.257238931281114,22862,7.491600000000001,0.0040454511999999,0.0822868407238447
22862-done,NaCl,,5.258,-5e+20,300.0,2680000.0,-20.8,334.5,19.65082311751919,22862,7.491600000000001,0.0011594752,0.0128154571349041
22862-done,NaCl,,5.258,-1e+21,300.0,3380000.0,-1.65,210.9,24.695761189447563,22862,7.491600000000001,9.20205e-06,8.576704948727052e-05
999490-done,NaDyS2,2.259,3.046,1e+21,300.0,107000.0,102.0,6.7,0.776450798204339,999490,4.394466666666666,0.001113228,0.0645859080654135
999490-done,NaDyS2,2.259,3.046,5e+20,300.0,58100.0,131.0,7.3,0.4188699311545926,999490,4.394466666666666,0.0009970540999999,0.0621432189336943
999490-done,NaDyS2,2.259,3.046,1e+20,300.0,14400.0,225.0,9.0,0.1003268716221575,999490,4.394466666666666,0.0007289999999999,0.0486562949192165
999490-done,NaDyS2,2.259,3.046,5e+19,300.0,7720.0,277.0,9.6,0.0526163155805931,999490,4.394466666666666,0.00059234788,0.0399597589497194
999490-done,NaDyS2,2.259,3.046,1e+19,300.0,1740.0,407.0,10.8,0.0114203518199568,999490,4.394466666666666,0.0002882292599999,0.0196257365740783
999490-done,NaDyS2,2.259,3.046,5e+18,300.0,910.0,464.0,11.4,0.0059119869659444,999490,4.394466666666666,0.00019591936,0.0133569887108417
999490-done,NaDyS2,2.259,3.046,1e+18,300.0,200.0,596.0,12.5,0.0012724542524925,999490,4.394466666666666,7.104319999999999e-05,0.0048485497919047
999490-done,NaDyS2,2.259,3.046,-1e+18,300.0,841.0,-521.0,52.5,0.0044700800804339,999490,4.394466666666666,0.0002282818809999,0.0155684357931749
999490-done,NaDyS2,2.259,3.046,-5e+18,300.0,3950.0,-387.0,49.3,0.0213544208739038,999490,4.394466666666666,0.0005915875499999,0.0401909999254106
999490-done,NaDyS2,2.259,3.046,-1e+19,300.0,7730.0,-328.0,48.2,0.0422648870999351,999490,4.394466666666666,0.00083162432,0.0562322270294211
999490-done,NaDyS2,2.259,3.046,-5e+19,300.0,36400.0,-198.0,45.4,0.2073283056299378,999490,4.394466666666666,0.0014270256,0.0930305853644638
999490-done,NaDyS2,2.259,3.046,-1e+20,300.0,69500.0,-150.0,43.4,0.4073463921804903,999490,4.394466666666666,0.0015637499999999,0.0976974726526734
999490-done,NaDyS2,2.259,3.046,-5e+20,300.0,290000.0,-64.6,36.2,1.9099505036617537,999490,4.394466666666666,0.0012102164,0.0575889745540247
999490-done,NaDyS2,2.259,3.046,-1e+21,300.0,518000.0,-42.7,32.3,3.517090558922335,999490,4.394466666666666,0.00094446422,0.0358133371118864
999474-done,NaHoSe2,1.848,2.778,1e+21,300.0,116000.0,70.8,7.2,0.8801148515675594,999474,3.103166666666666,0.00058146624,0.0437930061436703
999474-done,NaHoSe2,1.848,2.778,5e+20,300.0,70600.0,89.1,8.8,0.4808627070864655,999474,3.103166666666666,0.0005604799859999,0.0469147928952079
999474-done,NaHoSe2,1.848,2.778,1e+20,300.0,19300.0,172.0,12.0,0.1147557333594058,999474,3.103166666666666,0.0005709711999999,0.0532304197262749
999474-done,NaHoSe2,1.848,2.778,5e+19,300.0,10200.0,222.0,12.8,0.0594124579763502,999474,3.103166666666666,0.0005026968,0.0476854598909119
999474-done,NaHoSe2,1.848,2.778,1e+19,300.0,2230.0,351.0,13.9,0.0125264749099555,999474,3.103166666666666,0.0002747382299999,0.0264536542126425
999474-done,NaHoSe2,1.848,2.778,5e+18,300.0,1150.0,409.0,14.3,0.0063995571573212,999474,3.103166666666666,0.0001923731499999,0.0185594841357
999474-done,NaHoSe2,1.848,2.778,1e+18,300.0,241.0,544.0,15.1,0.0013369715469378,999474,3.103166666666666,7.132057599999999e-05,0.0068919786521209
999474-done,NaHoSe2,1.848,2.778,-1e+18,300.0,660.0,-508.0,41.2,0.003609618468582,999474,3.103166666666666,0.0001703222399999,0.0164468462838628
999474-done,NaHoSe2,1.848,2.778,-5e+18,300.0,3150.0,-373.0,39.3,0.0174164628512118,999474,3.103166666666666,0.0004382563499999,0.0421321591327973
999474-done,NaHoSe2,1.848,2.778,-1e+19,300.0,6170.0,-315.0,38.5,0.0344891553926757,999474,3.103166666666666,0.0006122182499999,0.0585358896628198
999474-done,NaHoSe2,1.848,2.778,-5e+19,300.0,28400.0,-189.0,35.5,0.167723386286685,999474,3.103166666666666,0.0010144763999999,0.093045903430833
999474-done,NaHoSe2,1.848,2.778,-1e+20,300.0,53300.0,-143.0,33.3,0.3278196330473419,999474,3.103166666666666,0.0010899317,0.0953018990566227
999474-done,NaHoSe2,1.848,2.778,-5e+20,300.0,223000.0,-64.5,27.9,1.4906181263400935,999474,3.103166666666666,0.0009277357499999,0.0605863656093914
999474-done,NaHoSe2,1.848,2.778,-1e+21,300.0,399000.0,-40.5,24.9,2.722788811274159,999474,3.103166666666666,0.0006544597499999,0.0337005536247876
23268-done,NaI,,3.69,1e+21,300.0,52600.0,135.0,3.3,0.320037563229121,23268,1.3059,0.000958635,0.1768767180880203
23268-done,NaI,,3.69,5e+20,300.0,26900.0,186.0,3.4,0.1585501944264529,23268,1.3059,0.0009306324,0.1906447355209261
23268-done,NaI,,3.69,1e+20,300.0,5340.0,320.0,3.3,0.0311907186443909,23268,1.3059,0.0005468159999999,0.1226878608253946
23268-done,NaI,,3.69,5e+19,300.0,2670.0,381.0,3.3,0.0156216445264824,23268,1.3059,0.00038757987,0.0879849085193473
23268-done,NaI,,3.69,1e+19,300.0,567.0,521.0,3.5,0.0032860620884443,23268,1.3059,0.0001539070469999,0.0352678014508611
23268-done,NaI,,3.69,5e+18,300.0,295.0,579.0,3.7,0.0016982137545432,23268,1.3059,9.889609499999998e-05,0.0226895602853502
23268-done,NaI,,3.69,1e+18,300.0,64.0,714.0,4.0,0.0003656122168185,23268,1.3059,3.2626944e-05,0.0074931798773979
23268-done,NaI,,3.69,-1e+18,300.0,1470.0,-327.0,91.9,0.0088854143309947,23268,1.3059,0.0001571856299999,0.0358656922156109
23268-done,NaI,,3.69,-5e+18,300.0,6340.0,-206.0,79.1,0.0399892119684316,23268,1.3059,0.00026904424,0.059970219897931
23268-done,NaI,,3.69,-1e+19,300.0,11700.0,-159.0,73.2,0.0763365688243684,23268,1.3059,0.0002957876999999,0.0641976286848225
23268-done,NaI,,3.69,-5e+19,300.0,48700.0,-77.0,60.8,0.3422014411145485,23268,1.3059,0.0002887423,0.0525590766678902
23268-done,NaI,,3.69,-1e+20,300.0,91800.0,-53.9,57.3,0.6491504495497393,23268,1.3059,0.0002666982779999,0.0409245108832852
23268-done,NaI,,3.69,-5e+20,300.0,289000.0,-20.4,36.1,2.1436388842154126,23268,1.3059,0.0001202702399999,0.0104596797459137
23268-done,NaI,,3.69,-1e+21,300.0,617000.0,-24.9,38.5,4.310516185859358,23268,1.3059,0.0003825461699999,0.0204336443743102
5077-done,NaLi2Sb,0.721,1.67,1e+21,300.0,433000.0,44.3,27.0,2.935640073579549,5077,3.1635000000000004,0.0008497581699999,0.0417972776366086
5077-done,NaLi2Sb,0.721,1.67,5e+20,300.0,261000.0,72.9,32.6,1.6369220843144727,5077,3.1635000000000004,0.00138706101,0.086683690661219
5077-done,NaLi2Sb,0.721,1.67,1e+20,300.0,65200.0,173.0,40.7,0.3976542146827095,5077,3.1635000000000004,0.0019513708,0.1643880620463831
5077-done,NaLi2Sb,0.721,1.67,5e+19,300.0,34200.0,219.0,42.7,0.218771852748011,5077,3.1635000000000004,0.0016402661999999,0.1454879682720262
5077-done,NaLi2Sb,0.721,1.67,1e+19,300.0,7530.0,340.0,47.0,0.0507916583871776,5077,3.1635000000000004,0.0008704679999999,0.08124352975828
5077-done,NaLi2Sb,0.721,1.67,5e+18,300.0,3930.0,396.0,49.1,0.0266033085732198,5077,3.1635000000000004,0.00061628688,0.0579561368759216
5077-done,NaLi2Sb,0.721,1.67,1e+18,300.0,862.0,530.0,53.8,0.0057611258292229,5077,3.1635000000000004,0.0002421358,0.0229204023007078
5077-done,NaLi2Sb,0.721,1.67,-1e+18,300.0,3060.0,-395.0,190.7,0.017112144328862,5077,3.1635000000000004,0.0004774365,0.0450325105673087
5077-done,NaLi2Sb,0.721,1.67,-5e+18,300.0,14100.0,-265.0,175.7,0.081252418794779,5077,3.1635000000000004,0.0009901724999999,0.0915483561332257
5077-done,NaLi2Sb,0.721,1.67,-1e+19,300.0,27000.0,-212.0,168.4,0.1587168460824743,5077,3.1635000000000004,0.001213488,0.1095793612717604
5077-done,NaLi2Sb,0.721,1.67,-5e+19,300.0,116000.0,-111.0,144.8,0.7350288760908961,5077,3.1635000000000004,0.001429236,0.1099827174885347
5077-done,NaLi2Sb,0.721,1.67,-1e+20,300.0,213000.0,-79.9,133.1,1.404070055872542,5077,3.1635000000000004,0.00135979413,0.0893118734928897
5077-done,NaLi2Sb,0.721,1.67,-5e+20,300.0,868000.0,-33.8,108.4,5.978764398853012,5077,3.1635000000000004,0.0009916379199999,0.0325402288777923
5077-done,NaLi2Sb,0.721,1.67,-1e+21,300.0,1470000.0,-19.8,91.6,10.320516638095718,5077,3.1635000000000004,0.0005762988,0.0128218204293477
999471-done,NaNdSe2,1.763,2.473,1e+21,300.0,145000.0,81.9,9.0,0.9188584554811372,999471,3.2149666666666668,0.00097260345,0.0705837877458154
999471-done,NaNdSe2,1.763,2.473,5e+20,300.0,75600.0,129.0,9.4,0.4458554858422789,999471,3.2149666666666668,0.0012580595999999,0.103096480592838
999471-done,NaNdSe2,1.763,2.473,1e+20,300.0,15600.0,256.0,9.7,0.0890715327537466,999471,3.2149666666666668,0.0010223616,0.0928283698577704
999471-done,NaNdSe2,1.763,2.473,5e+19,300.0,7900.0,314.0,9.9,0.0448590288490339,999471,3.2149666666666668,0.0007789084,0.071682519811242
999471-done,NaNdSe2,1.763,2.473,1e+19,300.0,1680.0,450.0,10.5,0.0094062925661659,999471,3.2149666666666668,0.0003402,0.0316526658951645
999471-done,NaNdSe2,1.763,2.473,5e+18,300.0,869.0,507.0,10.9,0.0048474215730993,999471,3.2149666666666668,0.0002233755809999,0.020812591181811
999471-done,NaNdSe2,1.763,2.473,1e+18,300.0,187.0,640.0,11.7,0.0010367475279955,999471,3.2149666666666668,7.659519999999998e-05,0.0071450670414646
999471-done,NaNdSe2,1.763,2.473,-1e+18,300.0,1080.0,-509.0,67.2,0.0057384259169971,999471,3.2149666666666668,0.00027980748,0.0260633127178561
999471-done,NaNdSe2,1.763,2.473,-5e+18,300.0,5150.0,-374.0,64.3,0.0276809754442777,999471,3.2149666666666668,0.0007203613999999,0.0666456685559843
999471-done,NaNdSe2,1.763,2.473,-1e+19,300.0,10100.0,-316.0,63.2,0.0548573970846541,999471,3.2149666666666668,0.0010085456,0.0925320977829254
999471-done,NaNdSe2,1.763,2.473,-5e+19,300.0,47600.0,-187.0,59.5,0.2711353437972181,999471,3.2149666666666668,0.0016645243999999,0.1432423143387941
999471-done,NaNdSe2,1.763,2.473,-1e+20,300.0,90300.0,-138.0,56.4,0.5385162751198044,999471,3.2149666666666668,0.0017196731999999,0.1374461981048531
999471-done,NaNdSe2,1.763,2.473,-5e+20,300.0,361000.0,-59.4,45.0,2.415786224729346,999471,3.2149666666666668,0.0012737379599999,0.0678632849585469
999471-done,NaNdSe2,1.763,2.473,-1e+21,300.0,618000.0,-37.6,38.6,4.252992149614122,999471,3.2149666666666668,0.00087370368,0.0350980917876214
999461-done,NaPrSe2,1.759,2.42,1e+21,300.0,107000.0,82.6,6.7,0.6921251006948902,999461,3.2479,0.0007300353199999,0.0555860915610268
999461-done,NaPrSe2,1.759,2.42,5e+20,300.0,54200.0,125.0,6.8,0.3380235761831472,999461,3.2479,0.000846875,0.0708499483054861
999461-done,NaPrSe2,1.759,2.42,1e+20,300.0,11200.0,251.0,7.0,0.064421537231244,999461,3.2479,0.0007056111999999,0.0639078536369736
999461-done,NaPrSe2,1.759,2.42,5e+19,300.0,5710.0,309.0,7.1,0.0321283560136418,999461,3.2479,0.0005451965099999,0.0498651033611033
999461-done,NaPrSe2,1.759,2.42,1e+19,300.0,1210.0,447.0,7.5,0.0065799925469553,999461,3.2479,0.0002417688899999,0.0222864074033552
999461-done,NaPrSe2,1.759,2.42,5e+18,300.0,624.0,505.0,7.8,0.0033666568022325,999461,3.2479,0.0001591356,0.0146837171599314
999461-done,NaPrSe2,1.759,2.42,1e+18,300.0,135.0,638.0,8.4,0.0007191469624723,999461,3.2479,5.4950940000000006e-05,0.0050745505256946
999461-done,NaPrSe2,1.759,2.42,-1e+18,300.0,713.0,-511.0,44.5,0.003939549447089,999461,3.2479,0.000186179273,0.0171760571364896
999461-done,NaPrSe2,1.759,2.42,-5e+18,300.0,3430.0,-376.0,42.9,0.0191134859616804,999461,3.2479,0.0004849196799999,0.0445287124234651
999461-done,NaPrSe2,1.759,2.42,-1e+19,300.0,6770.0,-318.0,42.3,0.0380105905286309,999461,3.2479,0.0006846094799999,0.0625040877837544
999461-done,NaPrSe2,1.759,2.42,-5e+19,300.0,32300.0,-190.0,40.4,0.1902172210989553,999461,3.2479,0.0011660299999999,0.1017443494518658
999461-done,NaPrSe2,1.759,2.42,-1e+20,300.0,62400.0,-142.0,38.9,0.3800190338393787,999461,3.2479,0.0012582335999999,0.1040458942107366
999461-done,NaPrSe2,1.759,2.42,-5e+20,300.0,270000.0,-59.8,33.8,1.795122023206274,999461,3.2479,0.0009655307999999,0.0574376313779826
999461-done,NaPrSe2,1.759,2.42,-1e+21,300.0,472000.0,-37.3,29.4,3.2320354431873213,999461,3.2479,0.00065668888,0.0304025658476463
1220883-done,NaSbTe2,0.715,1.054,1e+21,300.0,362000.0,118.0,22.6,2.1183119192638977,1220883,1.7456666666666667,0.005040488,0.3913444048334001
1220883-done,NaSbTe2,0.715,1.054,5e+20,300.0,186000.0,169.0,23.3,1.0249542990341902,1220883,1.7456666666666667,0.0053123459999999,0.5752153830240097
1220883-done,NaSbTe2,0.715,1.054,1e+20,300.0,39200.0,298.0,24.5,0.2064611338240344,1220883,1.7456666666666667,0.0034811167999999,0.5349726794206088
1220883-done,NaSbTe2,0.715,1.054,5e+19,300.0,19900.0,357.0,24.8,0.1040158425621481,1220883,1.7456666666666667,0.0025362351,0.4113519624063638
1220883-done,NaSbTe2,0.715,1.054,1e+19,300.0,4100.0,494.0,25.6,0.0212749848076791,1220883,1.7456666666666667,0.0010005475999999,0.1698778676418156
1220883-done,NaSbTe2,0.715,1.054,5e+18,300.0,2080.0,552.0,25.9,0.0107671541486679,1220883,1.7456666666666667,0.00063378432,0.1082507600040059
1220883-done,NaSbTe2,0.715,1.054,1e+18,300.0,425.0,688.0,26.6,0.0022108918892723,1220883,1.7456666666666667,0.0002011711999999,0.0345283682512813
1220883-done,NaSbTe2,0.715,1.054,-1e+18,300.0,5610.0,-266.0,350.4,0.0308790033503745,1220883,1.7456666666666667,0.00039694116,0.0670302767948868
1220883-done,NaSbTe2,0.715,1.054,-5e+18,300.0,24000.0,-151.0,299.1,0.1460468549851728,1220883,1.7456666666666667,0.0005472239999999,0.0867822733838787
1220883-done,NaSbTe2,0.715,1.054,-1e+19,300.0,43000.0,-113.0,268.6,0.2745661430439308,1220883,1.7456666666666667,0.000549067,0.0815352068376696
1220883-done,NaSbTe2,0.715,1.054,-5e+19,300.0,149000.0,-74.1,186.5,1.1761029513852774,1220883,1.7456666666666667,0.0008181306899999,0.0840036139343572
1220883-done,NaSbTe2,0.715,1.054,-1e+20,300.0,247000.0,-77.1,154.4,1.870840639463287,1220883,1.7456666666666667,0.0014682692699999,0.1217972877459305
1220883-done,NaSbTe2,0.715,1.054,-5e+20,300.0,684000.0,-36.6,85.4,4.722446342553109,1220883,1.7456666666666667,0.00091625904,0.0424973576695682
1220883-done,NaSbTe2,0.715,1.054,-1e+21,300.0,903000.0,-18.9,56.4,6.315929678036807,1220883,1.7456666666666667,0.00032256063,0.0120036013789722
999460-done,NaScS2,1.662,2.436,1e+21,300.0,155000.0,78.7,9.7,0.9852037652511828,999460,6.5507333333333335,0.00096002195,0.0382177533108784
999460-done,NaScS2,1.662,2.436,5e+20,300.0,83900.0,80.7,10.5,0.5219481634621499,999460,6.5507333333333335,0.0005463979109999,0.0231764110082207
999460-done,NaScS2,1.662,2.436,1e+20,300.0,19500.0,160.0,12.1,0.1209273102856945,999460,6.5507333333333335,0.0004991999999999,0.0224471848913965
999460-done,NaScS2,1.662,2.436,5e+19,300.0,10100.0,210.0,12.6,0.0614368614416894,999460,6.5507333333333335,0.0004454099999999,0.0202086449779468
999460-done,NaScS2,1.662,2.436,1e+19,300.0,2160.0,341.0,13.5,0.0127634802367544,999460,6.5507333333333335,0.00025116696,0.0114801743857349
999460-done,NaScS2,1.662,2.436,5e+18,300.0,1120.0,398.0,14.0,0.0065617687694199,999460,6.5507333333333335,0.0001774124799999,0.0081167223941015
999460-done,NaScS2,1.662,2.436,1e+18,300.0,243.0,530.0,15.2,0.0014032307950845,999460,6.5507333333333335,6.825869999999999e-05,0.0031253332099502
999460-done,NaScS2,1.662,2.436,-1e+18,300.0,434.0,-545.0,27.1,0.002203981598084,999460,6.5507333333333335,0.00012890885,0.0059015756051688
999460-done,NaScS2,1.662,2.436,-5e+18,300.0,2030.0,-411.0,25.4,0.0105154714176893,999460,6.5507333333333335,0.0003429096299999,0.0156788581047984
999460-done,NaScS2,1.662,2.436,-1e+19,300.0,3980.0,-352.0,24.9,0.0208016983325892,999460,6.5507333333333335,0.00049313792,0.0225124533746107
999460-done,NaScS2,1.662,2.436,-5e+19,300.0,18800.0,-220.0,23.5,0.1021888837844742,999460,6.5507333333333335,0.0009099199999999,0.041030992260455
999460-done,NaScS2,1.662,2.436,-1e+20,300.0,35500.0,-171.0,22.2,0.199023349048198,999460,6.5507333333333335,0.0010380554999999,0.0461374631196471
999460-done,NaScS2,1.662,2.436,-5e+20,300.0,144000.0,-81.4,18.0,0.8845407297715456,999460,6.5507333333333335,0.00095413824,0.0384977701656459
999460-done,NaScS2,1.662,2.436,-1e+21,300.0,255000.0,-55.2,15.9,1.6234958031697542,999460,6.5507333333333335,0.0007769952,0.0285162742697128
999126-done,NaTbS2,2.261,3.019,1e+21,300.0,136000.0,109.0,8.5,0.9382882842894772,999126,3.9769666666666654,0.001615816,0.0986204794739497
999126-done,NaTbS2,2.261,3.019,5e+20,300.0,72500.0,148.0,9.1,0.4867831240450694,999126,3.9769666666666654,0.00158804,0.1067291004955806
999126-done,NaTbS2,2.261,3.019,1e+20,300.0,17200.0,254.0,10.7,0.1191693781949277,999126,3.9769666666666654,0.0011096752,0.0812723396767083
999126-done,NaTbS2,2.261,3.019,5e+19,300.0,9110.0,307.0,11.4,0.063110736534687,999126,3.9769666666666654,0.0008586083899999,0.0637568272320381
999126-done,NaTbS2,2.261,3.019,1e+19,300.0,2090.0,437.0,13.1,0.014040207713275,999126,3.9769666666666654,0.00039912521,0.0300018433364895
999126-done,NaTbS2,2.261,3.019,5e+18,300.0,1110.0,494.0,13.8,0.0073128318253573,999126,3.9769666666666654,0.0002708799599999,0.0203961564520578
999126-done,NaTbS2,2.261,3.019,1e+18,300.0,246.0,626.0,15.3,0.0015790635532531,999126,3.9769666666666654,9.640149599999998e-05,0.0072691005108546
999126-done,NaTbS2,2.261,3.019,-1e+18,300.0,1370.0,-527.0,85.4,0.0073348089671347,999126,3.9769666666666654,0.00038048873,0.0286490918666846
999126-done,NaTbS2,2.261,3.019,-5e+18,300.0,6320.0,-394.0,78.9,0.0345521758903532,999126,3.9769666666666654,0.0009810915199999,0.0733705779660155
999126-done,NaTbS2,2.261,3.019,-1e+19,300.0,12300.0,-336.0,76.6,0.0679303032794147,999126,3.9769666666666654,0.0013886208,0.1029905688810544
999126-done,NaTbS2,2.261,3.019,-5e+19,300.0,57600.0,-205.0,71.9,0.3320001344584594,999126,3.9769666666666654,0.00242064,0.1685304235368864
999126-done,NaTbS2,2.261,3.019,-1e+20,300.0,110000.0,-156.0,68.9,0.6525164947201217,999126,3.9769666666666654,0.00267696,0.1734724961737263
999126-done,NaTbS2,2.261,3.019,-5e+20,300.0,465000.0,-65.6,58.1,3.0453830794178,999126,3.9769666666666654,0.0020010623999999,0.0854868728711065
999126-done,NaTbS2,2.261,3.019,-1e+21,300.0,818000.0,-43.2,51.0,5.544971350199031,999126,3.9769666666666654,0.00152658432,0.0480968575082943
10226-done,NaYS2,2.269,3.078,1e+21,300.0,113000.0,104.0,7.1,0.8126631745605842,10226,5.714833333333334,0.0012222079999999,0.0561719794957458
10226-done,NaYS2,2.269,3.078,5e+20,300.0,61200.0,133.0,7.6,0.4397058356069798,10226,5.714833333333334,0.0010825668,0.0527691889002826
10226-done,NaYS2,2.269,3.078,1e+20,300.0,15300.0,226.0,9.6,0.1078247157577027,10226,5.714833333333334,0.0007814627999999,0.0402631990447331
10226-done,NaYS2,2.269,3.078,5e+19,300.0,8250.0,277.0,10.3,0.0569370393840243,10226,5.714833333333334,0.00063301425,0.0329022574941062
10226-done,NaYS2,2.269,3.078,1e+19,300.0,1890.0,407.0,11.8,0.01250025825844,10226,5.714833333333334,0.0003130766099999,0.0163990767253119
10226-done,NaYS2,2.269,3.078,5e+18,300.0,995.0,463.0,12.4,0.0064942676558172,10226,5.714833333333334,0.000213297155,0.0111843178651292
10226-done,NaYS2,2.269,3.078,1e+18,300.0,221.0,595.0,13.8,0.0014026534373356,10226,5.714833333333334,7.823952499999998e-05,0.0041061736349447
10226-done,NaYS2,2.269,3.078,-1e+18,300.0,1020.0,-525.0,63.8,0.0052169945425032,10226,5.714833333333334,0.0002811374999999,0.0147448440425331
10226-done,NaYS2,2.269,3.078,-5e+18,300.0,4790.0,-391.0,59.7,0.024870228003547,10226,5.714833333333334,0.0007322999899999,0.0382754953548159
10226-done,NaYS2,2.269,3.078,-1e+19,300.0,9380.0,-332.0,58.6,0.0492480558017286,10226,5.714833333333334,0.00103390112,0.0538108876437192
10226-done,NaYS2,2.269,3.078,-5e+19,300.0,44700.0,-200.0,55.8,0.2429962749519216,10226,5.714833333333334,0.0017879999999999,0.0900327863109789
10226-done,NaYS2,2.269,3.078,-1e+20,300.0,85300.0,-150.0,53.2,0.4770344414748871,10226,5.714833333333334,0.0019192499999999,0.0929889043080871
10226-done,NaYS2,2.269,3.078,-5e+20,300.0,335000.0,-62.2,41.8,2.181927978399521,10226,5.714833333333334,0.0012960613999999,0.0492377070359555
10226-done,NaYS2,2.269,3.078,-1e+21,300.0,574000.0,-42.9,35.9,3.865428862134724,10226,5.714833333333334,0.0010563953399999,0.0330803683170475
1008858-done,NdBiPd,,0.1,1e+21,300.0,4330000.0,26.2,270.0,30.68363095198852,1008858,1.9602,0.0029722851999999,0.0273155917671376
1008858-done,NdBiPd,,0.1,5e+20,300.0,3060000.0,42.2,381.5,21.353639046865823,1008858,1.9602,0.0054493704,0.0701219184328106
1008858-done,NdBiPd,,0.1,1e+20,300.0,1150000.0,105.0,715.8,8.135642818448439,1008858,1.9602,0.0126787499999999,0.3767516064185836
1008858-done,NdBiPd,,0.1,5e+19,300.0,707000.0,140.0,882.4,4.890698986578486,1008858,1.9602,0.0138571999999999,0.6068050350974686
1008858-done,NdBiPd,,0.1,1e+19,300.0,229000.0,248.0,1412.8,1.91024356327934,1008858,1.9602,0.014084416,1.0916900688302449
1008858-done,NdBiPd,,0.1,5e+18,300.0,143000.0,276.0,1682.4,2.232964462833278,1008858,1.9602,0.0108931679999999,0.7793518305723334
1008858-done,NdBiPd,,0.1,1e+18,300.0,92600.0,95.4,2591.6,6.102294653004158,1008858,1.9602,0.000842767416,0.031358808369044
1008858-done,NdBiPd,,0.1,-1e+18,300.0,109000.0,-271.0,3578.2,5.728559456439121,1008858,1.9602,0.0080050689999999,0.3123417650930363
1008858-done,NdBiPd,,0.1,-5e+18,300.0,181000.0,-377.0,2141.8,3.018583813814948,1008858,1.9602,0.0257253489999999,1.5500983751464448
1008858-done,NdBiPd,,0.1,-1e+19,300.0,285000.0,-352.0,1757.1,3.279742752425758,1008858,1.9602,0.03531264,2.021738118244852
1008858-done,NdBiPd,,0.1,-5e+19,300.0,921000.0,-258.0,1148.8,7.296766188674637,1008858,1.9602,0.0613054439999999,1.9867884169762955
1008858-done,NdBiPd,,0.1,-1e+20,300.0,1570000.0,-212.0,982.6,11.235868756617796,1008858,1.9602,0.07056208,1.6041613900642937
1008858-done,NdBiPd,,0.1,-5e+20,300.0,5370000.0,-102.0,669.9,36.09472900684295,1008858,1.9602,0.05586948,0.4404381886242937
1008858-done,NdBiPd,,0.1,-1e+21,300.0,8870000.0,-67.0,553.4,62.06144288060148,1008858,1.9602,0.03981743,0.1865811069902956
568588-done,NdTlSe2,1.169,1.842,1e+21,300.0,350000.0,15.4,21.8,2.59463614833801,568588,1.7355999999999998,8.300599999999997e-05,0.0057506794426344
568588-done,NdTlSe2,1.169,1.842,5e+20,300.0,240000.0,23.4,29.9,1.7226586888894442,568588,1.7355999999999998,0.0001314143999999,0.0114000494314178
568588-done,NdTlSe2,1.169,1.842,1e+20,300.0,68500.0,54.6,42.8,0.4796955064460327,568588,1.7355999999999998,0.00020420946,0.027654476715065
568588-done,NdTlSe2,1.169,1.842,5e+19,300.0,37100.0,75.3,46.3,0.2536684542086853,568588,1.7355999999999998,0.0002103603389999,0.031724276110875
568588-done,NdTlSe2,1.169,1.842,1e+19,300.0,8930.0,154.0,55.7,0.0542819762593013,568588,1.7355999999999998,0.00021178388,0.0354968455142405
568588-done,NdTlSe2,1.169,1.842,5e+18,300.0,4740.0,200.0,59.2,0.0276797899840483,568588,1.7355999999999998,0.0001895999999999,0.0322580683582181
568588-done,NdTlSe2,1.169,1.842,1e+18,300.0,1030.0,325.0,64.2,0.0057500870801473,568588,1.7355999999999998,0.00010879375,0.0187430001825346
568588-done,NdTlSe2,1.169,1.842,-1e+18,300.0,272.0,-587.0,17.0,0.0016062093057058,568588,1.7355999999999998,9.3722768e-05,0.0161850851380719
568588-done,NdTlSe2,1.169,1.842,-5e+18,300.0,1310.0,-451.0,16.4,0.007813190867287,568588,1.7355999999999998,0.0002664553099999,0.045850629913041
568588-done,NdTlSe2,1.169,1.842,-1e+19,300.0,2590.0,-393.0,16.1,0.0154843207280465,568588,1.7355999999999998,0.0004000229099999,0.0685328922082261
568588-done,NdTlSe2,1.169,1.842,-5e+19,300.0,12300.0,-259.0,15.3,0.0754941383437511,568588,1.7355999999999998,0.0008250963,0.136673674084311
568588-done,NdTlSe2,1.169,1.842,-1e+20,300.0,23500.0,-206.0,14.7,0.1471493029562738,568588,1.7355999999999998,0.000997246,0.158902621570615
568588-done,NdTlSe2,1.169,1.842,-5e+20,300.0,102000.0,-103.0,12.7,0.6560378095608486,568588,1.7355999999999998,0.001082118,0.1357376935179033
568588-done,NdTlSe2,1.169,1.842,-1e+21,300.0,192000.0,-67.3,12.0,1.2565090820764384,568588,1.7355999999999998,0.0008696236799999,0.0871917088727667
1206667-done,PrNiBi,0.323,0.559,1e+21,300.0,1130000.0,31.6,70.4,7.56597491306261,1206667,4.1028,0.0011283728,0.0290100582556488
1206667-done,PrNiBi,0.323,0.559,5e+20,300.0,782000.0,58.7,97.7,5.16642716013861,1206667,4.1028,0.0026945295799999,0.0872088751342978
1206667-done,PrNiBi,0.323,0.559,1e+20,300.0,264000.0,134.0,164.6,1.8821336770209949,1206667,4.1028,0.004740384,0.2376158662309285
1206667-done,PrNiBi,0.323,0.559,5e+19,300.0,157000.0,174.0,195.8,1.0991126017486064,1206667,4.1028,0.004753332,0.2741298651424199
1206667-done,PrNiBi,0.323,0.559,1e+19,300.0,43600.0,297.0,271.9,0.2835620479020975,1206667,4.1028,0.0038459124,0.2630365910063956
1206667-done,PrNiBi,0.323,0.559,5e+18,300.0,24600.0,354.0,306.5,0.1606924600574806,1206667,4.1028,0.0030827735999999,0.2169188965769863
1206667-done,PrNiBi,0.323,0.559,1e+18,300.0,6500.0,473.0,398.7,0.0735657111954329,1206667,4.1028,0.0014542385,0.1044620083989538
1206667-done,PrNiBi,0.323,0.559,-1e+18,300.0,5350.0,-616.0,326.9,0.0749714531716913,1206667,4.1028,0.0020300896,0.1457779313269129
1206667-done,PrNiBi,0.323,0.559,-5e+18,300.0,20800.0,-507.0,259.9,0.1407187852833463,1206667,4.1028,0.0053466192,0.377984837857363
1206667-done,PrNiBi,0.323,0.559,-1e+19,300.0,37300.0,-451.0,232.7,0.2480479430357226,1206667,4.1028,0.0075868572999999,0.5231295645813568
1206667-done,PrNiBi,0.323,0.559,-5e+19,300.0,153000.0,-312.0,191.3,1.0541949366284535,1206667,4.1028,0.014893632,0.8664134161281827
1206667-done,PrNiBi,0.323,0.559,-1e+20,300.0,294000.0,-253.0,183.4,2.034375914960236,1206667,4.1028,0.0188186459999999,0.9199009248273354
1206667-done,PrNiBi,0.323,0.559,-5e+20,300.0,1380000.0,-131.0,171.8,9.35962446688263,1206667,4.1028,0.0236821799999999,0.5277395626231601
1206667-done,PrNiBi,0.323,0.559,-1e+21,300.0,2820000.0,-86.4,176.2,18.59504548016272,1206667,4.1028,0.0210511871999999,0.2782359306093353
999289-done,PrTlSe2,1.218,1.876,1e+21,300.0,375000.0,17.0,23.4,2.7609374897870502,999289,1.7061000000000002,0.0001083749999999,0.0072783136641013
999289-done,PrTlSe2,1.218,1.876,5e+20,300.0,250000.0,22.8,31.2,1.7938275307852634,999289,1.7061000000000002,0.0001299599999999,0.0111396592235218
999289-done,PrTlSe2,1.218,1.876,1e+20,300.0,74900.0,53.6,46.8,0.5149158146712527,999289,1.7061000000000002,0.000215184704,0.0290657143337609
999289-done,PrTlSe2,1.218,1.876,5e+19,300.0,40900.0,75.3,51.0,0.2782278050705495,999289,1.7061000000000002,0.0002319066809999,0.0350607415378612
999289-done,PrTlSe2,1.218,1.876,1e+19,300.0,9930.0,154.0,62.0,0.0601127626017652,999289,1.7061000000000002,0.00023549988,0.0400008229449815
999289-done,PrTlSe2,1.218,1.876,5e+18,300.0,5280.0,201.0,65.9,0.0306776593923049,999289,1.7061000000000002,0.0002133172799999,0.0368470792181664
999289-done,PrTlSe2,1.218,1.876,1e+18,300.0,1150.0,326.0,71.5,0.0063502525538917,999289,1.7061000000000002,0.0001222174,0.0214109694254292
999289-done,PrTlSe2,1.218,1.876,-1e+18,300.0,242.0,-602.0,15.1,0.0013540329637858,999289,1.7061000000000002,8.7701768e-05,0.0154092174032529
999289-done,PrTlSe2,1.218,1.876,-5e+18,300.0,1170.0,-465.0,14.7,0.0065993390150825,999289,1.7061000000000002,0.0002529832499999,0.0443130754307494
999289-done,PrTlSe2,1.218,1.876,-1e+19,300.0,2320.0,-406.0,14.5,0.0130820324015488,999289,1.7061000000000002,0.00038241952,0.0667328146977768
999289-done,PrTlSe2,1.218,1.876,-5e+19,300.0,11200.0,-270.0,14.0,0.0646297474117608,999289,1.7061000000000002,0.00081648,0.1383294093059822
999289-done,PrTlSe2,1.218,1.876,-1e+20,300.0,21800.0,-214.0,13.6,0.1284721510472776,999289,1.7061000000000002,0.0009983528,0.1632565063352918
999289-done,PrTlSe2,1.218,1.876,-5e+20,300.0,98500.0,-101.0,12.3,0.6180122477853891,999289,1.7061000000000002,0.0010047985,0.1297009429244379
999289-done,PrTlSe2,1.218,1.876,-1e+21,300.0,185000.0,-64.6,11.5,1.1960861675450116,999289,1.7061000000000002,0.0007720346,0.0798054868395715
762-done,PtS2,1.008,1.204,1e+21,300.0,205000.0,135.0,12.8,1.8224822044344664,762,10.152936666666667,0.003736125,0.0935948472503776
762-done,PtS2,1.008,1.204,5e+20,300.0,118000.0,158.0,14.7,1.0054465508086818,762,10.152936666666667,0.002945752,0.0791983554226728
762-done,PtS2,1.008,1.204,1e+20,300.0,28100.0,272.0,17.5,0.2160080545741569,762,10.152936666666667,0.0020789503999999,0.0601493340708383
762-done,PtS2,1.008,1.204,5e+19,300.0,14400.0,335.0,17.9,0.1097640452923336,762,10.152936666666667,0.00161604,0.0472401966701664
762-done,PtS2,1.008,1.204,1e+19,300.0,3340.0,480.0,20.9,0.0247954860548368,762,10.152936666666667,0.0007695359999999,0.0226829313776191
762-done,PtS2,1.008,1.204,5e+18,300.0,1850.0,538.0,23.1,0.0134106630666922,762,10.152936666666667,0.0005354714,0.0158012917314141
762-done,PtS2,1.008,1.204,1e+18,300.0,464.0,666.0,28.9,0.0031815263756875,762,10.152936666666667,0.0002058099839999,0.0060793891944136
762-done,PtS2,1.008,1.204,-1e+18,300.0,3330.0,-531.0,207.9,0.0161386250447308,762,10.152936666666667,0.00093893013,0.0276995725687654
762-done,PtS2,1.008,1.204,-5e+18,300.0,12100.0,-399.0,151.6,0.063618849138552,762,10.152936666666667,0.0019263321,0.056565016370339
762-done,PtS2,1.008,1.204,-1e+19,300.0,21700.0,-338.0,135.5,0.1165988920000337,762,10.152936666666667,0.0024790947999999,0.0724208447160319
762-done,PtS2,1.008,1.204,-5e+19,300.0,90200.0,-195.0,112.6,0.5001522215464874,762,10.152936666666667,0.003429855,0.0965876198722478
762-done,PtS2,1.008,1.204,-1e+20,300.0,159000.0,-142.0,99.0,0.9018877567684616,762,10.152936666666667,0.0032060759999999,0.08700480108585
762-done,PtS2,1.008,1.204,-5e+20,300.0,461000.0,-55.1,57.5,3.10591702673274,762,10.152936666666667,0.00139960061,0.0316679098140306
762-done,PtS2,1.008,1.204,-1e+21,300.0,749000.0,-38.4,46.7,5.565979146707794,762,10.152936666666667,0.0011044454399999,0.021078656819197
9367-done,RbErS2,2.327,3.025,1e+21,300.0,167000.0,76.6,10.4,0.9597585157046304,9367,4.881566666666667,0.0009798825199999,0.0503250113325542
9367-done,RbErS2,2.327,3.025,5e+20,300.0,88700.0,92.4,11.1,0.5497366908744219,9367,4.881566666666667,0.000757299312,0.0418297006527095
9367-done,RbErS2,2.327,3.025,1e+20,300.0,21700.0,173.0,13.5,0.1413986120100412,9367,4.881566666666667,0.0006494593,0.0387893961415814
9367-done,RbErS2,2.327,3.025,5e+19,300.0,11700.0,222.0,14.6,0.0741516385967081,9367,4.881566666666667,0.0005766228,0.0349065119008628
9367-done,RbErS2,2.327,3.025,1e+19,300.0,2650.0,350.0,16.5,0.0162047119867052,9367,4.881566666666667,0.000324625,0.0198840436743244
9367-done,RbErS2,2.327,3.025,5e+18,300.0,1390.0,407.0,17.3,0.0083937987225672,9367,4.881566666666667,0.0002302521099999,0.0141260105248052
9367-done,RbErS2,2.327,3.025,1e+18,300.0,300.0,540.0,18.7,0.0017919252514709,9367,4.881566666666667,8.748e-05,0.005374170154826
9367-done,RbErS2,2.327,3.025,-1e+18,300.0,1010.0,-521.0,62.8,0.0053374564501353,9367,4.881566666666667,0.00027415541,0.0168300054447444
9367-done,RbErS2,2.327,3.025,-5e+18,300.0,4810.0,-385.0,60.0,0.0258740740180781,9367,4.881566666666667,0.00071296225,0.0435845660298601
9367-done,RbErS2,2.327,3.025,-1e+19,300.0,9470.0,-326.0,59.1,0.0514203629802286,9367,4.881566666666667,0.00100643372,0.0612063470237042
9367-done,RbErS2,2.327,3.025,-5e+19,300.0,44300.0,-196.0,55.3,0.2511321690921234,9367,4.881566666666667,0.0017018288,0.0994698220832828
9367-done,RbErS2,2.327,3.025,-1e+20,300.0,83600.0,-148.0,52.2,0.4876578302271395,9367,4.881566666666667,0.0018311744,0.1023150215301688
9367-done,RbErS2,2.327,3.025,-5e+20,300.0,329000.0,-62.4,41.1,2.2107061970050235,9367,4.881566666666667,0.0012810470399999,0.0541877222418384
9367-done,RbErS2,2.327,3.025,-1e+21,300.0,575000.0,-43.0,35.9,3.94888332656797,9367,4.881566666666667,0.0010631749999999,0.0361196202055764
24721-done,RbH,2.953,2.954,1e+21,300.0,64500.0,66.9,4.0,0.3256253038004186,24721,5.8248,0.0002886768449999,0.014080823556455
24721-done,RbH,2.953,2.954,5e+20,300.0,39700.0,92.6,5.0,0.1925173301363929,24721,5.8248,0.0003404179719999,0.0169719138940035
24721-done,RbH,2.953,2.954,1e+20,300.0,11400.0,189.0,7.1,0.0443117152328483,24721,5.8248,0.0004072193999999,0.0208150442396415
24721-done,RbH,2.953,2.954,5e+19,300.0,5900.0,245.0,7.4,0.0219941737474526,24721,5.8248,0.0003541475,0.0181713682477561
24721-done,RbH,2.953,2.954,1e+19,300.0,1210.0,386.0,7.6,0.0043073325695153,24721,5.8248,0.0001802851599999,0.009278530127207
24721-done,RbH,2.953,2.954,5e+18,300.0,640.0,444.0,8.0,0.0021910804060025,24721,5.8248,0.00012616704,0.0064956529841406
24721-done,RbH,2.953,2.954,1e+18,300.0,153.0,576.0,9.5,0.0004760676655837,24721,5.8248,5.0761728e-05,0.0026142140257573
24721-done,RbH,2.953,2.954,-1e+18,300.0,594.0,-467.0,37.1,0.0018945036954306,24721,5.8248,0.0001295448659999,0.006669898306033
24721-done,RbH,2.953,2.954,-5e+18,300.0,2480.0,-334.0,30.9,0.0088241803189939,24721,5.8248,0.00027665888,0.0142274615975452
24721-done,RbH,2.953,2.954,-1e+19,300.0,4710.0,-276.0,29.4,0.0175309758975695,24721,5.8248,0.00035878896,0.0184235861412256
24721-done,RbH,2.953,2.954,-5e+19,300.0,20100.0,-150.0,25.0,0.0875541118938425,24721,5.8248,0.0004522499999999,0.0229477121011803
24721-done,RbH,2.953,2.954,-1e+20,300.0,34600.0,-110.0,21.6,0.1682697722450059,24721,5.8248,0.0004186599999999,0.0209572063688691
24721-done,RbH,2.953,2.954,-5e+20,300.0,126000.0,-50.5,15.7,0.7111664211552741,24721,5.8248,0.0003213315,0.0147490736317095
24721-done,RbH,2.953,2.954,-1e+21,300.0,217000.0,-33.7,13.6,1.284877060368115,24721,5.8248,0.00024644473,0.0103989841412251
9366-done,RbHoS2,2.316,2.987,1e+21,300.0,118000.0,77.9,7.4,0.7203664619982496,9366,4.349033333333334,0.0007160723799999,0.0423761633867977
9366-done,RbHoS2,2.316,2.987,5e+20,300.0,69300.0,79.7,8.6,0.418015273469939,9366,4.349033333333334,0.000440199837,0.0277026651063576
9366-done,RbHoS2,2.316,2.987,1e+20,300.0,17700.0,165.0,11.1,0.1051776180473269,9366,4.349033333333334,0.0004818825,0.032455748409309
9366-done,RbHoS2,2.316,2.987,5e+19,300.0,9380.0,218.0,11.7,0.0542299084755298,9366,4.349033333333334,0.00044577512,0.0303712334820714
9366-done,RbHoS2,2.316,2.987,1e+19,300.0,2070.0,349.0,12.9,0.0115728628311011,9366,4.349033333333334,0.00025212807,0.0173458500028117
9366-done,RbHoS2,2.316,2.987,5e+18,300.0,1080.0,407.0,13.4,0.005974312428342,9366,4.349033333333334,0.0001789009199999,0.0123238075258495
9366-done,RbHoS2,2.316,2.987,1e+18,300.0,232.0,539.0,14.5,0.0012737314978674,9366,4.349033333333334,6.7400872e-05,0.0046480078989055
9366-done,RbHoS2,2.316,2.987,-1e+18,300.0,895.0,-511.0,55.8,0.0046595206388195,9366,4.349033333333334,0.0002337032949999,0.0161037975924285
9366-done,RbHoS2,2.316,2.987,-5e+18,300.0,4250.0,-376.0,53.1,0.0224284195058906,9366,4.349033333333334,0.000600848,0.0412343536765308
9366-done,RbHoS2,2.316,2.987,-1e+19,300.0,8360.0,-317.0,52.2,0.0445119036680183,9366,4.349033333333334,0.00084008804,0.0573628808638399
9366-done,RbHoS2,2.316,2.987,-5e+19,300.0,39000.0,-189.0,48.6,0.2190337900487739,9366,4.349033333333334,0.0013931189999999,0.09149070902674
9366-done,RbHoS2,2.316,2.987,-1e+20,300.0,73300.0,-142.0,45.7,0.4296597429472319,9366,4.349033333333334,0.0014780211999999,0.092788206507937
9366-done,RbHoS2,2.316,2.987,-5e+20,300.0,294000.0,-62.0,36.7,1.9336660465848865,9366,4.349033333333334,0.001130136,0.0539641926977593
9366-done,RbHoS2,2.316,2.987,-1e+21,300.0,510000.0,-40.0,31.8,3.466304982002438,9366,4.349033333333334,0.0008159999999999,0.0313230202100921
22903-done,RbI,,3.781,1e+21,300.0,114000.0,115.0,7.1,0.5555262010987286,22903,1.9857,0.0015076499999999,0.1779829752284212
22903-done,RbI,,3.781,5e+20,300.0,68300.0,164.0,8.5,0.308612076333294,22903,1.9857,0.0018369968,0.2402023010229503
22903-done,RbI,,3.781,1e+20,300.0,17300.0,292.0,10.8,0.0702080713880767,22903,1.9857,0.0014750672,0.2152431648858822
22903-done,RbI,,3.781,5e+19,300.0,9240.0,349.0,11.5,0.0365913227576443,22903,1.9857,0.00112544124,0.1669553581130914
22903-done,RbI,,3.781,1e+19,300.0,2080.0,480.0,13.0,0.0080099503809055,22903,1.9857,0.0004792319999999,0.0721115927482341
22903-done,RbI,,3.781,5e+18,300.0,1080.0,538.0,13.4,0.0041293194140838,22903,1.9857,0.00031259952,0.0471295980439236
22903-done,RbI,,3.781,1e+18,300.0,226.0,672.0,14.1,0.0008663032177987,22903,1.9857,0.000102057984,0.0154122191393292
22903-done,RbI,,3.781,-1e+18,300.0,18900.0,-360.0,1177.1,0.0938996772642384,22903,1.9857,0.0024494399999999,0.3533526226387275
22903-done,RbI,,3.781,-5e+18,300.0,73800.0,-237.0,920.9,0.3930980998109705,22903,1.9857,0.0041452721999999,0.5227773051015933
22903-done,RbI,,3.781,-1e+19,300.0,128000.0,-187.0,798.1,0.7110402046267171,22903,1.9857,0.004476032,0.4979380652597463
22903-done,RbI,,3.781,-5e+19,300.0,426000.0,-86.7,531.2,2.7083632320104862,22903,1.9857,0.0032021951399999,0.2046539414827004
22903-done,RbI,,3.781,-1e+20,300.0,691000.0,-59.1,431.1,4.801287111616448,22903,1.9857,0.00241353171,0.1066834960922081
22903-done,RbI,,3.781,-5e+20,300.0,1270000.0,-6.26,159.1,9.351395675384358,22903,1.9857,4.976825199999999e-05,0.0013169577136424
22903-done,RbI,,3.781,-1e+21,300.0,1430000.0,-7.25,89.0,10.354448195740572,22903,1.9857,7.516437499999999e-05,0.0018273129416535
999269-done,RbSmTe2,1.299,2.049,1e+21,300.0,176000.0,59.2,11.0,1.1502084355750688,999269,1.9413333333333327,0.00061681664,0.0598552456450678
999269-done,RbSmTe2,1.299,2.049,5e+20,300.0,101000.0,53.3,12.6,0.6567175893921522,999269,1.9413333333333327,0.0002869298899999,0.0331321323408352
999269-done,RbSmTe2,1.299,2.049,1e+20,300.0,25700.0,121.0,16.1,0.1662128668540542,999269,1.9413333333333327,0.0003762737,0.0535609183751053
999269-done,RbSmTe2,1.299,2.049,5e+19,300.0,13900.0,169.0,17.3,0.0852163059231369,999269,1.9413333333333327,0.0003969978999999,0.058769530088425
999269-done,RbSmTe2,1.299,2.049,1e+19,300.0,3030.0,297.0,18.9,0.0175680010366972,999269,1.9413333333333327,0.00026727327,0.0409321182201277
999269-done,RbSmTe2,1.299,2.049,5e+18,300.0,1550.0,354.0,19.4,0.0089344739197467,999269,1.9413333333333327,0.0001942397999999,0.0298789426679021
999269-done,RbSmTe2,1.299,2.049,1e+18,300.0,327.0,490.0,20.4,0.0018546150307228,999269,1.9413333333333327,7.851269999999999e-05,0.0121212207083878
999269-done,RbSmTe2,1.299,2.049,-1e+18,300.0,426.0,-539.0,26.6,0.0023427922573915,999269,1.9413333333333327,0.0001237619459999,0.019102248214674
999269-done,RbSmTe2,1.299,2.049,-5e+18,300.0,2070.0,-402.0,25.8,0.0114599489399294,999269,1.9413333333333327,0.0003345202799999,0.0513910432358435
999269-done,RbSmTe2,1.299,2.049,-1e+19,300.0,4080.0,-343.0,25.5,0.0227961723012143,999269,1.9413333333333327,0.0004800079199999,0.0733161309307084
999269-done,RbSmTe2,1.299,2.049,-5e+19,300.0,19600.0,-211.0,24.5,0.1129820618621558,999269,1.9413333333333327,0.0008726115999999,0.1274310072407643
999269-done,RbSmTe2,1.299,2.049,-1e+20,300.0,37900.0,-161.0,23.7,0.2249266761504351,999269,1.9413333333333327,0.0009824058999999,0.1360509674322076
999269-done,RbSmTe2,1.299,2.049,-5e+20,300.0,163000.0,-67.1,20.3,1.0755592430893477,999269,1.9413333333333327,0.0007338928299999,0.072978352202728
999269-done,RbSmTe2,1.299,2.049,-1e+21,300.0,278000.0,-42.3,17.4,1.9875035371468908,999269,1.9413333333333327,0.00049742262,0.0379824337124386
999265-done,RbYS2,2.329,2.974,1e+21,300.0,133000.0,84.4,8.3,0.8722707022510435,999265,4.312366666666667,0.00094740688,0.0548200469533187
999265-done,RbYS2,2.329,2.974,5e+20,300.0,82200.0,83.6,10.3,0.5029326447698524,999265,4.312366666666667,0.0005744925119999,0.035791701087124
999265-done,RbYS2,2.329,2.974,1e+20,300.0,23200.0,166.0,14.5,0.1309327020836689,999265,4.312366666666667,0.0006392991999999,0.0431638168134303
999265-done,RbYS2,2.329,2.974,5e+19,300.0,12500.0,220.0,15.6,0.0680822173652003,999265,4.312366666666667,0.0006049999999999,0.0414341097921711
999265-done,RbYS2,2.329,2.974,1e+19,300.0,2830.0,351.0,17.7,0.0148542983240034,999265,4.312366666666667,0.0003486588299999,0.0241720147517808
999265-done,RbYS2,2.329,2.974,5e+18,300.0,1490.0,408.0,18.5,0.0077369078092024,999265,4.312366666666667,0.00024803136,0.0172239870450392
999265-done,RbYS2,2.329,2.974,1e+18,300.0,325.0,540.0,20.3,0.0016753091980539,999265,4.312366666666667,9.477e-05,0.0065903392129839
999265-done,RbYS2,2.329,2.974,-1e+18,300.0,1090.0,-519.0,67.9,0.0056416086379819,999265,4.312366666666667,0.0002936034899999,0.0203985359416097
999265-done,RbYS2,2.329,2.974,-5e+18,300.0,5070.0,-385.0,63.3,0.0267134545795972,999265,4.312366666666667,0.0007515007499999,0.0519580691529652
999265-done,RbYS2,2.329,2.974,-1e+19,300.0,9900.0,-327.0,61.8,0.0526837147226476,999265,4.312366666666667,0.0010585971,0.0727549746857493
999265-done,RbYS2,2.329,2.974,-5e+19,300.0,46100.0,-197.0,57.5,0.2580457987094691,999265,4.312366666666667,0.0017890948999999,0.1174354555668748
999265-done,RbYS2,2.329,2.974,-1e+20,300.0,86600.0,-148.0,54.0,0.5054074083284463,999265,4.312366666666667,0.0018968863999999,0.1181180169808081
999265-done,RbYS2,2.329,2.974,-5e+20,300.0,341000.0,-66.2,42.6,2.2437003637925588,999265,4.312366666666667,0.00149441204,0.0683830122415018
999265-done,RbYS2,2.329,2.974,-1e+21,300.0,592000.0,-43.3,37.0,4.001384657280684,999265,4.312366666666667,0.0011099348799999,0.0400517709786238
6980-done,ScCuS2,0.864,1.514,1e+21,300.0,410000.0,72.4,25.6,2.9539619541204103,6980,3.1716,0.0021491215999999,0.1052534420235979
6980-done,ScCuS2,0.864,1.514,5e+20,300.0,243000.0,89.0,30.3,1.7111056348177336,6980,3.1716,0.0019248029999999,0.1182624846114699
6980-done,ScCuS2,0.864,1.514,1e+20,300.0,71600.0,166.0,44.7,0.4745225556337972,6980,3.1716,0.0019730095999999,0.1623376260585077
6980-done,ScCuS2,0.864,1.514,5e+19,300.0,40500.0,209.0,50.6,0.2696645892344099,6980,3.1716,0.0017690804999999,0.1542235815462367
6980-done,ScCuS2,0.864,1.514,1e+19,300.0,10500.0,324.0,65.3,0.0672540774180024,6980,3.1716,0.0011022479999999,0.1020961093324654
6980-done,ScCuS2,0.864,1.514,5e+18,300.0,5680.0,378.0,70.9,0.0360864045068057,6980,3.1716,0.0008115811199999,0.0759034099025042
6980-done,ScCuS2,0.864,1.514,1e+18,300.0,1350.0,505.0,84.2,0.0082907281863392,6980,3.1716,0.00034428375,0.0324807151656148
6980-done,ScCuS2,0.864,1.514,-1e+18,300.0,1100.0,-572.0,68.7,0.0056055432950614,6980,3.1716,0.0003599024,0.0339829194330386
6980-done,ScCuS2,0.864,1.514,-5e+18,300.0,4740.0,-444.0,59.1,0.0249809215881139,6980,3.1716,0.00093442464,0.0876960098544067
6980-done,ScCuS2,0.864,1.514,-1e+19,300.0,8830.0,-389.0,55.1,0.0474100596025593,6980,3.1716,0.00133616443,0.1245256527870222
6980-done,ScCuS2,0.864,1.514,-5e+19,300.0,37900.0,-257.0,47.3,0.2139502998984258,6980,3.1716,0.0025032571,0.2218183348280281
6980-done,ScCuS2,0.864,1.514,-1e+20,300.0,70700.0,-203.0,44.1,0.4093551118516751,6980,3.1716,0.0029134763,0.2440809400562525
6980-done,ScCuS2,0.864,1.514,-5e+20,300.0,268000.0,-99.5,33.4,1.643107987060724,6980,3.1716,0.0026532669999999,0.1653226119089932
6980-done,ScCuS2,0.864,1.514,-1e+21,300.0,443000.0,-65.0,27.6,2.7853033951602746,6980,3.1716,0.0018716749999999,0.0942608034328987
3432-done,ScNiSb,0.257,1.258,1e+21,300.0,903000.0,42.9,56.4,6.0679355760167,3432,12.693,0.0016618902299999,0.0265747444726221
3432-done,ScNiSb,0.257,1.258,5e+20,300.0,590000.0,83.7,73.6,3.5837710953300963,3432,12.693,0.0041333571,0.0761826238593332
3432-done,ScNiSb,0.257,1.258,1e+20,300.0,148000.0,186.0,92.2,1.0829082673243442,3432,12.693,0.005120208,0.1115035299446245
3432-done,ScNiSb,0.257,1.258,5e+19,300.0,78200.0,230.0,97.6,0.6101098666241735,3432,12.693,0.00413678,0.0932890138052304
3432-done,ScNiSb,0.257,1.258,1e+19,300.0,18800.0,351.0,117.0,0.1583025615751567,3432,12.693,0.0023161787999999,0.054068732462774
3432-done,ScNiSb,0.257,1.258,5e+18,300.0,10400.0,401.0,128.9,0.1065987447254852,3432,12.693,0.0016723303999999,0.039196472483695
3432-done,ScNiSb,0.257,1.258,1e+18,300.0,3330.0,411.0,167.8,0.1580050714025627,3432,12.693,0.0005625069299999,0.0131314304260524
3432-done,ScNiSb,0.257,1.258,-1e+18,300.0,2730.0,-438.0,130.4,0.1810790416497814,3432,12.693,0.0005237341199999,0.0122043864645898
3432-done,ScNiSb,0.257,1.258,-5e+18,300.0,8440.0,-493.0,104.0,0.0856577449453489,3432,12.693,0.0020513335599999,0.0481584279259215
3432-done,ScNiSb,0.257,1.258,-1e+19,300.0,15200.0,-446.0,94.5,0.1099109378481125,3432,12.693,0.0030235232,0.0708477130242738
3432-done,ScNiSb,0.257,1.258,-5e+19,300.0,64400.0,-313.0,80.4,0.4125495185697181,3432,12.693,0.0063092035999999,0.144424396498449
3432-done,ScNiSb,0.257,1.258,-1e+20,300.0,125000.0,-253.0,78.1,0.7951211093148176,3432,12.693,0.0080011249999999,0.1779593673979032
3432-done,ScNiSb,0.257,1.258,-5e+20,300.0,600000.0,-125.0,74.9,3.665832032718936,3432,12.693,0.009375,0.1719254769762768
3432-done,ScNiSb,0.257,1.258,-1e+21,300.0,1110000.0,-79.6,69.5,7.279617405020263,3432,12.693,0.0070331375999999,0.1056417011958393
569779-done,ScSbPd,0.28,1.159,1e+21,300.0,1070000.0,40.9,67.0,7.596707125146664,569779,10.817,0.0017899067,0.0291615374541655
569779-done,ScSbPd,0.28,1.159,5e+20,300.0,691000.0,67.2,86.2,4.583870345626392,569779,10.817,0.0031204454399999,0.060784462890165
569779-done,ScSbPd,0.28,1.159,1e+20,300.0,201000.0,157.0,125.3,1.4994335139131392,569779,10.817,0.004954449,0.1206789853833073
569779-done,ScSbPd,0.28,1.159,5e+19,300.0,114000.0,191.0,142.7,0.8981159846665653,569779,10.817,0.0041588339999999,0.1064991760758466
569779-done,ScSbPd,0.28,1.159,1e+19,300.0,31000.0,302.0,193.1,0.2363353410222509,569779,10.817,0.0028273239999999,0.0767367653139098
569779-done,ScSbPd,0.28,1.159,5e+18,300.0,17500.0,356.0,217.7,0.1361800099374367,569779,10.817,0.0022178799999999,0.060746194200799
569779-done,ScSbPd,0.28,1.159,1e+18,300.0,4800.0,459.0,283.8,0.07822886374518,569779,10.817,0.0010112688,0.027845274642144
569779-done,ScSbPd,0.28,1.159,-1e+18,300.0,2320.0,-515.0,128.8,0.1066488360196986,569779,10.817,0.0006153219999999,0.0168988039409762
569779-done,ScSbPd,0.28,1.159,-5e+18,300.0,8250.0,-493.0,102.5,0.0667026154921637,569779,10.817,0.0020051542499999,0.0552703704108666
569779-done,ScSbPd,0.28,1.159,-1e+19,300.0,14800.0,-442.0,92.3,0.099122114847528,569779,10.817,0.0028913871999999,0.0794619326235052
569779-done,ScSbPd,0.28,1.159,-5e+19,300.0,61900.0,-305.0,77.3,0.3980704805657419,569779,10.817,0.0057582474999999,0.1540315108133701
569779-done,ScSbPd,0.28,1.159,-1e+20,300.0,119000.0,-245.0,74.5,0.7715266485498115,569779,10.817,0.0071429749999999,0.1849150081790709
569779-done,ScSbPd,0.28,1.159,-5e+20,300.0,525000.0,-125.0,65.6,3.535126560228134,569779,10.817,0.008203125,0.1714684921201588
569779-done,ScSbPd,0.28,1.159,-1e+21,300.0,980000.0,-87.1,61.2,6.614566624427073,569779,10.817,0.0074346817999999,0.1279520417215097
7173-done,ScSbPt,0.657,0.732,1e+21,300.0,1060000.0,43.6,66.4,7.414887775488071,7173,10.63,0.0020150176,0.0335000853161941
7173-done,ScSbPt,0.657,0.732,5e+20,300.0,674000.0,74.2,84.1,4.448167893736624,7173,10.63,0.00371080136,0.0738312781662573
7173-done,ScSbPt,0.657,0.732,1e+20,300.0,188000.0,178.0,117.6,1.3119129152609643,7173,10.63,0.0059565919999999,0.1496391417924621
7173-done,ScSbPt,0.657,0.732,5e+19,300.0,100000.0,226.0,124.8,0.7411852814488707,7173,10.63,0.0051075999999999,0.1347511241857746
7173-done,ScSbPt,0.657,0.732,1e+19,300.0,24200.0,352.0,150.8,0.185019494261026,7173,10.63,0.0029984767999999,0.0831753507681896
7173-done,ScSbPt,0.657,0.732,5e+18,300.0,13400.0,409.0,167.8,0.1023218163870626,7173,10.63,0.0022415653999999,0.0626583540360468
7173-done,ScSbPt,0.657,0.732,1e+18,300.0,3480.0,539.0,217.0,0.0259228522696513,7173,10.63,0.00101101308,0.0284634121516183
7173-done,ScSbPt,0.657,0.732,-1e+18,300.0,1670.0,-650.0,103.9,0.0102165762658302,7173,10.63,0.000705575,0.0198936270218558
7173-done,ScSbPt,0.657,0.732,-5e+18,300.0,6700.0,-526.0,83.6,0.0419752999954745,7173,10.63,0.0018537292,0.0521101993180433
7173-done,ScSbPt,0.657,0.732,-1e+19,300.0,12000.0,-471.0,75.2,0.0766647627814617,7173,10.63,0.0026620919999999,0.0745916321930767
7173-done,ScSbPt,0.657,0.732,-5e+19,300.0,49900.0,-336.0,62.3,0.3290580573521368,7173,10.63,0.0056335104,0.1542151808262562
7173-done,ScSbPt,0.657,0.732,-1e+20,300.0,96900.0,-275.0,60.5,0.6420602605118148,7173,10.63,0.0073280624999999,0.1950325583071491
7173-done,ScSbPt,0.657,0.732,-5e+20,300.0,480000.0,-147.0,59.9,3.0752498004243964,7173,10.63,0.0103723199999999,0.2270440922502276
7173-done,ScSbPt,0.657,0.732,-1e+21,300.0,958000.0,-98.8,59.8,5.947746973197181,7173,10.63,0.0093514595199999,0.1692291395529071
2894-done,ScSnAu,0.142,1.301,1e+21,300.0,1030000.0,60.1,64.6,7.094001440230073,2894,7.1893,0.0037203703,0.078140974246779
2894-done,ScSnAu,0.142,1.301,5e+20,300.0,640000.0,101.0,79.8,4.089442553030806,2894,7.1893,0.00652864,0.1736534007041139
2894-done,ScSnAu,0.142,1.301,1e+20,300.0,163000.0,229.0,101.4,1.1696738650018532,2894,7.1893,0.008547883,0.3067798681291164
2894-done,ScSnAu,0.142,1.301,5e+19,300.0,86300.0,279.0,106.1,0.870811409893386,2894,7.1893,0.0067176783,0.250034197731599
2894-done,ScSnAu,0.142,1.301,1e+19,300.0,31800.0,204.0,139.9,1.7735510270365271,2894,7.1893,0.0013233888,0.0442957981564566
2894-done,ScSnAu,0.142,1.301,5e+18,300.0,33100.0,41.3,174.0,2.4748748267059297,2894,7.1893,5.645833899999998e-05,0.001752607129291
2894-done,ScSnAu,0.142,1.301,1e+18,300.0,55700.0,-149.0,273.8,3.403833935061431,2894,7.1893,0.0012365956999999,0.0350206758711975
2894-done,ScSnAu,0.142,1.301,-1e+18,300.0,63600.0,-226.0,774.0,3.046777198151048,2894,7.1893,0.0032484335999999,0.0952054250016793
2894-done,ScSnAu,0.142,1.301,-5e+18,300.0,58400.0,-317.0,491.2,1.5982202079976198,2894,7.1893,0.0058685576,0.2003485896280145
2894-done,ScSnAu,0.142,1.301,-1e+19,300.0,74000.0,-331.0,403.8,1.0763134328459707,2894,7.1893,0.008107514,0.2942617894921974
2894-done,ScSnAu,0.142,1.301,-5e+19,300.0,263000.0,-231.0,326.5,1.5827086113836917,2894,7.1893,0.0140339429999999,0.4799565397754275
2894-done,ScSnAu,0.142,1.301,-1e+20,300.0,494000.0,-173.0,307.9,2.8680188054844344,2894,7.1893,0.014784926,0.4410199065760205
2894-done,ScSnAu,0.142,1.301,-5e+20,300.0,1640000.0,-69.6,205.0,11.25810144376545,2894,7.1893,0.0079444224,0.1291957963437434
2894-done,ScSnAu,0.142,1.301,-1e+21,300.0,2540000.0,-49.8,158.6,18.110798163797707,2894,7.1893,0.0062993015999999,0.0746949860733781
1100405-done,ScTeRh,,0.484,1e+21,300.0,1030000.0,36.7,64.5,7.101816786726414,1100405,5.8519,0.0013872967,0.0321289261493246
1100405-done,ScTeRh,,0.484,5e+20,300.0,682000.0,65.4,85.1,4.421468039977459,1100405,5.8519,0.00291702312,0.0851820875680338
1100405-done,ScTeRh,,0.484,1e+20,300.0,202000.0,145.0,125.8,1.511678895017693,1100405,5.8519,0.00424705,0.1730293133495297
1100405-done,ScTeRh,,0.484,5e+19,300.0,114000.0,175.0,141.7,0.888925545086045,1100405,5.8519,0.0034912499999999,0.155377852904603
1100405-done,ScTeRh,,0.484,1e+19,300.0,28700.0,286.0,179.0,0.2104199667428556,1100405,5.8519,0.0023475452,0.1161706349819052
1100405-done,ScTeRh,,0.484,5e+18,300.0,15600.0,343.0,194.8,0.1121031158678567,1100405,5.8519,0.0018353243999999,0.0923200926128036
1100405-done,ScTeRh,,0.484,1e+18,300.0,3780.0,474.0,235.8,0.0262313685122154,1100405,5.8519,0.0008492752799999,0.0433441459584896
1100405-done,ScTeRh,,0.484,-1e+18,300.0,3200.0,-401.0,199.8,0.0168698028001466,1100405,5.8519,0.0005145632,0.0263034614045257
1100405-done,ScTeRh,,0.484,-5e+18,300.0,13600.0,-273.0,169.2,0.0723811138160933,1100405,5.8519,0.0010135943999999,0.05132746305553
1100405-done,ScTeRh,,0.484,-1e+19,300.0,24800.0,-219.0,154.8,0.1345861265812108,1100405,5.8519,0.0011894327999999,0.0596058910778349
1100405-done,ScTeRh,,0.484,-5e+19,300.0,85800.0,-107.0,107.1,0.5558146012659378,1100405,5.8519,0.0009823242,0.0459910090161909
1100405-done,ScTeRh,,0.484,-1e+20,300.0,129000.0,-81.7,80.3,0.999420581300346,1100405,5.8519,0.0008610608099999,0.0377034237319168
1100405-done,ScTeRh,,0.484,-5e+20,300.0,446000.0,-78.6,55.6,3.1406017468974152,1100405,5.8519,0.0027553701599999,0.0919222560379448
1100405-done,ScTeRh,,0.484,-1e+21,300.0,824000.0,-47.0,51.4,5.418465178941933,1100405,5.8519,0.0018202159999999,0.0484513847892224
13305-done,SmSnAu,0.109,0.726,1e+21,300.0,1390000.0,43.0,86.9,9.688875873606968,13305,1.4028,0.0025701099999999,0.0695145628835647
13305-done,SmSnAu,0.109,0.726,5e+20,300.0,881000.0,74.9,109.9,5.841081893738571,13305,1.4028,0.00494241881,0.2046866120610871
13305-done,SmSnAu,0.109,0.726,1e+20,300.0,246000.0,181.0,152.8,1.928613904766308,13305,1.4028,0.0080592059999999,0.7257464455379858
13305-done,SmSnAu,0.109,0.726,5e+19,300.0,142000.0,216.0,172.6,1.6556620885397544,13305,1.4028,0.006625152,0.6498513116927148
13305-done,SmSnAu,0.109,0.726,1e+19,300.0,74700.0,51.7,267.6,4.245857227843227,13305,1.4028,0.000199664883,0.010604195383771
13305-done,SmSnAu,0.109,0.726,5e+18,300.0,97800.0,-106.0,355.8,5.805015889993058,13305,1.4028,0.0010988808,0.0457370505894424
13305-done,SmSnAu,0.109,0.726,1e+18,300.0,217000.0,-235.0,621.3,8.467569074930655,13305,1.4028,0.011983825,0.3642363798868644
13305-done,SmSnAu,0.109,0.726,-1e+18,300.0,251000.0,-271.0,2739.8,7.678735820203957,13305,1.4028,0.018433691,0.6089396561864578
13305-done,SmSnAu,0.109,0.726,-5e+18,300.0,183000.0,-315.0,1415.9,3.908422200459391,13305,1.4028,0.0181581749999999,1.0256495199031206
13305-done,SmSnAu,0.109,0.726,-1e+19,300.0,200000.0,-319.0,1043.1,2.6755861926378657,13305,1.4028,0.0203522,1.4970774496593005
13305-done,SmSnAu,0.109,0.726,-5e+19,300.0,569000.0,-221.0,706.2,3.79721040359116,13305,1.4028,0.0277905289999999,1.6032965422996608
13305-done,SmSnAu,0.109,0.726,-1e+20,300.0,1000000.0,-166.0,624.5,6.460137240882919,13305,1.4028,0.0275559999999999,1.0513628363987426
13305-done,SmSnAu,0.109,0.726,-5e+20,300.0,3260000.0,-66.0,407.3,22.70189497354337,13305,1.4028,0.0142005599999999,0.1767360261009653
13305-done,SmSnAu,0.109,0.726,-1e+21,300.0,5140000.0,-42.2,320.9,36.69303788151956,13305,1.4028,0.0091535176,0.0720828162000375
980057-done,SrAlGeH,0.673,1.325,1e+21,300.0,827000.0,31.8,51.6,5.272034116046387,980057,6.219766666666666,0.00083629548,0.0218319694836172
980057-done,SrAlGeH,0.673,1.325,5e+20,300.0,547000.0,51.0,68.3,3.371338075920406,980057,6.219766666666666,0.001422747,0.0445020789007533
980057-done,SrAlGeH,0.673,1.325,1e+20,300.0,144000.0,109.0,90.1,0.884755065660617,980057,6.219766666666666,0.0017108639999999,0.0722440185754541
980057-done,SrAlGeH,0.673,1.325,5e+19,300.0,81600.0,145.0,101.9,0.4809019469953396,980057,6.219766666666666,0.00171564,0.0768120361825674
980057-done,SrAlGeH,0.673,1.325,1e+19,300.0,23200.0,245.0,145.1,0.1217264166449977,980057,6.219766666666666,0.0013925799999999,0.0658794379354269
980057-done,SrAlGeH,0.673,1.325,5e+18,300.0,13700.0,295.0,170.8,0.0666615908324701,980057,6.219766666666666,0.0011922424999999,0.05689602033926
980057-done,SrAlGeH,0.673,1.325,1e+18,300.0,4120.0,414.0,257.0,0.01663184274213,980057,6.219766666666666,0.0007061515199999,0.0339691980363924
980057-done,SrAlGeH,0.673,1.325,-1e+18,300.0,8440.0,-489.0,526.5,0.0356536275786396,980057,6.219766666666666,0.00201818124,0.0967887597508019
980057-done,SrAlGeH,0.673,1.325,-5e+18,300.0,31700.0,-362.0,395.3,0.147909079296625,980057,6.219766666666666,0.0041540947999999,0.1957116677604071
980057-done,SrAlGeH,0.673,1.325,-1e+19,300.0,57100.0,-307.0,356.5,0.2760967125461626,980057,6.219766666666666,0.0053816178999999,0.2485405366077163
980057-done,SrAlGeH,0.673,1.325,-5e+19,300.0,236000.0,-184.0,294.7,1.2061419878870827,980057,6.219766666666666,0.007990016,0.3227894270595556
980057-done,SrAlGeH,0.673,1.325,-1e+20,300.0,423000.0,-138.0,263.7,2.228192746170368,980057,6.219766666666666,0.0080556119999999,0.2860671414126016
980057-done,SrAlGeH,0.673,1.325,-5e+20,300.0,1360000.0,-52.7,169.2,8.386758349625996,980057,6.219766666666666,0.0037771144,0.0775772689764375
980057-done,SrAlGeH,0.673,1.325,-1e+21,300.0,2080000.0,-33.9,129.9,13.549881603872812,980057,6.219766666666666,0.0023903567999999,0.0362731309220405
2472-done,SrO,3.292,3.389,1e+21,300.0,646000.0,130.0,40.3,4.326701719219617,2472,11.014,0.0109173999999999,0.2134987082042411
2472-done,SrO,3.292,3.389,5e+20,300.0,384000.0,168.0,48.0,2.3487472142432484,2472,11.014,0.0108380159999999,0.2433185891995564
2472-done,SrO,3.292,3.389,1e+20,300.0,99200.0,284.0,61.9,0.5336834676356844,2472,11.014,0.0080010751999999,0.2078618249908976
2472-done,SrO,3.292,3.389,5e+19,300.0,53600.0,339.0,66.9,0.2801557086741246,2472,11.014,0.0061597656,0.1636182223502333
2472-done,SrO,3.292,3.389,1e+19,300.0,12500.0,466.0,78.1,0.0627577292906164,2472,11.014,0.0027144499999999,0.0735174515776036
2472-done,SrO,3.292,3.389,5e+18,300.0,6600.0,522.0,82.4,0.0327813602792494,2472,11.014,0.0017983944,0.0488394132556961
2472-done,SrO,3.292,3.389,1e+18,300.0,1460.0,652.0,90.9,0.0071321379634117,2472,11.014,0.00062065184,0.0168944124495731
2472-done,SrO,3.292,3.389,-1e+18,300.0,32500.0,-520.0,2030.4,0.1897234998175925,2472,11.014,0.0087879999999999,0.2353146255388124
2472-done,SrO,3.292,3.389,-5e+18,300.0,144000.0,-393.0,1799.4,0.8518349591613731,2472,11.014,0.0222406559999999,0.5623031858241464
2472-done,SrO,3.292,3.389,-1e+19,300.0,272000.0,-338.0,1695.5,1.6195142442605726,2472,11.014,0.0310743679999999,0.7379031851121799
2472-done,SrO,3.292,3.389,-5e+19,300.0,1190000.0,-216.0,1488.2,7.279001076847372,2472,11.014,0.0555206399999999,0.91052266000689
2472-done,SrO,3.292,3.389,-1e+20,300.0,2300000.0,-166.0,1436.0,14.18102722637129,2472,11.014,0.0633788,0.7546584422857334
2472-done,SrO,3.292,3.389,-5e+20,300.0,10900000.0,-65.8,1362.4,70.53192279429614,2472,11.014,0.047193076,0.1736190150881498
2472-done,SrO,3.292,3.389,-1e+21,300.0,19000000.0,-38.8,1187.2,130.851651058583,2472,11.014,0.0286033599999999,0.0604868615903117
1087-done,SrS,2.473,2.942,1e+21,300.0,149000.0,65.2,9.3,0.9796811580657212,1087,8.9992,0.00063340496,0.01904236406768
1087-done,SrS,2.473,2.942,5e+20,300.0,85000.0,99.6,10.6,0.5313250975723118,1087,8.9992,0.0008432135999999,0.0265425123390532
1087-done,SrS,2.473,2.942,1e+20,300.0,20200.0,199.0,12.6,0.1263774374574429,1087,8.9992,0.0007999401999999,0.0262977396931534
1087-done,SrS,2.473,2.942,5e+19,300.0,10600.0,250.0,13.2,0.0662598088311115,1087,8.9992,0.0006625,0.0219238741543355
1087-done,SrS,2.473,2.942,1e+19,300.0,2340.0,381.0,14.6,0.0143068357170503,1087,8.9992,0.00033967674,0.011305591026591
1087-done,SrS,2.473,2.942,5e+18,300.0,1230.0,438.0,15.3,0.0074139637245589,1087,8.9992,0.0002359681199999,0.0078598279314611
1087-done,SrS,2.473,2.942,1e+18,300.0,271.0,569.0,16.9,0.0016142814741484,1087,8.9992,8.773923099999999e-05,0.0029243764482705
1087-done,SrS,2.473,2.942,-1e+18,300.0,1140.0,-489.0,71.0,0.0067527040021969,1087,8.9992,0.0002725979399999,0.0090805919915199
1087-done,SrS,2.473,2.942,-5e+18,300.0,5110.0,-359.0,63.8,0.0309900259845979,1087,8.9992,0.00065858191,0.0218793372488811
1087-done,SrS,2.473,2.942,-1e+19,300.0,9810.0,-303.0,61.2,0.0602089044620316,1087,8.9992,0.00090064629,0.0298246706655355
1087-done,SrS,2.473,2.942,-5e+19,300.0,44800.0,-179.0,55.9,0.2845362291124873,1087,8.9992,0.0014354367999999,0.0463855315761311
1087-done,SrS,2.473,2.942,-1e+20,300.0,85700.0,-135.0,53.5,0.5552016785835251,1087,8.9992,0.0015618824999999,0.049041767947675
1087-done,SrS,2.473,2.942,-5e+20,300.0,390000.0,-58.9,48.7,2.710690609148701,1087,8.9992,0.0013529918999999,0.0346627977619919
1087-done,SrS,2.473,2.942,-1e+21,300.0,763000.0,-39.7,47.7,5.376982316703946,1087,8.9992,0.00120255667,0.025094770854486
2758-done,SrSe,2.217,2.789,1e+21,300.0,139000.0,56.5,8.6,0.9384888270931954,2758,15.925000000000002,0.0004437227499999,0.0078937891420251
2758-done,SrSe,2.217,2.789,5e+20,300.0,79000.0,87.1,9.9,0.5074068985019001,2758,15.925000000000002,0.0005993263899999,0.0109416665562463
2758-done,SrSe,2.217,2.789,1e+20,300.0,18000.0,185.0,11.2,0.1146490293109612,2758,15.925000000000002,0.0006160499999999,0.011522384290469
2758-done,SrSe,2.217,2.789,5e+19,300.0,9340.0,236.0,11.7,0.0594248726189513,2758,15.925000000000002,0.00052020064,0.0097632660069821
2758-done,SrSe,2.217,2.789,1e+19,300.0,2010.0,366.0,12.5,0.0125523421696005,2758,15.925000000000002,0.00026925156,0.0050682480136095
2758-done,SrSe,2.217,2.789,5e+18,300.0,1040.0,424.0,12.9,0.0064333728137654,2758,15.925000000000002,0.00018696704,0.0035207197423751
2758-done,SrSe,2.217,2.789,1e+18,300.0,222.0,558.0,13.9,0.0013659640551368,2758,15.925000000000002,6.9122808e-05,0.0013020448259698
2758-done,SrSe,2.217,2.789,-1e+18,300.0,927.0,-493.0,57.9,0.0055367121268912,2758,15.925000000000002,0.0002253064229999,0.0042429158616179
2758-done,SrSe,2.217,2.789,-5e+18,300.0,4340.0,-360.0,54.1,0.0262687886050448,2758,15.925000000000002,0.0005624639999999,0.0105784186973584
2758-done,SrSe,2.217,2.789,-1e+19,300.0,8460.0,-303.0,52.8,0.0517106104527763,2758,15.925000000000002,0.00077670414,0.0145844315317041
2758-done,SrSe,2.217,2.789,-5e+19,300.0,40300.0,-178.0,50.3,0.2516040681796754,2758,15.925000000000002,0.0012768651999999,0.0236798501332841
2758-done,SrSe,2.217,2.789,-1e+20,300.0,79000.0,-131.0,49.3,0.5018383949816854,2758,15.925000000000002,0.0013557189999999,0.0247592196514345
2758-done,SrSe,2.217,2.789,-5e+20,300.0,359000.0,-50.9,44.8,2.483498535856731,2758,15.925000000000002,0.0009301007899999,0.0151576858078058
2758-done,SrSe,2.217,2.789,-1e+21,300.0,654000.0,-35.6,40.8,4.697819011680638,2758,15.925000000000002,0.0008288534399999,0.0120573250368503
1958-done,SrTe,1.766,2.486,1e+21,300.0,132000.0,43.5,8.2,0.9139884003431484,1958,9.2219,0.000249777,0.007392849747385
1958-done,SrTe,1.766,2.486,5e+20,300.0,77200.0,68.7,9.6,0.509179294632668,1958,9.2219,0.000364360068,0.0112328773705801
1958-done,SrTe,1.766,2.486,1e+20,300.0,18000.0,156.0,11.2,0.1157052052191798,1958,9.2219,0.000438048,0.014073672757823
1958-done,SrTe,1.766,2.486,5e+19,300.0,9390.0,203.0,11.7,0.0594918019058905,1958,9.2219,0.00038695251,0.0125073647872684
1958-done,SrTe,1.766,2.486,1e+19,300.0,2010.0,332.0,12.5,0.0124150215660055,1958,9.2219,0.0002215502399999,0.0071976179981672
1958-done,SrTe,1.766,2.486,5e+18,300.0,1030.0,390.0,12.9,0.0063161827582223,1958,9.2219,0.000156663,0.0050929561108257
1958-done,SrTe,1.766,2.486,1e+18,300.0,219.0,524.0,13.7,0.0013229569098425,1958,9.2219,6.0132143999999993e-05,0.001955893648487
1958-done,SrTe,1.766,2.486,-1e+18,300.0,718.0,-501.0,44.8,0.0040695393727388,1958,9.2219,0.0001802187179999,0.0058601554198981
1958-done,SrTe,1.766,2.486,-5e+18,300.0,3440.0,-365.0,43.0,0.0197584760379642,1958,9.2219,0.0004582939999999,0.0148770050696477
1958-done,SrTe,1.766,2.486,-1e+19,300.0,6820.0,-306.0,42.6,0.0394973667229138,1958,9.2219,0.00063859752,0.0206857829778865
1958-done,SrTe,1.766,2.486,-5e+19,300.0,33700.0,-176.0,42.1,0.2024919323799679,1958,9.2219,0.0010438912,0.0332294499472195
1958-done,SrTe,1.766,2.486,-1e+20,300.0,67500.0,-128.0,42.1,0.4169738101928602,1958,9.2219,0.00110592,0.0344206186877512
1958-done,SrTe,1.766,2.486,-5e+20,300.0,315000.0,-48.2,39.4,2.186367588390388,1958,9.2219,0.0007318206,0.0192444802244488
1958-done,SrTe,1.766,2.486,-1e+21,300.0,573000.0,-31.4,35.8,4.111591740733807,1958,9.2219,0.0005649550799999,0.0127113382822437
31454-done,TaSbRu,0.635,1.829,1e+21,300.0,875000.0,87.7,54.6,5.5597860713299605,31454,18.271,0.00672987875,0.0847208152914833
31454-done,TaSbRu,0.635,1.829,5e+20,300.0,469000.0,124.0,58.5,2.9247163596238632,31454,18.271,0.007211344,0.1020679444513188
31454-done,TaSbRu,0.635,1.829,1e+20,300.0,105000.0,234.0,65.6,0.6256297756652192,31454,18.271,0.00574938,0.0912762762712951
31454-done,TaSbRu,0.635,1.829,5e+19,300.0,54000.0,291.0,67.4,0.3166449286588423,31454,18.271,0.0045727739999999,0.0738034433767802
31454-done,TaSbRu,0.635,1.829,1e+19,300.0,11600.0,425.0,72.5,0.0662580489803506,31454,18.271,0.00209525,0.0342785708921706
31454-done,TaSbRu,0.635,1.829,5e+18,300.0,6040.0,482.0,75.4,0.0341711285516151,31454,18.271,0.0014032369599999,0.0229973860961811
31454-done,TaSbRu,0.635,1.829,1e+18,300.0,1320.0,613.0,82.5,0.0073656084654945,31454,18.271,0.0004960150799999,0.0081410191254218
31454-done,TaSbRu,0.635,1.829,-1e+18,300.0,4360.0,-418.0,272.1,0.0264137112527982,31454,18.271,0.0007617966399999,0.012490234718769
31454-done,TaSbRu,0.635,1.829,-5e+18,300.0,18800.0,-293.0,234.2,0.1193784536787509,31454,18.271,0.0016139611999999,0.0263283521445484
31454-done,TaSbRu,0.635,1.829,-1e+19,300.0,34500.0,-244.0,215.4,0.2254609158710517,31454,18.271,0.002053992,0.0333143514752741
31454-done,TaSbRu,0.635,1.829,-5e+19,300.0,137000.0,-147.0,171.5,0.9435571045729828,31454,18.271,0.0029604329999999,0.0462217211235432
31454-done,TaSbRu,0.635,1.829,-1e+20,300.0,254000.0,-114.0,158.4,1.740723882777047,31454,18.271,0.0033009839999999,0.0494857517423704
31454-done,TaSbRu,0.635,1.829,-5e+20,300.0,1170000.0,-55.0,145.9,7.897029480694965,31454,18.271,0.0035392499999999,0.0405752752909147
31454-done,TaSbRu,0.635,1.829,-1e+21,300.0,2170000.0,-30.8,135.3,14.65846423440022,31454,18.271,0.0020585487999999,0.018754166044245
1100408-done,TaSnRh,1.064,1.388,1e+21,300.0,783000.0,153.0,48.9,4.275482446631323,1100408,6.5413,0.018329247,0.5083558005469998
1100408-done,TaSnRh,1.064,1.388,5e+20,300.0,410000.0,206.0,51.2,2.203795415594341,1100408,6.5413,0.01739876,0.5968634705451364
1100408-done,TaSnRh,1.064,1.388,1e+20,300.0,80700.0,343.0,50.3,0.4665863229988627,1100408,6.5413,0.0094942743,0.4064395680409872
1100408-done,TaSnRh,1.064,1.388,5e+19,300.0,40700.0,403.0,50.8,0.2416233206540534,1100408,6.5413,0.0066100462999999,0.2923538710752748
1100408-done,TaSnRh,1.064,1.388,1e+19,300.0,8990.0,539.0,56.1,0.0543092683862443,1100408,6.5413,0.0026117837899999,0.1187964758245417
1100408-done,TaSnRh,1.064,1.388,5e+18,300.0,4760.0,596.0,59.4,0.0286712553290178,1100408,6.5413,0.00169082816,0.0772071030887025
1100408-done,TaSnRh,1.064,1.388,1e+18,300.0,1080.0,726.0,67.3,0.0063696001363383,1100408,6.5413,0.00056924208,0.0260814357518045
1100408-done,TaSnRh,1.064,1.388,-1e+18,300.0,15500.0,-431.0,967.0,0.0889090182206762,1100408,6.5413,0.0028792954999999,0.1302807570057243
1100408-done,TaSnRh,1.064,1.388,-5e+18,300.0,63700.0,-307.0,794.9,0.3757603048998223,1100408,6.5413,0.0060036612999999,0.2603849483174421
1100408-done,TaSnRh,1.064,1.388,-1e+19,300.0,116000.0,-255.0,721.6,0.6882250418275285,1100408,6.5413,0.0075428999999999,0.3130039645630644
1100408-done,TaSnRh,1.064,1.388,-5e+19,300.0,438000.0,-145.0,547.0,2.609702001155768,1100408,6.5413,0.00920895,0.3018997263524884
1100408-done,TaSnRh,1.064,1.388,-1e+20,300.0,738000.0,-105.0,460.8,4.500102251639272,1100408,6.5413,0.0081364499999999,0.2210711053152305
1100408-done,TaSnRh,1.064,1.388,-5e+20,300.0,1990000.0,-37.8,248.1,12.768558119365665,1100408,6.5413,0.0028433915999999,0.0441752329161076
1100408-done,TaSnRh,1.064,1.388,-1e+21,300.0,2680000.0,-29.0,167.5,19.51848274567504,1100408,6.5413,0.0022538799999999,0.0259466476216954
1206686-done,TbNiBi,0.221,0.428,1e+21,300.0,1500000.0,31.3,93.6,10.350611202669358,1206686,3.7441,0.001469535,0.0312784344184722
1206686-done,TbNiBi,0.221,0.428,5e+20,300.0,1010000.0,60.4,126.3,6.688494247405006,1206686,3.7441,0.0036846415999999,0.1059556668059743
1206686-done,TbNiBi,0.221,0.428,1e+20,300.0,305000.0,129.0,190.3,2.3513935302226887,1206686,3.7441,0.0050755049999999,0.2497995432938049
1206686-done,TbNiBi,0.221,0.428,5e+19,300.0,182000.0,163.0,226.8,1.3540762593920763,1206686,3.7441,0.004835558,0.284546340924859
1206686-done,TbNiBi,0.221,0.428,1e+19,300.0,52100.0,281.0,323.3,0.4084999057715615,1206686,3.7441,0.0041138681,0.2972018634120473
1206686-done,TbNiBi,0.221,0.428,5e+18,300.0,30100.0,325.0,365.3,0.3626305697039533,1206686,3.7441,0.0031793125,0.2322513575729311
1206686-done,TbNiBi,0.221,0.428,1e+18,300.0,13200.0,243.0,512.4,0.8448005430045407,1206686,3.7441,0.0007794468,0.0509564410491449
1206686-done,TbNiBi,0.221,0.428,-1e+18,300.0,12300.0,-335.0,453.1,0.9060467368891756,1206686,3.7441,0.0013803675,0.0890531575519762
1206686-done,TbNiBi,0.221,0.428,-5e+18,300.0,28400.0,-465.0,343.1,0.3687761349439771,1206686,3.7441,0.0061407899999999,0.4479193974133782
1206686-done,TbNiBi,0.221,0.428,-1e+19,300.0,50000.0,-424.0,309.1,0.3892855672162585,1206686,3.7441,0.0089888,0.6524046586382518
1206686-done,TbNiBi,0.221,0.428,-5e+19,300.0,209000.0,-289.0,260.5,1.2867330704633508,1206686,3.7441,0.0174558889999999,1.0409342998768298
1206686-done,TbNiBi,0.221,0.428,-1e+20,300.0,400000.0,-229.0,249.7,2.456787172082778,1206686,3.7441,0.0209763999999999,1.0148418807443451
1206686-done,TbNiBi,0.221,0.428,-5e+20,300.0,1660000.0,-107.0,207.2,10.992813538896549,1206686,3.7441,0.01900534,0.3868925460511941
1206686-done,TbNiBi,0.221,0.428,-1e+21,300.0,2870000.0,-73.0,179.2,20.246824919665126,1206686,3.7441,0.01529423,0.1912501921190642
3716-done,TbNiSb,0.321,1.231,1e+21,300.0,985000.0,32.5,61.5,6.627843378031677,3716,6.784200000000001,0.0010404062499999,0.0232717615207844
3716-done,TbNiSb,0.321,1.231,5e+20,300.0,667000.0,68.2,83.2,4.192738603951535,3716,6.784200000000001,0.00310237708,0.084788041327384
3716-done,TbNiSb,0.321,1.231,1e+20,300.0,189000.0,153.0,118.2,1.4844130085712677,3716,6.784200000000001,0.004424301,0.1605215165619828
3716-done,TbNiSb,0.321,1.231,5e+19,300.0,110000.0,183.0,137.2,0.8942514056318608,3716,6.784200000000001,0.00368379,0.1439270683134652
3716-done,TbNiSb,0.321,1.231,1e+19,300.0,31100.0,291.0,193.9,0.2345414930632933,3716,6.784200000000001,0.0026335790999999,0.112566295650126
3716-done,TbNiSb,0.321,1.231,5e+18,300.0,17700.0,346.0,221.0,0.1317055904523955,3716,6.784200000000001,0.0021189732,0.0919173854654104
3716-done,TbNiSb,0.321,1.231,1e+18,300.0,4700.0,465.0,289.3,0.0498293146713044,3716,6.784200000000001,0.0010162574999999,0.0446116391899957
3716-done,TbNiSb,0.321,1.231,-1e+18,300.0,2940.0,-602.0,179.4,0.0451348269134472,3716,6.784200000000001,0.00106546776,0.0468040206112522
3716-done,TbNiSb,0.321,1.231,-5e+18,300.0,11700.0,-495.0,145.5,0.073991194007826,3716,6.784200000000001,0.0028667924999999,0.1254029999559368
3716-done,TbNiSb,0.321,1.231,-1e+19,300.0,21100.0,-438.0,131.5,0.1303439822323751,3716,6.784200000000001,0.0040479083999999,0.1756258291393364
3716-done,TbNiSb,0.321,1.231,-5e+19,300.0,88400.0,-297.0,110.3,0.5657063650057039,3716,6.784200000000001,0.0077976756,0.3182765281388975
3716-done,TbNiSb,0.321,1.231,-1e+20,300.0,170000.0,-236.0,105.8,1.1108469060832638,3716,6.784200000000001,0.0094683199999999,0.359782029643335
3716-done,TbNiSb,0.321,1.231,-5e+20,300.0,705000.0,-123.0,88.0,5.06955986349358,3716,6.784200000000001,0.0106659449999999,0.2699382758591601
3716-done,TbNiSb,0.321,1.231,-1e+21,300.0,1380000.0,-88.3,85.9,9.59112521640001,3716,6.784200000000001,0.0107597081999999,0.1971205101176978
16313-done,TbSbPt,,0.136,1e+21,300.0,4030000.0,35.3,251.7,27.492761978669765,16313,1.8141,0.0050217426999999,0.0514051218140124
16313-done,TbSbPt,,0.136,5e+20,300.0,2470000.0,62.2,308.3,17.394020902604208,16313,1.8141,0.0095560347999999,0.1492499164564969
16313-done,TbSbPt,,0.136,1e+20,300.0,840000.0,124.0,524.3,6.55647688786551,16313,1.8141,0.01291584,0.4629014286478955
16313-done,TbSbPt,,0.136,5e+19,300.0,521000.0,153.0,650.1,3.948132479448865,16313,1.8141,0.012196089,0.6349668662361837
16313-done,TbSbPt,,0.136,1e+19,300.0,171000.0,268.0,1063.2,1.1451714718269694,16313,1.8141,0.012281904,1.2450940155636518
16313-done,TbSbPt,,0.136,5e+18,300.0,102000.0,319.0,1258.1,0.8146653785259964,16313,1.8141,0.010379622,1.184543369840796
16313-done,TbSbPt,,0.136,1e+18,300.0,36000.0,290.0,1825.7,1.6267753471330788,16313,1.8141,0.0030276,0.2639677141332
16313-done,TbSbPt,,0.136,-1e+18,300.0,211000.0,-222.0,12899.5,1.721289476233823,16313,1.8141,0.010398924,0.8824140086888892
16313-done,TbSbPt,,0.136,-5e+18,300.0,590000.0,-138.0,7360.2,4.439880700112746,16313,1.8141,0.01123596,0.538982795380106
16313-done,TbSbPt,,0.136,-1e+19,300.0,1030000.0,-105.0,6445.1,7.016433468342792,16313,1.8141,0.0113557499999999,0.3857892631530111
16313-done,TbSbPt,,0.136,-5e+19,300.0,2570000.0,-14.7,3204.7,17.373503120257983,16313,1.8141,0.0005553512999999,0.0086829704031177
16313-done,TbSbPt,,0.136,-1e+20,300.0,3240000.0,-4.81,2025.2,26.81663173766336,16313,1.8141,7.4960964e-05,0.0007854598131146
16313-done,TbSbPt,,0.136,-5e+20,300.0,4070000.0,-63.6,508.0,39.078187840124166,16313,1.8141,0.0164629872,0.1207781814338564
16313-done,TbSbPt,,0.136,-1e+21,300.0,5430000.0,-69.9,338.8,42.47849011734005,16313,1.8141,0.0265310343,0.179698461275671
961673-done,TiFeTe,1.007,1.491,1e+21,300.0,1480000.0,121.0,92.3,8.287053145871234,961673,10.31,0.02166868,0.3495502190057036
961673-done,TiFeTe,1.007,1.491,5e+20,300.0,849000.0,166.0,105.9,4.510664136988481,961673,10.31,0.023395044,0.4735626646098562
961673-done,TiFeTe,1.007,1.491,1e+20,300.0,206000.0,291.0,128.9,1.009432473417822,961673,10.31,0.0174442859999999,0.462327578020333
961673-done,TiFeTe,1.007,1.491,5e+19,300.0,111000.0,346.0,138.4,0.5272690772920665,961673,10.31,0.013288476,0.3678549246648517
961673-done,TiFeTe,1.007,1.491,1e+19,300.0,26100.0,474.0,162.9,0.1182247768945583,961673,10.31,0.0058640435999999,0.1686972727992778
961673-done,TiFeTe,1.007,1.491,5e+18,300.0,13900.0,529.0,173.1,0.0618175890853477,961673,10.31,0.0038897898999999,0.1125103637792455
961673-done,TiFeTe,1.007,1.491,1e+18,300.0,3090.0,659.0,192.7,0.0134046895316532,961673,10.31,0.00134192829,0.038996677850693
961673-done,TiFeTe,1.007,1.491,-1e+18,300.0,10000.0,-513.0,625.3,0.0463510038874112,961673,10.31,0.00263169,0.0762340905308874
961673-done,TiFeTe,1.007,1.491,-5e+18,300.0,43400.0,-386.0,541.9,0.2099117724600513,961673,10.31,0.0064664264,0.1844053412195445
961673-done,TiFeTe,1.007,1.491,-1e+19,300.0,81000.0,-332.0,505.3,0.4007215302304219,961673,10.31,0.0089281439999999,0.2500712199864604
961673-done,TiFeTe,1.007,1.491,-5e+19,300.0,338000.0,-209.0,421.7,1.7981042762800898,961673,10.31,0.0147641779999999,0.3658089903203861
961673-done,TiFeTe,1.007,1.491,-1e+20,300.0,613000.0,-161.0,382.9,3.4151969569572813,961673,10.31,0.0158895729999999,0.3473080870860399
961673-done,TiFeTe,1.007,1.491,-5e+20,300.0,2230000.0,-75.1,278.0,13.838196348034842,961673,10.31,0.0125772223,0.1562504559603291
961673-done,TiFeTe,1.007,1.491,-1e+21,300.0,3660000.0,-50.2,228.4,22.956925276287222,961673,10.31,0.0092233464,0.0831758239458435
1008680-done,TiGePt,0.866,1.736,1e+21,300.0,411000.0,110.0,25.7,2.5625312120013453,1008680,4.7836,0.0049730999999999,0.2030905733840705
1008680-done,TiGePt,0.866,1.736,5e+20,300.0,235000.0,158.0,29.4,1.3775317785099783,1008680,4.7836,0.0058665399999999,0.2856556332943106
1008680-done,TiGePt,0.866,1.736,1e+20,300.0,53600.0,291.0,33.5,0.3052353932567277,1008680,4.7836,0.0045389015999999,0.2675799814244994
1008680-done,TiGePt,0.866,1.736,5e+19,300.0,28000.0,352.0,35.0,0.1593204913246411,1008680,4.7836,0.003469312,0.2105624805874796
1008680-done,TiGePt,0.866,1.736,1e+19,300.0,6670.0,488.0,41.6,0.0373200815210795,1008680,4.7836,0.00158842048,0.0988454767849311
1008680-done,TiGePt,0.866,1.736,5e+18,300.0,3650.0,544.0,45.5,0.0201815931572641,1008680,4.7836,0.0010801664,0.0674572550220834
1008680-done,TiGePt,0.866,1.736,1e+18,300.0,878.0,672.0,54.8,0.0047382849739311,1008680,4.7836,0.0003964907519999,0.0248410238627527
1008680-done,TiGePt,0.866,1.736,-1e+18,300.0,4210.0,-548.0,262.5,0.0230607897346348,1008680,4.7836,0.0012642798399999,0.0789079921782684
1008680-done,TiGePt,0.866,1.736,-5e+18,300.0,17400.0,-422.0,217.8,0.0974989467994087,1008680,4.7836,0.0030986615999999,0.1904486039172629
1008680-done,TiGePt,0.866,1.736,-1e+19,300.0,32000.0,-366.0,199.8,0.1812334178477375,1008680,4.7836,0.004286592,0.2590172704238429
1008680-done,TiGePt,0.866,1.736,-5e+19,300.0,134000.0,-234.0,167.6,0.7826453267782195,1008680,4.7836,0.0073373039999999,0.3954535006587708
1008680-done,TiGePt,0.866,1.736,-1e+20,300.0,250000.0,-178.0,156.3,1.4716038615129072,1008680,4.7836,0.007921,0.3798916953963606
1008680-done,TiGePt,0.866,1.736,-5e+20,300.0,948000.0,-72.3,118.4,5.799230199214158,1008680,4.7836,0.0049554709199999,0.1404767201225965
1008680-done,TiGePt,0.866,1.736,-1e+21,300.0,1510000.0,-36.9,94.2,8.829426278769194,1008680,4.7836,0.0020560310999999,0.0453102284068857
30847-done,TiSnPt,0.781,1.448,1e+21,300.0,385000.0,116.0,24.1,2.413943393449506,30847,4.3594,0.00518056,0.2294535962111465
30847-done,TiSnPt,0.781,1.448,5e+20,300.0,219000.0,164.0,27.3,1.2899761145174211,30847,4.3594,0.005890224,0.3127897955774442
30847-done,TiSnPt,0.781,1.448,1e+20,300.0,50300.0,297.0,31.4,0.2831096686184237,30847,4.3594,0.0044369127,0.2867142784855239
30847-done,TiSnPt,0.781,1.448,5e+19,300.0,26500.0,357.0,33.0,0.14789761491874,30847,4.3594,0.0033773985,0.2247953511315376
30847-done,TiSnPt,0.781,1.448,1e+19,300.0,6300.0,492.0,39.3,0.0345951422138542,30847,4.3594,0.0015250031999999,0.1041195871166722
30847-done,TiSnPt,0.781,1.448,5e+18,300.0,3410.0,549.0,42.5,0.0185335331422737,30847,4.3594,0.00102777741,0.0704289411124734
30847-done,TiSnPt,0.781,1.448,1e+18,300.0,790.0,679.0,49.3,0.0042243740372142,30847,4.3594,0.0003642223899999,0.0250403581137935
30847-done,TiSnPt,0.781,1.448,-1e+18,300.0,3100.0,-558.0,193.3,0.0180616122238445,30847,4.3594,0.0009652284,0.066149870781595
30847-done,TiSnPt,0.781,1.448,-5e+18,300.0,12800.0,-431.0,159.5,0.0766617722558744,30847,4.3594,0.0023777407999999,0.1608007905708724
30847-done,TiSnPt,0.781,1.448,-1e+19,300.0,23200.0,-375.0,144.8,0.1418210004795303,30847,4.3594,0.0032625,0.2174410009852283
30847-done,TiSnPt,0.781,1.448,-5e+19,300.0,92100.0,-245.0,114.9,0.5900966895913614,30847,4.3594,0.0055283024999999,0.3350827071947991
30847-done,TiSnPt,0.781,1.448,-1e+20,300.0,165000.0,-193.0,102.7,1.075230964913582,30847,4.3594,0.006146085,0.3392733585599255
30847-done,TiSnPt,0.781,1.448,-5e+20,300.0,584000.0,-103.0,72.9,3.991876200728109,30847,4.3594,0.006195656,0.2225644027721115
30847-done,TiSnPt,0.781,1.448,-1e+21,300.0,973000.0,-80.8,60.7,6.414061865917074,30847,4.3594,0.00635236672,0.1768892896004862
568269-done,TmNiBi,0.143,0.183,1e+21,300.0,2550000.0,27.1,159.5,17.979155057497533,568269,5.0019,0.0018727455,0.024447252251663
568269-done,TmNiBi,0.143,0.183,5e+20,300.0,1820000.0,52.8,227.0,12.01608845036484,568269,5.0019,0.0050738688,0.0894442163032122
568269-done,TmNiBi,0.143,0.183,1e+20,300.0,539000.0,131.0,336.3,4.251741291252032,568269,5.0019,0.0092497789999999,0.2998747857908935
568269-done,TmNiBi,0.143,0.183,5e+19,300.0,324000.0,159.0,403.8,2.599899400992636,568269,5.0019,0.0081910439999999,0.323254149495065
568269-done,TmNiBi,0.143,0.183,1e+19,300.0,108000.0,237.0,620.5,1.6504518035961044,568269,5.0019,0.0060662519999999,0.2735687548899906
568269-done,TmNiBi,0.143,0.183,5e+18,300.0,81100.0,214.0,755.9,2.506505954847656,568269,5.0019,0.0037140556,0.14839590276557
568269-done,TmNiBi,0.143,0.183,1e+18,300.0,83200.0,71.7,1150.4,4.82501163765908,568269,5.0019,0.0004277220479999,0.0130576745910922
568269-done,TmNiBi,0.143,0.183,-1e+18,300.0,78100.0,-60.6,769.6,5.165291420625063,568269,5.0019,0.0002868113159999,0.0084628479233137
568269-done,TmNiBi,0.143,0.183,-5e+18,300.0,65000.0,-282.0,524.5,3.185307886188693,568269,5.0019,0.0051690599999999,0.189407429438299
568269-done,TmNiBi,0.143,0.183,-1e+19,300.0,80800.0,-361.0,436.2,2.0750560503698963,568269,5.0019,0.0105299367999999,0.4463756758578227
568269-done,TmNiBi,0.143,0.183,-5e+19,300.0,251000.0,-303.0,311.9,1.864233458464904,568269,5.0019,0.023044059,1.0068574608722538
568269-done,TmNiBi,0.143,0.183,-1e+20,300.0,451000.0,-246.0,281.3,3.0510412822532245,568269,5.0019,0.0272927159999999,1.0167483547960263
568269-done,TmNiBi,0.143,0.183,-5e+20,300.0,1700000.0,-125.0,211.8,12.076168069972832,568269,5.0019,0.0265625,0.4666072278989737
568269-done,TmNiBi,0.143,0.183,-1e+21,300.0,3160000.0,-88.6,197.0,22.47645310414181,568269,5.0019,0.0248058735999999,0.2708227109461765
1067280-done,TmTlSe2,1.135,1.817,1e+21,300.0,429000.0,15.1,26.8,3.0835823631368755,1067280,1.7657333333333334,9.781629e-05,0.0060513459705995
1067280-done,TmTlSe2,1.135,1.817,5e+20,300.0,284000.0,22.6,35.4,2.010628171886321,1067280,1.7657333333333334,0.00014505584,0.0115234603307579
1067280-done,TmTlSe2,1.135,1.817,1e+20,300.0,81400.0,53.4,50.8,0.557100149953087,1067280,1.7657333333333334,0.0002321169839999,0.0299785136132306
1067280-done,TmTlSe2,1.135,1.817,5e+19,300.0,44100.0,82.1,55.1,0.2844170965835937,1067280,1.7657333333333334,0.0002972520809999,0.0434971126989854
1067280-done,TmTlSe2,1.135,1.817,1e+19,300.0,9310.0,169.0,58.1,0.0589941547581593,1067280,1.7657333333333334,0.00026590291,0.0437165952289311
1067280-done,TmTlSe2,1.135,1.817,5e+18,300.0,4830.0,216.0,60.2,0.0299940273967752,1067280,1.7657333333333334,0.0002253484799999,0.0376474433025753
1067280-done,TmTlSe2,1.135,1.817,1e+18,300.0,1030.0,340.0,64.1,0.0062095208528283,1067280,1.7657333333333334,0.0001190679999999,0.020158889388324
1067280-done,TmTlSe2,1.135,1.817,-1e+18,300.0,277.0,-590.0,17.3,0.0015864806909364,1067280,1.7657333333333334,9.642369999999998e-05,0.0163677845800481
1067280-done,TmTlSe2,1.135,1.817,-5e+18,300.0,1360.0,-453.0,16.9,0.0078009165071402,1067280,1.7657333333333334,0.00027908424,0.0472081506221438
1067280-done,TmTlSe2,1.135,1.817,-1e+19,300.0,2680.0,-395.0,16.8,0.0155119609908177,1067280,1.7657333333333334,0.000418147,0.0704249439421517
1067280-done,TmTlSe2,1.135,1.817,-5e+19,300.0,12900.0,-262.0,16.2,0.0766684023255965,1067280,1.7657333333333334,0.0008855075999999,0.1441880317730813
1067280-done,TmTlSe2,1.135,1.817,-1e+20,300.0,25200.0,-209.0,15.7,0.1524498639077629,1067280,1.7657333333333334,0.0011007611999999,0.1721568411583075
1067280-done,TmTlSe2,1.135,1.817,-5e+20,300.0,118000.0,-104.0,14.8,0.7772372285589784,1067280,1.7657333333333334,0.001276288,0.1505665876505786
1067280-done,TmTlSe2,1.135,1.817,-1e+21,300.0,232000.0,-71.4,14.5,1.5885294370480316,1067280,1.7657333333333334,0.00118272672,0.105781222369665
1008561-done,TmTlTe2,0.645,1.542,1e+21,300.0,649000.0,6.59,40.5,4.725543089065636,1008561,1.2306333333333337,2.81848369e-05,0.0014196105807413
1008561-done,TmTlTe2,0.645,1.542,5e+20,300.0,440000.0,19.1,54.9,3.2016081206499734,1008561,1.2306333333333337,0.0001605164,0.0108646878785727
1008561-done,TmTlTe2,0.645,1.542,1e+20,300.0,137000.0,41.0,85.6,0.974934387068322,1008561,1.2306333333333337,0.000230297,0.0313248599718435
1008561-done,TmTlTe2,0.645,1.542,5e+19,300.0,79500.0,58.0,99.2,0.5453606359829856,1008561,1.2306333333333337,0.000267438,0.0451754912382307
1008561-done,TmTlTe2,0.645,1.542,1e+19,300.0,20200.0,130.0,125.8,0.1241723350336203,1008561,1.2306333333333337,0.0003413799999999,0.0755931292518262
1008561-done,TmTlTe2,0.645,1.542,5e+18,300.0,10800.0,173.0,135.0,0.0636402219364492,1008561,1.2306333333333337,0.0003232332,0.0749223064978618
1008561-done,TmTlTe2,0.645,1.542,1e+18,300.0,2370.0,294.0,148.1,0.0131172628907096,1008561,1.2306333333333337,0.0002048533199999,0.0494118323935256
1008561-done,TmTlTe2,0.645,1.542,-1e+18,300.0,636.0,-590.0,39.7,0.0036620150781308,1008561,1.2306333333333337,0.0002213915999999,0.0538100383230392
1008561-done,TmTlTe2,0.645,1.542,-5e+18,300.0,3070.0,-454.0,38.3,0.0177723431506399,1008561,1.2306333333333337,0.00063277612,0.1520602153417371
1008561-done,TmTlTe2,0.645,1.542,-1e+19,300.0,6040.0,-395.0,37.7,0.0350592768777202,1008561,1.2306333333333337,0.000942391,0.2233696378719134
1008561-done,TmTlTe2,0.645,1.542,-5e+19,300.0,28800.0,-261.0,35.9,0.1681161360990868,1008561,1.2306333333333337,0.0019618848,0.4207797413777221
1008561-done,TmTlTe2,0.645,1.542,-1e+20,300.0,55900.0,-207.0,34.9,0.326065533325363,1008561,1.2306333333333337,0.0023952591,0.4616035544127795
1008561-done,TmTlTe2,0.645,1.542,-5e+20,300.0,252000.0,-96.9,31.4,1.508425576392466,1008561,1.2306333333333337,0.00236618172,0.2591600032695396
1008561-done,TmTlTe2,0.645,1.542,-1e+21,300.0,468000.0,-57.7,29.2,2.986535865032772,1008561,1.2306333333333337,0.00155810772,0.1108403040079827
11520-done,YNiSb,0.29,1.212,1e+21,300.0,896000.0,35.6,55.9,6.259932331929336,11520,7.654,0.00113555456,0.0244838310172206
11520-done,YNiSb,0.29,1.212,5e+20,300.0,617000.0,61.4,77.0,4.013246130120677,11520,7.654,0.00232606532,0.0598101375609517
11520-done,YNiSb,0.29,1.212,1e+20,300.0,198000.0,142.0,123.8,1.4869895352924918,11520,7.654,0.0039924719999999,0.1310297528922447
11520-done,YNiSb,0.29,1.212,5e+19,300.0,117000.0,172.0,146.5,0.9095276786714692,11520,7.654,0.0034613279999999,0.1212582523188697
11520-done,YNiSb,0.29,1.212,1e+19,300.0,33900.0,279.0,211.7,0.2439302355017899,11520,7.654,0.0026388099,0.1002342318043663
11520-done,YNiSb,0.29,1.212,5e+18,300.0,19400.0,333.0,242.0,0.1403389805955464,11520,7.654,0.0021512465999999,0.0828003479970098
11520-done,YNiSb,0.29,1.212,1e+18,300.0,5340.0,442.0,321.0,0.0737047587884754,11520,7.654,0.0010432437599999,0.0405001404387292
11520-done,YNiSb,0.29,1.212,-1e+18,300.0,2790.0,-552.0,161.7,0.0911630164705194,11520,7.654,0.00085012416,0.0329285836150445
11520-done,YNiSb,0.29,1.212,-5e+18,300.0,10400.0,-491.0,129.9,0.0752611166324875,11520,7.654,0.0025072424,0.0973149578788857
11520-done,YNiSb,0.29,1.212,-1e+19,300.0,18800.0,-437.0,117.5,0.1208359779766606,11520,7.654,0.0035902171999999,0.1385322035154068
11520-done,YNiSb,0.29,1.212,-5e+19,300.0,79900.0,-297.0,99.7,0.5063061384173592,11520,7.654,0.0070478991,0.2591042166967119
11520-done,YNiSb,0.29,1.212,-1e+20,300.0,154000.0,-236.0,96.3,0.9905644883147096,11520,7.654,0.008577184,0.2976616350630807
11520-done,YNiSb,0.29,1.212,-5e+20,300.0,651000.0,-119.0,81.2,4.583338790914277,11520,7.654,0.0092188109999999,0.2260003867877996
11520-done,YNiSb,0.29,1.212,-1e+21,300.0,1220000.0,-85.9,76.0,8.705341799489183,11520,7.654,0.0090021482,0.1650827088950686
1207056-done,YSbPd,0.231,1.067,1e+21,300.0,1390000.0,25.3,87.1,9.929717472772136,1207056,3.2118,0.0008897250999999,0.0203110128303672
1207056-done,YSbPd,0.231,1.067,5e+20,300.0,959000.0,48.2,119.7,6.523541777859417,1207056,3.2118,0.00222798716,0.0686566700226281
1207056-done,YSbPd,0.231,1.067,1e+20,300.0,323000.0,95.0,201.5,2.529412844067469,1207056,3.2118,0.0029150749999999,0.1523236507254098
1207056-done,YSbPd,0.231,1.067,5e+19,300.0,206000.0,118.0,256.7,1.475650070237921,1207056,3.2118,0.002868344,0.183575971392976
1207056-done,YSbPd,0.231,1.067,1e+19,300.0,63600.0,235.0,396.3,0.385453420365155,1207056,3.2118,0.00351231,0.2929159769602888
1207056-done,YSbPd,0.231,1.067,5e+18,300.0,35900.0,290.0,445.6,0.2335519011147792,1207056,3.2118,0.00301919,0.2628924493045059
1207056-done,YSbPd,0.231,1.067,1e+18,300.0,11000.0,372.0,592.7,0.2312485558466646,1207056,3.2118,0.001522224,0.1326345512103017
1207056-done,YSbPd,0.231,1.067,-1e+18,300.0,5030.0,-337.0,218.8,0.4124143992892299,1207056,3.2118,0.00057125207,0.0472862811409859
1207056-done,YSbPd,0.231,1.067,-5e+18,300.0,14000.0,-471.0,171.2,0.1684206801066633,1207056,3.2118,0.0031057739999999,0.2756424175153467
1207056-done,YSbPd,0.231,1.067,-1e+19,300.0,25100.0,-426.0,155.8,0.1929944655108172,1207056,3.2118,0.0045550476,0.4013500062462605
1207056-done,YSbPd,0.231,1.067,-5e+19,300.0,111000.0,-287.0,138.4,0.7002719794767587,1207056,3.2118,0.0091429589999999,0.7011342619434197
1207056-done,YSbPd,0.231,1.067,-1e+20,300.0,219000.0,-226.0,136.4,1.3715283315327735,1207056,3.2118,0.0111856439999999,0.7321520426353019
1207056-done,YSbPd,0.231,1.067,-5e+20,300.0,977000.0,-105.0,122.0,6.378191506631225,1207056,3.2118,0.0107714249999999,0.3369583276237026
1207056-done,YSbPd,0.231,1.067,-1e+21,300.0,1760000.0,-67.3,109.6,12.026018268724878,1207056,3.2118,0.0079715504,0.1569427511094815
1067744-done,YTlSe2,1.224,1.911,1e+21,300.0,380000.0,15.4,23.7,2.7498334146584007,1067744,2.0039666666666665,9.012079999999996e-05,0.005687290070571
1067744-done,YTlSe2,1.224,1.911,5e+20,300.0,261000.0,19.5,32.6,1.8895548224940508,1067744,2.0039666666666665,9.924525e-05,0.0076469527862854
1067744-done,YTlSe2,1.224,1.911,1e+20,300.0,80000.0,55.8,49.9,0.5531911220067213,1067744,2.0039666666666665,0.0002490911999999,0.0292228193078133
1067744-done,YTlSe2,1.224,1.911,5e+19,300.0,41800.0,82.6,52.2,0.2767441965916182,1067744,2.0039666666666665,0.0002851913679999,0.0375134839660211
1067744-done,YTlSe2,1.224,1.911,1e+19,300.0,8740.0,172.0,54.6,0.0549529659571282,1067744,2.0039666666666665,0.0002585641599999,0.0376747332780149
1067744-done,YTlSe2,1.224,1.911,5e+18,300.0,4490.0,220.0,56.1,0.0276435696348971,1067744,2.0039666666666665,0.0002173159999999,0.032090210432614
1067744-done,YTlSe2,1.224,1.911,1e+18,300.0,948.0,344.0,59.1,0.0057039739287456,1067744,2.0039666666666665,0.0001121825279999,0.016746404968129
1067744-done,YTlSe2,1.224,1.911,-1e+18,300.0,287.0,-620.0,17.9,0.0015293591745063,1067744,2.0039666666666665,0.0001103228,0.0165030693521908
1067744-done,YTlSe2,1.224,1.911,-5e+18,300.0,1380.0,-484.0,17.2,0.0074008519642415,1067744,2.0039666666666665,0.00032327328,0.0482169385264874
1067744-done,YTlSe2,1.224,1.911,-1e+19,300.0,2700.0,-426.0,16.9,0.0146153800137888,1067744,2.0039666666666665,0.0004899852,0.0728211965630692
1067744-done,YTlSe2,1.224,1.911,-5e+19,300.0,13000.0,-290.0,16.2,0.0719301606629074,1067744,2.0039666666666665,0.0010933,0.1579991816943644
1067744-done,YTlSe2,1.224,1.911,-1e+20,300.0,25000.0,-235.0,15.6,0.1425045419465215,1067744,2.0039666666666665,0.001380625,0.1929620571373058
1067744-done,YTlSe2,1.224,1.911,-5e+20,300.0,104000.0,-135.0,13.0,0.6628984374912765,1067744,2.0039666666666665,0.0018954,0.2132166336847924
1067744-done,YTlSe2,1.224,1.911,-1e+21,300.0,188000.0,-105.0,11.7,1.2608062298943084,1067744,2.0039666666666665,0.0020727,0.1904604147672869
1065514-done,YTlTe2,0.635,1.358,1e+21,300.0,648000.0,5.83,40.4,4.642836789274077,1065514,1.1896666666666669,2.20248072e-05,0.0011328655370568
1065514-done,YTlTe2,0.635,1.358,5e+20,300.0,429000.0,21.9,53.5,3.170434153093796,1065514,1.1896666666666669,0.0002057526899999,0.0141569678206113
1065514-done,YTlTe2,0.635,1.358,1e+20,300.0,142000.0,41.5,88.4,0.9922847623711536,1065514,1.1896666666666669,0.0002445595,0.0336248777234941
1065514-done,YTlTe2,0.635,1.358,5e+19,300.0,80400.0,59.8,100.3,0.5545091114620796,1065514,1.1896666666666669,0.0002875136159999,0.0494526330898302
1065514-done,YTlTe2,0.635,1.358,1e+19,300.0,20200.0,128.0,126.2,0.1264193361906798,1065514,1.1896666666666669,0.0003309568,0.0754411488188754
1065514-done,YTlTe2,0.635,1.358,5e+18,300.0,10900.0,170.0,136.5,0.0652430827530592,1065514,1.1896666666666669,0.0003150099999999,0.0753066107293121
1065514-done,YTlTe2,0.635,1.358,1e+18,300.0,2460.0,289.0,153.4,0.0136684774449228,1065514,1.1896666666666669,0.0002054616599999,0.0512230514512871
1065514-done,YTlTe2,0.635,1.358,-1e+18,300.0,432.0,-608.0,27.0,0.0022308870328017,1065514,1.1896666666666669,0.0001596948479999,0.0401951109399205
1065514-done,YTlTe2,0.635,1.358,-5e+18,300.0,2070.0,-472.0,25.8,0.0107604163846544,1065514,1.1896666666666669,0.00046116288,0.1152497023378847
1065514-done,YTlTe2,0.635,1.358,-1e+19,300.0,4060.0,-413.0,25.4,0.0212413150113688,1065514,1.1896666666666669,0.0006925101399999,0.1715679846391571
1065514-done,YTlTe2,0.635,1.358,-5e+19,300.0,19400.0,-276.0,24.3,0.104104632475715,1065514,1.1896666666666669,0.0014778144,0.342675958489638
1065514-done,YTlTe2,0.635,1.358,-1e+20,300.0,37800.0,-219.0,23.6,0.2060815320301372,1065514,1.1896666666666669,0.0018129257999999,0.3896675206228338
1065514-done,YTlTe2,0.635,1.358,-5e+20,300.0,167000.0,-101.0,20.8,0.9856638940982572,1065514,1.1896666666666669,0.001703567,0.2349390521228596
1065514-done,YTlTe2,0.635,1.358,-1e+21,300.0,307000.0,-61.2,19.1,1.9442728314450524,1065514,1.1896666666666669,0.00114985008,0.1100707349991422
1820-done,YbS,2.193,2.886,1e+21,300.0,115000.0,52.6,7.2,0.7659908374999467,1820,10.876,0.0003181774,0.0081990461367257
1820-done,YbS,2.193,2.886,5e+20,300.0,62900.0,82.1,7.9,0.4072980126677017,1820,10.876,0.0004239717889999,0.0112725496177777
1820-done,YbS,2.193,2.886,1e+20,300.0,14300.0,166.0,8.9,0.0923324334588085,1820,10.876,0.0003940507999999,0.0107778680776811
1820-done,YbS,2.193,2.886,5e+19,300.0,7550.0,212.0,9.4,0.0479905615759079,1820,10.876,0.0003393272,0.0093187704096033
1820-done,YbS,2.193,2.886,1e+19,300.0,1640.0,339.0,10.2,0.0100572434734719,1820,10.876,0.00018847044,0.0051939036085721
1820-done,YbS,2.193,2.886,5e+18,300.0,846.0,397.0,10.6,0.0051278727024048,1820,10.876,0.0001333372139999,0.0036761964998427
1820-done,YbS,2.193,2.886,1e+18,300.0,183.0,529.0,11.4,0.0010876196405619,1820,10.876,5.1210903e-05,0.0014124434257805
1820-done,YbS,2.193,2.886,-1e+18,300.0,763.0,-478.0,47.6,0.0042187069218782,1820,10.876,0.0001743332919999,0.0048068875276098
1820-done,YbS,2.193,2.886,-5e+18,300.0,3570.0,-345.0,44.6,0.0201949319392959,1820,10.876,0.0004249192499999,0.0116991092575178
1820-done,YbS,2.193,2.886,-1e+19,300.0,7020.0,-288.0,43.8,0.0401703358044308,1820,10.876,0.00058226688,0.0160019547722756
1820-done,YbS,2.193,2.886,-5e+19,300.0,33500.0,-166.0,41.8,0.2006032557461421,1820,10.876,0.0009231259999999,0.0250020510445117
1820-done,YbS,2.193,2.886,-1e+20,300.0,66300.0,-121.0,41.4,0.4064883548946687,1820,10.876,0.0009706983,0.0258107503274014
1820-done,YbS,2.193,2.886,-5e+20,300.0,313000.0,-45.7,39.0,2.1347954101140285,1820,10.876,0.00065369737,0.0150728072203451
1820-done,YbS,2.193,2.886,-1e+21,300.0,581000.0,-30.5,36.3,4.080289564671177,1820,10.876,0.00054047525,0.0108410962691577
286-done,YbSe,1.936,2.758,1e+21,300.0,142000.0,45.4,8.8,0.9618793419804644,286,7.6643,0.00029268472,0.010178946265664
286-done,YbSe,1.936,2.758,5e+20,300.0,76700.0,75.6,9.6,0.5110557339041059,286,7.6643,0.0004383681119999,0.0160862032039268
286-done,YbSe,1.936,2.758,1e+20,300.0,16900.0,155.0,10.6,0.1129098463932247,286,7.6643,0.0004060225,0.0156620114932978
286-done,YbSe,1.936,2.758,5e+19,300.0,8900.0,201.0,11.1,0.0575844207719255,286,7.6643,0.0003595688999999,0.0139694748227255
286-done,YbSe,1.936,2.758,1e+19,300.0,1920.0,328.0,12.0,0.0119700535586308,286,7.6643,0.00020656128,0.0080727206791366
286-done,YbSe,1.936,2.758,5e+18,300.0,988.0,386.0,12.3,0.0060891794587007,286,7.6643,0.000147208048,0.0057575193861436
286-done,YbSe,1.936,2.758,1e+18,300.0,210.0,520.0,13.1,0.0012763024221044,286,7.6643,5.6783999999999984e-05,0.0022222986671748
286-done,YbSe,1.936,2.758,-1e+18,300.0,760.0,-494.0,47.4,0.0042951629295483,286,7.6643,0.0001854673599999,0.0072555933411295
286-done,YbSe,1.936,2.758,-5e+18,300.0,3660.0,-359.0,45.7,0.0209415954394215,286,7.6643,0.00047170446,0.0184133883421408
286-done,YbSe,1.936,2.758,-1e+19,300.0,7290.0,-300.0,45.5,0.0420587724824174,286,7.6643,0.0006560999999999,0.0255412453288319
286-done,YbSe,1.936,2.758,-5e+19,300.0,36600.0,-171.0,45.7,0.2203520321629391,286,7.6643,0.0010702205999999,0.0407203994152541
286-done,YbSe,1.936,2.758,-1e+20,300.0,74100.0,-123.0,46.3,0.4605638999594426,286,7.6643,0.0011210588999999,0.0413936373754702
286-done,YbSe,1.936,2.758,-5e+20,300.0,363000.0,-47.3,45.3,2.5517377109694017,286,7.6643,0.00081213627,0.023848862728687
286-done,YbSe,1.936,2.758,-1e+21,300.0,699000.0,-27.2,43.6,4.834916854729904,286,7.6643,0.0005171481599999,0.0124123334928188
2133-done,Zn2O2,,0.771,1e+21,300.0,89800.0,99.4,5.6,0.5650871561322219,2133,4.949233333333333,0.000887256328,0.0482701175799445
2133-done,Zn2O2,,0.771,5e+20,300.0,50000.0,132.0,6.2,0.3088719316313873,2133,4.949233333333333,0.0008711999999999,0.0497061178560721
2133-done,Zn2O2,,0.771,1e+20,300.0,12100.0,241.0,7.5,0.0683016981315307,2133,4.949233333333333,0.0007027800999999,0.0420194435470473
2133-done,Zn2O2,,0.771,5e+19,300.0,6450.0,296.0,8.1,0.0351780454776439,2133,4.949233333333333,0.0005651232,0.0340134365154352
2133-done,Zn2O2,,0.771,1e+19,300.0,1620.0,424.0,10.1,0.0079540684644985,2133,4.949233333333333,0.00029123712,0.0176251428316615
2133-done,Zn2O2,,0.771,5e+18,300.0,907.0,477.0,11.3,0.0042419088063113,2133,4.949233333333333,0.000206368803,0.0124984254232908
2133-done,Zn2O2,,0.771,1e+18,300.0,229.0,602.0,14.3,0.0009660616623361,2133,4.949233333333333,8.2990516e-05,0.0050295256439911
2133-done,Zn2O2,,0.771,-1e+18,300.0,8960.0,-245.0,559.3,0.0514896492994068,2133,4.949233333333333,0.000537824,0.0322647746256592
2133-done,Zn2O2,,0.771,-5e+18,300.0,32700.0,-151.0,408.4,0.1994258438067344,2133,4.949233333333333,0.0007455926999999,0.0434438952558939
2133-done,Zn2O2,,0.771,-1e+19,300.0,61600.0,-113.0,384.4,0.3680824299357551,2133,4.949233333333333,0.0007865703999999,0.0443778647922339
2133-done,Zn2O2,,0.771,-5e+19,300.0,223000.0,-40.2,278.5,1.3704590623710915,2133,4.949233333333333,0.00036037692,0.0171073320077233
2133-done,Zn2O2,,0.771,-1e+20,300.0,296000.0,-17.5,185.0,1.8433581445603489,2133,4.949233333333333,9.064999999999998e-05,0.0040036266112139
2133-done,Zn2O2,,0.771,-5e+20,300.0,494000.0,-19.2,61.7,3.422529087129251,2133,4.949233333333333,0.0001821081599999,0.006525800095143
2133-done,Zn2O2,,0.771,-1e+21,300.0,671000.0,-11.3,41.9,4.753167793225353,2133,4.949233333333333,8.567999e-05,0.0026492408079933
1093991-done,ZrAsIr,,0.334,1e+21,300.0,974000.0,95.8,60.8,5.877816795220272,1093991,8.5067,0.0089390213599999,0.1864300654778376
1093991-done,ZrAsIr,,0.334,5e+20,300.0,546000.0,137.0,68.1,3.285246260582636,1093991,8.5067,0.0102478739999999,0.2607171142118203
1093991-done,ZrAsIr,,0.334,1e+20,300.0,116000.0,250.0,72.1,0.7912120291291949,1093991,8.5067,0.0072499999999999,0.233923486604946
1093991-done,ZrAsIr,,0.334,5e+19,300.0,58400.0,305.0,72.9,0.4201539045766934,1093991,8.5067,0.0054326599999999,0.1825724961360005
1093991-done,ZrAsIr,,0.334,1e+19,300.0,12800.0,440.0,79.7,0.0959422256053406,1093991,8.5067,0.0024780799999999,0.0864181004514177
1093991-done,ZrAsIr,,0.334,5e+18,300.0,6830.0,497.0,85.2,0.051283239293989,1093991,8.5067,0.0016870714699999,0.0591402701837639
1093991-done,ZrAsIr,,0.334,1e+18,300.0,1620.0,625.0,100.9,0.0133618981463492,1093991,8.5067,0.0006328125,0.0222819684022839
1093991-done,ZrAsIr,,0.334,-1e+18,300.0,18400.0,-219.0,1145.9,0.1092191327639055,1093991,8.5067,0.0008824823999999,0.0307273914623015
1093991-done,ZrAsIr,,0.334,-5e+18,300.0,60700.0,-129.0,757.6,0.3962641777610358,1093991,8.5067,0.0010101086999999,0.0340372716265582
1093991-done,ZrAsIr,,0.334,-1e+19,300.0,101000.0,-97.3,630.1,0.682915628230842,1093991,8.5067,0.0009561962899999,0.0312155479189715
1093991-done,ZrAsIr,,0.334,-5e+19,300.0,302000.0,-46.0,376.6,2.072553165063111,1093991,8.5067,0.000639032,0.0181212791686563
1093991-done,ZrAsIr,,0.334,-1e+20,300.0,419000.0,-30.2,261.8,2.898878979789169,1093991,8.5067,0.0003821447599999,0.0100515219966579
1093991-done,ZrAsIr,,0.334,-5e+20,300.0,931000.0,-29.2,116.2,6.542360240951055,1093991,8.5067,0.0007938078399999,0.0158244002075255
1093991-done,ZrAsIr,,0.334,-1e+21,300.0,1150000.0,-3.51,71.5,8.213955025583031,1093991,8.5067,1.4168114999999997e-05,0.0002542026310271
31451-done,ZrCoBi,0.99,1.684,1e+21,300.0,1220000.0,148.0,76.0,7.011873084243999,31451,12.829,0.0267228799999999,0.4040580253681632
31451-done,ZrCoBi,0.99,1.684,5e+20,300.0,662000.0,200.0,82.7,3.7565429918275286,31451,12.829,0.0264799999999999,0.4789713549875544
31451-done,ZrCoBi,0.99,1.684,1e+20,300.0,151000.0,335.0,94.3,0.8241303466600005,31451,12.829,0.016945975,0.3723536193473506
31451-done,ZrCoBi,0.99,1.684,5e+19,300.0,81000.0,393.0,101.1,0.4333316324957417,31451,12.829,0.0125103689999999,0.2829902617428138
31451-done,ZrCoBi,0.99,1.684,1e+19,300.0,19300.0,521.0,120.5,0.0997559375887007,31451,12.829,0.0052388112999999,0.1215618422674851
31451-done,ZrCoBi,0.99,1.684,5e+18,300.0,10300.0,576.0,128.6,0.0527035138321165,31451,12.829,0.0034172928,0.0795848032753722
31451-done,ZrCoBi,0.99,1.684,1e+18,300.0,2310.0,705.0,144.4,0.0116593738623679,31451,12.829,0.00114812775,0.0268240372220383
31451-done,ZrCoBi,0.99,1.684,-1e+18,300.0,3410.0,-676.0,213.1,0.0208231012613947,31451,12.829,0.00155828816,0.0363807691604804
31451-done,ZrCoBi,0.99,1.684,-5e+18,300.0,14900.0,-551.0,185.5,0.0914443528845211,31451,12.829,0.0045236548999999,0.1050348140462363
31451-done,ZrCoBi,0.99,1.684,-1e+19,300.0,27600.0,-497.0,172.2,0.1705980211694589,31451,12.829,0.0068174483999999,0.1573305971976492
31451-done,ZrCoBi,0.99,1.684,-5e+19,300.0,114000.0,-371.0,142.8,0.7198419773278877,31451,12.829,0.015691074,0.3474335450865138
31451-done,ZrCoBi,0.99,1.684,-1e+20,300.0,214000.0,-315.0,133.3,1.3588879489033687,31451,12.829,0.0212341499999999,0.4489917754455023
31451-done,ZrCoBi,0.99,1.684,-5e+20,300.0,978000.0,-183.0,122.0,6.363656454849978,31451,12.829,0.032752242,0.5119495898399753
31451-done,ZrCoBi,0.99,1.684,-1e+21,300.0,1940000.0,-133.0,121.3,12.74662675999105,31451,12.829,0.03431666,0.4025316015365404
961693-done,ZrInAu,0.47,0.538,1e+21,300.0,672000.0,134.0,41.9,3.946983477381815,961693,3.672,0.012066432,0.4751197598401869
961693-done,ZrInAu,0.47,0.538,5e+20,300.0,339000.0,189.0,42.4,1.993436216710985,961693,3.672,0.0121094189999999,0.6412261229390335
961693-done,ZrInAu,0.47,0.538,1e+20,300.0,69500.0,326.0,43.4,0.4033197386596185,961693,3.672,0.007386182,0.5437253374207148
961693-done,ZrInAu,0.47,0.538,5e+19,300.0,35900.0,386.0,44.8,0.206773994087769,961693,3.672,0.0053489563999999,0.4137098274985647
961693-done,ZrInAu,0.47,0.538,1e+19,300.0,8450.0,521.0,52.7,0.0474818071708552,961693,3.672,0.0022936764499999,0.1849996775554498
961693-done,ZrInAu,0.47,0.538,5e+18,300.0,4590.0,577.0,57.3,0.0257496655566059,961693,3.672,0.0015281441099999,0.1239789803161168
961693-done,ZrInAu,0.47,0.538,1e+18,300.0,1090.0,705.0,67.7,0.0078852329757325,961693,3.672,0.00054175725,0.0441663706094911
961693-done,ZrInAu,0.47,0.538,-1e+18,300.0,14200.0,-505.0,883.5,0.0852592571165369,961693,3.672,0.003621355,0.2891486654646636
961693-done,ZrInAu,0.47,0.538,-5e+18,300.0,57600.0,-375.0,718.4,0.3548191261720808,961693,3.672,0.0081,0.6034539729401686
961693-done,ZrInAu,0.47,0.538,-1e+19,300.0,106000.0,-317.0,661.0,0.6574411490866275,961693,3.672,0.010651834,0.7380976181358091
961693-done,ZrInAu,0.47,0.538,-5e+19,300.0,439000.0,-186.0,547.5,2.7459328316346543,961693,3.672,0.015187644,0.7099315807017423
961693-done,ZrInAu,0.47,0.538,-1e+20,300.0,782000.0,-137.0,487.9,4.980556656512335,961693,3.672,0.0146773579999999,0.5088909064450797
961693-done,ZrInAu,0.47,0.538,-5e+20,300.0,2470000.0,-57.0,308.0,16.9262709203514,961693,3.672,0.0080250299999999,0.1168791792917586
961693-done,ZrInAu,0.47,0.538,-1e+21,300.0,3770000.0,-38.5,235.0,26.78593342298707,961693,3.672,0.0055880825,0.0550406597426855
1100415-done,ZrSbRh,1.2,2.065,1e+21,300.0,503000.0,59.7,31.4,3.2345024949533525,1100415,11.133,0.00179273727,0.0374331712271434
1100415-done,ZrSbRh,1.2,2.065,5e+20,300.0,314000.0,99.9,39.2,1.8086825234636887,1100415,11.133,0.00313372314,0.0726425594427569
1100415-done,ZrSbRh,1.2,2.065,1e+20,300.0,77700.0,216.0,48.5,0.4672712974554308,1100415,11.133,0.0036251712,0.0937522349359673
1100415-done,ZrSbRh,1.2,2.065,5e+19,300.0,41000.0,268.0,51.2,0.2565140245253053,1100415,11.133,0.002944784,0.0775656624240225
1100415-done,ZrSbRh,1.2,2.065,1e+19,300.0,9430.0,398.0,58.9,0.0608233885028624,1100415,11.133,0.0014937497199999,0.0400332308673225
1100415-done,ZrSbRh,1.2,2.065,5e+18,300.0,5070.0,454.0,63.3,0.0325642912574638,1100415,11.133,0.00104500812,0.0280776168424796
1100415-done,ZrSbRh,1.2,2.065,1e+18,300.0,1190.0,584.0,74.1,0.0074659119129092,1100415,11.133,0.00040585664,0.0109292549308732
1100415-done,ZrSbRh,1.2,2.065,-1e+18,300.0,591.0,-664.0,36.9,0.0037417727378951,1100415,11.133,0.0002605695359999,0.0070191858979192
1100415-done,ZrSbRh,1.2,2.065,-5e+18,300.0,2580.0,-538.0,32.3,0.0164804593274334,1100415,11.133,0.0007467655199999,0.0200932820876466
1100415-done,ZrSbRh,1.2,2.065,-1e+19,300.0,4850.0,-484.0,30.2,0.0310582115529015,1100415,11.133,0.0011361416,0.0305303388374745
1100415-done,ZrSbRh,1.2,2.065,-5e+19,300.0,21600.0,-353.0,27.0,0.1412794765683715,1100415,11.133,0.0026915543999999,0.0716202149927317
1100415-done,ZrSbRh,1.2,2.065,-1e+20,300.0,42600.0,-294.0,26.6,0.2814296754042204,1100415,11.133,0.0036821735999999,0.0967768089526427
1100415-done,ZrSbRh,1.2,2.065,-5e+20,300.0,220000.0,-166.0,27.5,1.486950712575324,1100415,11.133,0.0060623199999999,0.1441127656851865
1100415-done,ZrSbRh,1.2,2.065,-1e+21,300.0,457000.0,-123.0,28.5,3.102495593663406,1100415,11.133,0.0069139529999999,0.1457052117611729
1183042-done,ZrSiRu2,0.238,0.325,1e+21,300.0,3600000.0,29.1,224.7,25.718909609544948,1183042,14.886,0.003048516,0.0225232566404978
1183042-done,ZrSiRu2,0.238,0.325,5e+20,300.0,2080000.0,36.2,259.5,14.477528144800411,1183042,14.886,0.0027257151999999,0.0278479669053246
1183042-done,ZrSiRu2,0.238,0.325,1e+20,300.0,575000.0,66.6,359.0,4.027029568561029,1183042,14.886,0.0025504469999999,0.0404553959600341
1183042-done,ZrSiRu2,0.238,0.325,5e+19,300.0,347000.0,86.3,433.1,2.3236105896695505,1183042,14.886,0.00258434843,0.0450506724112278
1183042-done,ZrSiRu2,0.238,0.325,1e+19,300.0,99900.0,160.0,623.5,0.6020934365145142,1183042,14.886,0.0025574399999999,0.0495368912348601
1183042-done,ZrSiRu2,0.238,0.325,5e+18,300.0,57600.0,202.0,717.8,0.334051377748019,1183042,14.886,0.0023503104,0.0463265926310116
1183042-done,ZrSiRu2,0.238,0.325,1e+18,300.0,15400.0,308.0,919.6,0.112420781544488,1183042,14.886,0.0014609056,0.029221188442672
1183042-done,ZrSiRu2,0.238,0.325,-1e+18,300.0,2750.0,-352.0,128.9,0.221498535134725,1183042,14.886,0.000340736,0.0067662293504295
1183042-done,ZrSiRu2,0.238,0.325,-5e+18,300.0,9460.0,-478.0,116.6,0.0987050971907063,1183042,14.886,0.00216145864,0.0432732968579787
1183042-done,ZrSiRu2,0.238,0.325,-1e+19,300.0,17900.0,-433.0,111.1,0.1181030655546522,1183042,14.886,0.0033560530999999,0.0671027068796498
1183042-done,ZrSiRu2,0.238,0.325,-5e+19,300.0,79900.0,-306.0,99.7,0.4361522054572848,1183042,14.886,0.0074815164,0.1464843117274734
1183042-done,ZrSiRu2,0.238,0.325,-1e+20,300.0,152000.0,-251.0,95.0,0.8319030084112637,1183042,14.886,0.0095761519999999,0.1827753739454047
1183042-done,ZrSiRu2,0.238,0.325,-5e+20,300.0,636000.0,-137.0,79.4,3.543574039714429,1183042,14.886,0.0119370839999999,0.194314051550128
1183042-done,ZrSiRu2,0.238,0.325,-1e+21,300.0,1110000.0,-95.9,69.6,6.476779755324142,1183042,14.886,0.0102084591,0.1433585781006209
961687-done,ZrSnPd,0.478,1.016,1e+21,300.0,542000.0,80.2,33.8,3.606234054808213,961687,9.3651,0.0034861656799999,0.0806277673199152
961687-done,ZrSnPd,0.478,1.016,5e+20,300.0,324000.0,122.0,40.5,1.992918653781484,961687,9.3651,0.0048224159999999,0.1273747511867577
961687-done,ZrSnPd,0.478,1.016,1e+20,300.0,77600.0,251.0,48.4,0.4473240267353636,961687,9.3651,0.0048888775999999,0.1494700265707876
961687-done,ZrSnPd,0.478,1.016,5e+19,300.0,40200.0,311.0,50.2,0.2328417914887587,961687,9.3651,0.0038881841999999,0.121531812271914
961687-done,ZrSnPd,0.478,1.016,1e+19,300.0,9310.0,448.0,58.1,0.0540268442249568,961687,9.3651,0.00186855424,0.0595136132330242
961687-done,ZrSnPd,0.478,1.016,5e+18,300.0,5040.0,506.0,63.0,0.0290695388383231,961687,9.3651,0.0012904214399999,0.0412092234869163
961687-done,ZrSnPd,0.478,1.016,1e+18,300.0,1210.0,635.0,75.6,0.0070494385985663,961687,9.3651,0.0004879022499999,0.0156176206919143
961687-done,ZrSnPd,0.478,1.016,-1e+18,300.0,3810.0,-554.0,237.7,0.0220757617617263,961687,9.3651,0.00116934996,0.037370663648271
961687-done,ZrSnPd,0.478,1.016,-5e+18,300.0,15800.0,-426.0,197.5,0.0939141837000265,961687,9.3651,0.0028673208,0.0909393117818036
961687-done,ZrSnPd,0.478,1.016,-1e+19,300.0,29100.0,-370.0,181.7,0.1755003950763015,961687,9.3651,0.00398379,0.1252685313826564
961687-done,ZrSnPd,0.478,1.016,-5e+19,300.0,125000.0,-236.0,155.9,0.7746111733745059,961687,9.3651,0.0069619999999999,0.2059821985348406
961687-done,ZrSnPd,0.478,1.016,-1e+20,300.0,236000.0,-182.0,147.2,1.4751890083229846,961687,9.3651,0.0078172639999999,0.2163391767691232
961687-done,ZrSnPd,0.478,1.016,-5e+20,300.0,955000.0,-82.2,119.2,6.421421772079566,961687,9.3651,0.0064527822,0.1226257872347641
961687-done,ZrSnPd,0.478,1.016,-1e+21,300.0,1680000.0,-53.2,105.1,11.333378308489069,961687,9.3651,0.0047548032,0.0689152573798129
961713-done,ZrSnPt,0.982,1.602,1e+21,300.0,441000.0,79.7,27.5,2.892692499026268,961713,5.8785,0.00280127169,0.0958115452480714
961713-done,ZrSnPt,0.982,1.602,5e+20,300.0,268000.0,121.0,33.5,1.5985058590147758,961713,5.8785,0.003923788,0.1574341952107428
961713-done,ZrSnPt,0.982,1.602,1e+20,300.0,65200.0,248.0,40.7,0.3700799190184462,961713,5.8785,0.0040100608,0.1925266629524001
961713-done,ZrSnPt,0.982,1.602,5e+19,300.0,34000.0,306.0,42.5,0.1944293718123494,961713,5.8785,0.003183624,0.1572696044240298
961713-done,ZrSnPt,0.982,1.602,1e+19,300.0,7890.0,443.0,49.3,0.0452588737147546,961713,5.8785,0.0015484046099999,0.0784166595742394
961713-done,ZrSnPt,0.982,1.602,5e+18,300.0,4280.0,500.0,53.4,0.0244391960705572,961713,5.8785,0.00107,0.0543796893950189
961713-done,ZrSnPt,0.982,1.602,1e+18,300.0,1020.0,630.0,63.6,0.0057150136904652,961713,5.8785,0.0004048379999999,0.0206402042952876
961713-done,ZrSnPt,0.982,1.602,-1e+18,300.0,1860.0,-575.0,116.1,0.0108173559991826,961713,5.8785,0.0006149625,0.0313259990671193
961713-done,ZrSnPt,0.982,1.602,-5e+18,300.0,7950.0,-447.0,99.2,0.0474715754122935,961713,5.8785,0.0015884815499999,0.0804162589940899
961713-done,ZrSnPt,0.982,1.602,-1e+19,300.0,14800.0,-391.0,92.3,0.0897041275885678,961713,5.8785,0.0022626388,0.1137346554321464
961713-done,ZrSnPt,0.982,1.602,-5e+19,300.0,65000.0,-257.0,81.2,0.4095338048733718,961713,5.8785,0.004293185,0.2048264274600121
961713-done,ZrSnPt,0.982,1.602,-1e+20,300.0,124000.0,-202.0,77.5,0.7986159980242112,961713,5.8785,0.005059696,0.2273300030206388
961713-done,ZrSnPt,0.982,1.602,-5e+20,300.0,528000.0,-103.0,65.9,3.679015725616678,961713,5.8785,0.0056015519999999,0.1758266110403435
961713-done,ZrSnPt,0.982,1.602,-1e+21,300.0,1020000.0,-74.3,63.7,6.909179806308356,961713,5.8785,0.0056308997999999,0.1321013636239646
mp-22925,AgI,,1.338,1e+21,300.0,137000.0,70.1,8.6,0.9283268124120186,22925,0.14408,0.0006732193699999,0.1883294740973491
mp-22925,AgI,,1.338,5e+20,300.0,75900.0,109.0,9.5,0.4850122801184285,22925,0.14408,0.0009017678999999,0.4300328879398136
mp-22925,AgI,,1.338,1e+20,300.0,15900.0,221.0,9.9,0.1054893973515723,22925,0.14408,0.0007765718999999,0.9334941401961208
mp-22925,AgI,,1.338,5e+19,300.0,7960.0,277.0,9.9,0.0536814917036857,22925,0.14408,0.00061076284,0.9265143098462236
mp-22925,AgI,,1.338,1e+19,300.0,1650.0,416.0,10.3,0.0112068526840042,22925,0.14408,0.0002855424,0.5516418068844275
mp-22925,AgI,,1.338,5e+18,300.0,858.0,475.0,10.7,0.0058171273659395,22925,0.14408,0.00019358625,0.3874382119293123
mp-22925,AgI,,1.338,1e+18,300.0,194.0,610.0,12.1,0.0013000194756685,22925,0.14408,7.218739999999999e-05,0.1489628360080422
mp-22925,AgI,,1.338,-1e+18,300.0,1950.0,-283.0,121.6,0.0117575278937508,22925,0.14408,0.0001561735499999,0.3006468700652995
mp-22925,AgI,,1.338,-5e+18,300.0,7800.0,-166.0,97.3,0.0498109764732057,22925,0.14408,0.0002149368,0.3325633878011378
mp-22925,AgI,,1.338,-1e+19,300.0,13700.0,-124.0,85.7,0.0909017931177943,22925,0.14408,0.0002106512,0.268937261740618
mp-22925,AgI,,1.338,-5e+19,300.0,46900.0,-54.9,58.6,0.3313457953784077,22925,0.14408,0.0001413570689999,0.0891981905740236
mp-22925,AgI,,1.338,-1e+20,300.0,75000.0,-39.7,46.8,0.5591602794023215,22925,0.14408,0.00011820675,0.0504266124092591
mp-22925,AgI,,1.338,-5e+20,300.0,210000.0,-12.1,26.2,1.55216794104133,22925,0.14408,3.07461e-05,0.0054377840508018
mp-22925,AgI,,1.338,-1e+21,300.0,251000.0,-6.38,15.6,1.8154064951692568,22925,0.14408,1.02168044e-05,0.0015642064018079
mp-661,Al2N2,,4.185,1e+21,300.0,74900.0,61.6,4.7,0.4614436073966189,661,222.3166666666667,0.0002842125439999,0.0003827295379024
mp-661,Al2N2,,4.185,5e+20,300.0,52500.0,73.0,6.6,0.2846612057540132,661,222.3166666666667,0.0002797725,0.0003770496375839
mp-661,Al2N2,,4.185,1e+20,300.0,20300.0,164.0,12.7,0.0757997345911837,661,222.3166666666667,0.0005459888,0.0007365206324231
mp-661,Al2N2,,4.185,5e+19,300.0,11600.0,219.0,14.5,0.0406470713598571,661,222.3166666666667,0.0005563476,0.0007506129535124
mp-661,Al2N2,,4.185,1e+19,300.0,3110.0,355.0,19.4,0.0096526994522574,661,222.3166666666667,0.00039193775,0.0005288682209791
mp-661,Al2N2,,4.185,5e+18,300.0,1850.0,413.0,23.1,0.0054415930480993,661,222.3166666666667,0.0003155526499999,0.0004258046837581
mp-661,Al2N2,,4.185,1e+18,300.0,582.0,541.0,36.3,0.0015532240366945,661,222.3166666666667,0.0001703403419999,0.0002298601645204
mp-661,Al2N2,,4.185,-1e+18,300.0,3010.0,-308.0,187.8,0.0095088870749122,661,222.3166666666667,0.00028554064,0.0003852996246917
mp-661,Al2N2,,4.185,-5e+18,300.0,8930.0,-183.0,111.5,0.0365704030898049,661,222.3166666666667,0.00029905677,0.0004034887559197
mp-661,Al2N2,,4.185,-1e+19,300.0,14200.0,-138.0,88.3,0.0666889550202107,661,222.3166666666667,0.0002704247999999,0.0003648089569166
mp-661,Al2N2,,4.185,-5e+19,300.0,44800.0,-65.0,55.9,0.2534464220556589,661,222.3166666666667,0.0001892799999999,0.0002551285939156
mp-661,Al2N2,,4.185,-1e+20,300.0,71700.0,-44.6,44.8,0.4335410127564276,661,222.3166666666667,0.000142622772,0.0001920843623256
mp-661,Al2N2,,4.185,-5e+20,300.0,207000.0,-20.1,25.9,1.3805456072677886,661,222.3166666666667,8.363007e-05,0.000112156162989
mp-661,Al2N2,,4.185,-1e+21,300.0,549000.0,-32.7,34.2,3.488711584160147,661,222.3166666666667,0.00058704021,0.0007799285577882
mp-3748,AlCuO2,1.888,2.616,1e+21,300.0,93900.0,189.0,5.9,0.3103082979107736,3748,83.35133333333333,0.0033542018999999,0.0120277411532906
mp-3748,AlCuO2,1.888,2.616,5e+20,300.0,45500.0,251.0,5.7,0.144989098048681,3748,83.35133333333333,0.0028665454999999,0.0102994194828963
mp-3748,AlCuO2,1.888,2.616,1e+20,300.0,8050.0,399.0,5.0,0.025744911899717,3748,83.35133333333333,0.0012815680499999,0.0046112243687545
mp-3748,AlCuO2,1.888,2.616,5e+19,300.0,4080.0,461.0,5.1,0.0127573254582988,3748,83.35133333333333,0.0008670856799999,0.0031203567620579
mp-3748,AlCuO2,1.888,2.616,1e+19,300.0,1050.0,598.0,6.6,0.0028154025623386,3748,83.35133333333333,0.0003754842,0.001351405559391
mp-3748,AlCuO2,1.888,2.616,5e+18,300.0,621.0,654.0,7.8,0.0015208917566519,3748,83.35133333333333,0.0002656116359999,0.0009559779510943
mp-3748,AlCuO2,1.888,2.616,1e+18,300.0,172.0,784.0,10.7,0.0003626211180371,3748,83.35133333333333,0.000105720832,0.0003805111490152
mp-3748,AlCuO2,1.888,2.616,-1e+18,300.0,599.0,-427.0,37.4,0.0019835037220621,3748,83.35133333333333,0.0001092150709999,0.0003930799942133
mp-3748,AlCuO2,1.888,2.616,-5e+18,300.0,2060.0,-301.0,25.7,0.0084096414664696,3748,83.35133333333333,0.00018663806,0.0006716841487494
mp-3748,AlCuO2,1.888,2.616,-1e+19,300.0,3600.0,-247.0,22.5,0.0159435845375307,3748,83.35133333333333,0.0002196323999999,0.0007903547103365
mp-3748,AlCuO2,1.888,2.616,-5e+19,300.0,13100.0,-134.0,16.4,0.0696705715372131,3748,83.35133333333333,0.0002352236,0.000845915017763
mp-3748,AlCuO2,1.888,2.616,-1e+20,300.0,22300.0,-98.5,13.9,0.1255278609709396,3748,83.35133333333333,0.0002163601749999,0.0007775574161669
mp-3748,AlCuO2,1.888,2.616,-5e+20,300.0,72500.0,-42.5,9.0,0.4426958673844803,3748,83.35133333333333,0.0001309531249999,0.0004688393418326
mp-3748,AlCuO2,1.888,2.616,-1e+21,300.0,111000.0,-28.8,6.9,0.7142007165001424,3748,83.35133333333333,9.206784e-05,0.0003285573845712
mp-1550,AlP,1.627,3.109,1e+21,300.0,354000.0,61.2,22.1,2.2822650345500297,1550,39.56,0.0013258857599999,0.0095063144328235
mp-1550,AlP,1.627,3.109,5e+20,300.0,233000.0,95.4,29.1,1.3285519115971267,1550,39.56,0.0021205702799999,0.0155586601691202
mp-1550,AlP,1.627,3.109,1e+20,300.0,62000.0,210.0,38.7,0.3156100371619031,1550,39.56,0.0027341999999999,0.0205704689968512
mp-1550,AlP,1.627,3.109,5e+19,300.0,31300.0,269.0,39.1,0.1590580521796427,1550,39.56,0.0022648993,0.0171068958661448
mp-1550,AlP,1.627,3.109,1e+19,300.0,6640.0,411.0,41.4,0.0341574505201198,1550,39.56,0.00112163544,0.0084984920419257
mp-1550,AlP,1.627,3.109,5e+18,300.0,3570.0,471.0,44.6,0.0182438979442217,1550,39.56,0.0007919723699999,0.0060030887578695
mp-1550,AlP,1.627,3.109,1e+18,300.0,943.0,599.0,58.8,0.0045198884748392,1550,39.56,0.0003383493429999,0.0025655512359582
mp-1550,AlP,1.627,3.109,-1e+18,300.0,3450.0,-459.0,215.2,0.0176241318594984,1550,39.56,0.0007268494499999,0.0055095483820222
mp-1550,AlP,1.627,3.109,-5e+18,300.0,13700.0,-331.0,170.7,0.0743934102755889,1550,39.56,0.0015009856999999,0.0113612363216646
mp-1550,AlP,1.627,3.109,-1e+19,300.0,25700.0,-272.0,160.7,0.1422393319485461,1550,39.56,0.0019013887999999,0.0143673669193
mp-1550,AlP,1.627,3.109,-5e+19,300.0,115000.0,-146.0,143.4,0.6467009339665847,1550,39.56,0.00245134,0.0182905332424012
mp-1550,AlP,1.627,3.109,-1e+20,300.0,207000.0,-100.0,129.2,1.2199267462968928,1550,39.56,0.00207,0.0152280803215614
mp-1550,AlP,1.627,3.109,-5e+20,300.0,661000.0,-45.3,82.6,4.530153744383915,1550,39.56,0.0013564314899999,0.0092294857795047
mp-1550,AlP,1.627,3.109,-1e+21,300.0,1200000.0,-32.6,74.9,7.958710823473781,1550,39.56,0.001275312,0.0080514305495636
mp-23155-Ar,Ar,,8.727,1e+21,300.0,93200.0,251.0,5.8,0.5030081211311448,23155,1.4058,0.0058716931999999,0.922831341976958
mp-23155-Ar,Ar,,8.727,5e+20,300.0,49600.0,310.0,6.2,0.2616411591978324,23155,1.4058,0.0047665599999999,0.8575822853550614
mp-23155-Ar,Ar,,8.727,1e+20,300.0,11600.0,445.0,7.2,0.0582483190451046,23155,1.4058,0.00229709,0.4706996285815681
mp-23155-Ar,Ar,,8.727,5e+19,300.0,6170.0,501.0,7.7,0.0305496174192895,23155,1.4058,0.0015486761699999,0.3234608380616474
mp-23155-Ar,Ar,,8.727,1e+19,300.0,1390.0,633.0,8.7,0.0067158386385711,23155,1.4058,0.0005569577099999,0.1182905765934732
mp-23155-Ar,Ar,,8.727,5e+18,300.0,720.0,690.0,9.0,0.0034584908892449,23155,1.4058,0.0003427919999999,0.0729728439919345
mp-23155-Ar,Ar,,8.727,1e+18,300.0,151.0,824.0,9.5,0.0007236781366935,23155,1.4058,0.0001025253759999,0.0218678243943368
mp-23155-Ar,Ar,,8.727,-1e+18,300.0,17200.0,-394.0,1074.3,0.0708359691840655,23155,1.4058,0.0026700591999999,0.54246122721945
mp-23155-Ar,Ar,,8.727,-5e+18,300.0,65400.0,-273.0,816.0,0.2924993852288091,23155,1.4058,0.0048741965999999,0.861013666211133
mp-23155-Ar,Ar,,8.727,-1e+19,300.0,112000.0,-222.0,696.4,0.5263068132866152,23155,1.4058,0.005519808,0.8570656594203273
mp-23155-Ar,Ar,,8.727,-5e+19,300.0,355000.0,-113.0,443.0,1.955298622724292,23155,1.4058,0.004532995,0.4045994041370179
mp-23155-Ar,Ar,,8.727,-1e+20,300.0,562000.0,-73.1,350.5,3.3506696581862765,23155,1.4058,0.0030031088199999,0.1894120452233708
mp-23155-Ar,Ar,,8.727,-5e+20,300.0,1200000.0,-14.6,150.3,8.441339496761694,23155,1.4058,0.0002557919999999,0.0077928823924151
mp-23155-Ar,Ar,,8.727,-1e+21,300.0,1380000.0,-5.7,86.2,10.003173381303748,23155,1.4058,4.48362e-05,0.0011789719855111
mp-2455,As4Os2,0.661,0.911,1e+21,300.0,353000.0,71.9,22.0,2.060577004416248,2455,44.625,0.00182487233,0.0117265702627647
mp-2455,As4Os2,0.661,0.911,5e+20,300.0,222000.0,111.0,27.7,1.244839022697145,2455,44.625,0.002735262,0.0178892844946319
mp-2455,As4Os2,0.661,0.911,1e+20,300.0,59700.0,222.0,37.3,0.310697610223709,2455,44.625,0.0029422548,0.0196431008517196
mp-2455,As4Os2,0.661,0.911,5e+19,300.0,31900.0,277.0,39.8,0.1627581200645255,2455,44.625,0.0024476551,0.0163950275883766
mp-2455,As4Os2,0.661,0.911,1e+19,300.0,7180.0,410.0,44.8,0.0356291680573047,2455,44.625,0.001206958,0.0081075302060226
mp-2455,As4Os2,0.661,0.911,5e+18,300.0,3770.0,467.0,47.1,0.0185430953927407,2455,44.625,0.0008221955299999,0.0055250690670522
mp-2455,As4Os2,0.661,0.911,1e+18,300.0,834.0,598.0,52.1,0.004034742525782,2455,44.625,0.000298241736,0.0020048051972485
mp-2455,As4Os2,0.661,0.911,-1e+18,300.0,2980.0,-497.0,186.1,0.0187489483778301,2455,44.625,0.0007360868199999,0.0049464046188261
mp-2455,As4Os2,0.661,0.911,-5e+18,300.0,13200.0,-367.0,165.0,0.0857765310251738,2455,44.625,0.0017778947999999,0.0119293038811316
mp-2455,As4Os2,0.661,0.911,-1e+19,300.0,24500.0,-313.0,152.9,0.161671002187007,2455,44.625,0.0024002404999999,0.0160778225728098
mp-2455,As4Os2,0.661,0.911,-5e+19,300.0,94700.0,-202.0,118.2,0.6450965702121981,2455,44.625,0.0038641388,0.0256072270179954
mp-2455,As4Os2,0.661,0.911,-1e+20,300.0,163000.0,-163.0,101.7,1.1184566846403332,2455,44.625,0.004330747,0.0284024031886565
mp-2455,As4Os2,0.661,0.911,-5e+20,300.0,529000.0,-94.8,66.1,3.63260887172216,2455,44.625,0.0047541441599999,0.0295547848587192
mp-2455,As4Os2,0.661,0.911,-1e+21,300.0,862000.0,-70.7,53.8,5.856726946817607,2455,44.625,0.0043086983799999,0.0256054931591728
mp-766,As4Ru2,0.517,0.808,1e+21,300.0,1030000.0,86.5,64.6,6.283251386387252,766,47.069,0.0077067175,0.0433349144585472
mp-766,As4Ru2,0.517,0.808,5e+20,300.0,732000.0,113.0,91.4,4.631595879374922,766,47.069,0.009346908,0.0542367520587637
mp-766,As4Ru2,0.517,0.808,1e+20,300.0,293000.0,179.0,183.0,1.883395731627812,766,47.069,0.0093880129999999,0.0575335253342935
mp-766,As4Ru2,0.517,0.808,5e+19,300.0,186000.0,217.0,232.0,1.159263994329567,766,47.069,0.0087585539999999,0.0544818739548432
mp-766,As4Ru2,0.517,0.808,1e+19,300.0,56300.0,324.0,351.1,0.3205869464100973,766,47.069,0.0059101487999999,0.037414224395013
mp-766,As4Ru2,0.517,0.808,5e+18,300.0,32200.0,375.0,401.8,0.1768069937950349,766,47.069,0.004528125,0.0287525515264964
mp-766,As4Ru2,0.517,0.808,1e+18,300.0,8210.0,498.0,512.5,0.0420234957926516,766,47.069,0.0020361128399999,0.0129658370095593
mp-766,As4Ru2,0.517,0.808,-1e+18,300.0,4420.0,-541.0,276.1,0.0239173896481285,766,47.069,0.0012936500199999,0.0082410482830966
mp-766,As4Ru2,0.517,0.808,-5e+18,300.0,19000.0,-415.0,236.8,0.1037711274822304,766,47.069,0.003272275,0.0208103631933567
mp-766,As4Ru2,0.517,0.808,-1e+19,300.0,34800.0,-362.0,217.3,0.1932881366524655,766,47.069,0.0045603311999999,0.0289469556794266
mp-766,As4Ru2,0.517,0.808,-5e+19,300.0,138000.0,-241.0,172.4,0.7887613005276018,766,47.069,0.0080151779999999,0.0502437501181957
mp-766,As4Ru2,0.517,0.808,-1e+20,300.0,249000.0,-191.0,155.5,1.431452975789795,766,47.069,0.0090837689999999,0.0561877370786678
mp-766,As4Ru2,0.517,0.808,-5e+20,300.0,891000.0,-83.4,111.2,5.597089142081635,766,47.069,0.00619740396,0.0353020552368
mp-766,As4Ru2,0.517,0.808,-1e+21,300.0,1350000.0,-56.1,84.2,9.167047922248903,766,47.069,0.0042487335,0.0226655338896195
mp-1479,BP,1.237,3.397,1e+21,300.0,627000.0,41.9,39.1,4.418505395107264,1479,491.72,0.0011007674699999,0.0006656009106509
mp-1479,BP,1.237,3.397,5e+20,300.0,467000.0,73.0,58.2,3.079976477596326,1479,491.72,0.002488643,0.0015088782043097
mp-1479,BP,1.237,3.397,1e+20,300.0,172000.0,164.0,107.2,1.283081860878412,1479,491.72,0.004626112,0.0028150606985285
mp-1479,BP,1.237,3.397,5e+19,300.0,89900.0,208.0,112.3,0.7348867890299435,1479,491.72,0.0038894335999999,0.0023694151714243
mp-1479,BP,1.237,3.397,1e+19,300.0,22200.0,340.0,138.5,0.1994259119048943,1479,491.72,0.0025663199999999,0.0015650855799661
mp-1479,BP,1.237,3.397,5e+18,300.0,13000.0,404.0,162.0,0.1190069968215767,1479,491.72,0.0021218079999999,0.0012942088588839
mp-1479,BP,1.237,3.397,1e+18,300.0,4850.0,534.0,302.9,0.0416096261746403,1479,491.72,0.0013830066,0.0008437055107156
mp-1479,BP,1.237,3.397,-1e+18,300.0,4460.0,-566.0,278.4,0.0299883748256632,1479,491.72,0.00142878776,0.0008716549834939
mp-1479,BP,1.237,3.397,-5e+18,300.0,14000.0,-430.0,175.0,0.1033932028737523,1479,491.72,0.0025886,0.0015789814204296
mp-1479,BP,1.237,3.397,-1e+19,300.0,24900.0,-363.0,155.4,0.1868083560456716,1479,491.72,0.0032810481,0.0020010181060302
mp-1479,BP,1.237,3.397,-5e+19,300.0,114000.0,-213.0,141.9,0.8396892502894918,1479,491.72,0.005172066,0.0031501152730579
mp-1479,BP,1.237,3.397,-1e+20,300.0,212000.0,-164.0,132.5,1.5728488312547544,1479,491.72,0.005701952,0.003467687812732
mp-1479,BP,1.237,3.397,-5e+20,300.0,754000.0,-85.0,94.1,5.210403773446011,1479,491.72,0.0054476499999999,0.0032887804561563
mp-1479,BP,1.237,3.397,-1e+21,300.0,1330000.0,-50.8,83.1,8.922665153651224,1479,491.72,0.0034322511999999,0.0020567071719386
mp-2150,Ba2Te4,0.449,1.152,1e+21,300.0,76.5,-27.1,0.0,0.000573087898495,2150,0.46541,5.6182365000000033e-08,3.617021719825047e-05
mp-2150,Ba2Te4,0.449,1.152,5e+20,300.0,84.8,-7.43,0.0,0.0005805728643039,2150,0.46541,4.6813755199999985e-09,3.013822033710891e-06
mp-2150,Ba2Te4,0.449,1.152,1e+20,300.0,32.9,61.9,0.0,0.000219019874239,2150,0.46541,1.26059969e-07,8.121914461047595e-05
mp-2150,Ba2Te4,0.449,1.152,5e+19,300.0,19.1,55.2,0.0,0.0001322567418321,2150,0.46541,5.8198464e-08,3.750366147681894e-05
mp-2150,Ba2Te4,0.449,1.152,1e+19,300.0,7.56,174.0,0.0,2.5264972921927813e-05,2150,0.46541,2.2888656e-07,0.0001475306517738
mp-2150,Ba2Te4,0.449,1.152,5e+18,300.0,4.83,243.0,0.1,1.1570792742327313e-05,2150,0.46541,2.8520667e-07,0.0001838376353168
mp-2150,Ba2Te4,0.449,1.152,1e+18,300.0,1.09,401.0,0.1,2.3222277779719646e-06,2150,0.46541,1.7527309e-07,0.000112979232583
mp-2150,Ba2Te4,0.449,1.152,-1e+18,300.0,0.38,-464.0,0.0,1.7622585228147165e-06,2150,0.46541,8.181248e-08,5.2735547294498027e-05
mp-2150,Ba2Te4,0.449,1.152,-5e+18,300.0,1.93,-299.0,0.0,5.404806443950188e-06,2150,0.46541,1.7254393e-07,0.0001112193074518
mp-2150,Ba2Te4,0.449,1.152,-1e+19,300.0,3.88,-241.0,0.0,1.1584547150524291e-05,2150,0.46541,2.253542800000001e-07,0.000145258162158
mp-2150,Ba2Te4,0.449,1.152,-5e+19,300.0,15.7,-112.0,0.0,6.176902603906944e-05,2150,0.46541,1.969408e-07,0.0001269298031191
mp-2150,Ba2Te4,0.449,1.152,-1e+20,300.0,27.2,-72.3,0.0,0.0001234779692312,2150,0.46541,1.4218228799999998e-07,9.16253898346258e-05
mp-2150,Ba2Te4,0.449,1.152,-5e+20,300.0,55.0,1.96,0.0,0.0002911613552195,2150,0.46541,2.1128799999999998e-10,1.361096025948091e-07
mp-2150,Ba2Te4,0.449,1.152,-1e+21,300.0,64.7,39.2,0.0,0.000407156180946,2150,0.46541,9.942060800000005e-08,6.402980655442857e-05
mp-8281,BaCd2As2,,0.183,1e+21,300.0,1140000.0,38.4,71.4,8.206465036512284,8281,0.6431999999999999,0.0016809983999999,0.0569851534401937
mp-8281,BaCd2As2,,0.183,5e+20,300.0,749000.0,51.5,93.5,5.181407611607411,8281,0.6431999999999999,0.0019865352499999,0.1023177207357841
mp-8281,BaCd2As2,,0.183,1e+20,300.0,199000.0,137.0,124.4,1.2937637027655848,8281,0.6431999999999999,0.0037350309999999,0.578487505160842
mp-8281,BaCd2As2,,0.183,5e+19,300.0,105000.0,179.0,131.1,0.7172605896055293,8281,0.6431999999999999,0.0033643049999999,0.7418748530544483
mp-8281,BaCd2As2,,0.183,1e+19,300.0,24600.0,286.0,153.6,0.1819513313166581,8281,0.6431999999999999,0.0020121816,0.7315682070545471
mp-8281,BaCd2As2,,0.183,5e+18,300.0,13100.0,336.0,163.4,0.1080510380471511,8281,0.6431999999999999,0.0014789375999999,0.5905899060762737
mp-8281,BaCd2As2,,0.183,1e+18,300.0,3170.0,394.0,183.3,0.1005466116592595,8281,0.6431999999999999,0.0004920981199999,0.1984942636183801
mp-8281,BaCd2As2,,0.183,-1e+18,300.0,31000.0,-242.0,1921.5,0.2070553350512931,8281,0.6431999999999999,0.001815484,0.6405666363353586
mp-8281,BaCd2As2,,0.183,-5e+18,300.0,113000.0,-144.0,1409.7,0.7497441897436882,8281,0.6431999999999999,0.002343168,0.5046508002085482
mp-8281,BaCd2As2,,0.183,-1e+19,300.0,187000.0,-111.0,1167.2,1.2081491959283652,8281,0.6431999999999999,0.002304027,0.3733537149664472
mp-8281,BaCd2As2,,0.183,-5e+19,300.0,548000.0,-52.1,684.4,3.555185100674889,8281,0.6431999999999999,0.00148749668,0.1062906315879088
mp-8281,BaCd2As2,,0.183,-1e+20,300.0,832000.0,-50.6,519.3,5.6649983548668414,8281,0.6431999999999999,0.0021302195199999,0.1013071910630273
mp-8281,BaCd2As2,,0.183,-5e+20,300.0,1550000.0,-19.0,193.0,11.184805879436055,8281,0.6431999999999999,0.0005595499999999,0.0141921640647657
mp-8281,BaCd2As2,,0.183,-1e+21,300.0,2170000.0,-16.1,135.4,15.993084287706369,8281,0.6431999999999999,0.0005624857,0.010143233133176
mp-1105,BaO2,2.271,2.278,1e+21,300.0,96500.0,159.0,6.0,0.5605934688623133,1105,0.23348,0.0024396164999999,0.9216841749524232
mp-1105,BaO2,2.271,2.278,5e+20,300.0,52000.0,209.0,6.5,0.2942481106288695,1105,0.23348,0.0022714119999999,1.29123991365165
mp-1105,BaO2,2.271,2.278,1e+20,300.0,11400.0,340.0,7.1,0.0619445683816438,1105,0.23348,0.0013178399999999,1.3382502415616129
mp-1105,BaO2,2.271,2.278,5e+19,300.0,5900.0,399.0,7.4,0.0315278131982496,1105,0.23348,0.0009392859,1.0633111778828912
mp-1105,BaO2,2.271,2.278,1e+19,300.0,1300.0,533.0,8.1,0.0067746242634624,1105,0.23348,0.0003693156999999,0.4611553693904052
mp-1105,BaO2,2.271,2.278,5e+18,300.0,677.0,590.0,8.5,0.0035085424766488,1105,0.23348,0.0002356636999999,0.2983229031291088
mp-1105,BaO2,2.271,2.278,1e+18,300.0,147.0,721.0,9.2,0.0007542667258879,1105,0.23348,7.6416627e-05,0.0978720510045095
mp-1105,BaO2,2.271,2.278,-1e+18,300.0,2280.0,-439.0,142.5,0.0128723765408931,1105,0.23348,0.00043940388,0.5350919112327639
mp-1105,BaO2,2.271,2.278,-5e+18,300.0,10300.0,-310.0,129.1,0.0597156955157186,1105,0.23348,0.00098983,1.0128013628497494
mp-1105,BaO2,2.271,2.278,-1e+19,300.0,19900.0,-255.0,124.2,0.1166360677975521,1105,0.23348,0.0012939974999999,1.1087730204500037
mp-1105,BaO2,2.271,2.278,-5e+19,300.0,93900.0,-136.0,117.2,0.5853626108753566,1105,0.23348,0.0017367743999999,0.6363033787933651
mp-1105,BaO2,2.271,2.278,-1e+20,300.0,185000.0,-95.5,115.7,1.1988261951746673,1105,0.23348,0.0016872462499999,0.3533978116587306
mp-1105,BaO2,2.271,2.278,-5e+20,300.0,855000.0,-36.8,106.8,6.020549857607134,1105,0.23348,0.0011578751999999,0.0555421972566141
mp-1105,BaO2,2.271,2.278,-1e+21,300.0,1660000.0,-25.7,103.5,11.708292876388676,1105,0.23348,0.0010964133999999,0.0275439855877949
mp-1253,BaSe,1.956,2.195,1e+21,300.0,280000.0,70.0,17.4,1.933972742301488,1253,0.23361,0.0013719999999999,0.1898889449373189
mp-1253,BaSe,1.956,2.195,5e+20,300.0,163000.0,105.0,20.3,1.025899854001965,1253,0.23361,0.0017970749999999,0.4280415101850635
mp-1253,BaSe,1.956,2.195,1e+20,300.0,38600.0,212.0,24.1,0.2415549038804195,1253,0.23361,0.0017348384,1.095307157051686
mp-1253,BaSe,1.956,2.195,5e+19,300.0,20200.0,264.0,25.2,0.12744532078212,1253,0.23361,0.0014078591999999,1.1697868323476202
mp-1253,BaSe,1.956,2.195,1e+19,300.0,4440.0,395.0,27.7,0.0280148759195759,1253,0.23361,0.000692751,0.7943636830004116
mp-1253,BaSe,1.956,2.195,5e+18,300.0,2320.0,452.0,28.9,0.0145531824545097,1253,0.23361,0.0004739852799999,0.5729922649828831
mp-1253,BaSe,1.956,2.195,1e+18,300.0,504.0,585.0,31.5,0.003145832766838,1253,0.23361,0.0001724814,0.2185560515882156
mp-1253,BaSe,1.956,2.195,-1e+18,300.0,2170.0,-512.0,135.2,0.0128408775128769,1253,0.23361,0.00056885248,0.692453383498638
mp-1253,BaSe,1.956,2.195,-5e+18,300.0,10200.0,-379.0,127.0,0.0609363268662614,1253,0.23361,0.0014651382,1.4922659694193827
mp-1253,BaSe,1.956,2.195,-1e+19,300.0,19900.0,-321.0,123.9,0.1199319875290889,1253,0.23361,0.0020505159,1.7399765563896026
mp-1253,BaSe,1.956,2.195,-5e+19,300.0,95700.0,-193.0,119.5,0.5957560387248281,1253,0.23361,0.0035647292999999,1.2894412600306484
mp-1253,BaSe,1.956,2.195,-1e+20,300.0,191000.0,-143.0,119.4,1.2108798504904954,1253,0.23361,0.003905759,0.8111706008886974
mp-1253,BaSe,1.956,2.195,-5e+20,300.0,931000.0,-55.1,116.2,6.435871438214484,1253,0.23361,0.00282652531,0.1271399584593507
mp-1253,BaSe,1.956,2.195,-1e+21,300.0,1720000.0,-36.6,107.5,12.311702740987451,1253,0.23361,0.0023040432,0.0550973079962926
mp-1569,Be2C,1.153,4.131,1e+21,300.0,294000.0,44.9,18.3,2.0274482121619264,1569,94.837,0.0005927069399999,0.0018356795014256
mp-1569,Be2C,1.153,4.131,5e+20,300.0,165000.0,81.0,20.6,1.0507224228954215,1569,94.837,0.0010825649999999,0.0033869768912398
mp-1569,Be2C,1.153,4.131,1e+20,300.0,37100.0,184.0,23.2,0.2414797222632371,1569,94.837,0.0012560576,0.0039632236558759
mp-1569,Be2C,1.153,4.131,5e+19,300.0,19200.0,229.0,23.9,0.1319194497638502,1569,94.837,0.0010068672,0.0031806212153417
mp-1569,Be2C,1.153,4.131,1e+19,300.0,4060.0,348.0,25.3,0.0299882259912978,1569,94.837,0.00049168224,0.001554857751451
mp-1569,Be2C,1.153,4.131,5e+18,300.0,2080.0,405.0,25.9,0.0154624018636614,1569,94.837,0.000341172,0.0010790610745176
mp-1569,Be2C,1.153,4.131,1e+18,300.0,435.0,540.0,27.2,0.0032444735156591,1569,94.837,0.0001268459999999,0.0004012410576461
mp-1569,Be2C,1.153,4.131,-1e+18,300.0,708.0,-461.0,44.2,0.0043101930503246,1569,94.837,0.0001504648679999,0.0004759472460691
mp-1569,Be2C,1.153,4.131,-5e+18,300.0,3460.0,-325.0,43.2,0.0211901146640218,1569,94.837,0.0003654625,0.0011558174351362
mp-1569,Be2C,1.153,4.131,-1e+19,300.0,6880.0,-268.0,42.9,0.0423984834542039,1569,94.837,0.00049414912,0.0015624544249809
mp-1569,Be2C,1.153,4.131,-5e+19,300.0,35000.0,-146.0,43.7,0.2242111062554559,1569,94.837,0.00074606,0.0023544619029713
mp-1569,Be2C,1.153,4.131,-1e+20,300.0,71400.0,-103.0,44.5,0.4728679988795902,1569,94.837,0.0007574826,0.0023842733682379
mp-1569,Be2C,1.153,4.131,-5e+20,300.0,362000.0,-41.0,45.2,2.607301234112407,1569,94.837,0.000608522,0.0018734456267627
mp-1569,Be2C,1.153,4.131,-1e+21,300.0,730000.0,-26.4,45.6,5.24672245391125,1569,94.837,0.0005087808,0.0015250655776746
mp-2542,Be2O2,,7.742,1e+21,300.0,120000.0,106.0,7.5,0.6629213978089394,2542,188.35,0.00134832,0.0021400441673967
mp-2542,Be2O2,,7.742,5e+20,300.0,69500.0,142.0,8.7,0.370510296459235,2542,188.35,0.0014013979999999,0.0022277356040397
mp-2542,Be2O2,,7.742,1e+20,300.0,17100.0,263.0,10.7,0.083230499118504,2542,188.35,0.0011827899,0.0018830912629376
mp-2542,Be2O2,,7.742,5e+19,300.0,9260.0,322.0,11.6,0.0431945351930539,2542,188.35,0.0009601138399999,0.0015288989218034
mp-2542,Be2O2,,7.742,1e+19,300.0,2660.0,457.0,16.6,0.0103994891600505,2542,188.35,0.00055553834,0.000884801170798
mp-2542,Be2O2,,7.742,5e+18,300.0,1620.0,511.0,20.2,0.0058398608243973,2542,188.35,0.0004230160199999,0.0006737503126727
mp-2542,Be2O2,,7.742,1e+18,300.0,505.0,635.0,31.5,0.001568045412441,2542,188.35,0.0002036286249999,0.000324332779036
mp-2542,Be2O2,,7.742,-1e+18,300.0,2590.0,-411.0,161.8,0.0072444493236093,2542,188.35,0.0004375053899999,0.0006968227709196
mp-2542,Be2O2,,7.742,-5e+18,300.0,7350.0,-283.0,91.7,0.0260546278836907,2542,188.35,0.00058865415,0.0009374665232736
mp-2542,Be2O2,,7.742,-1e+19,300.0,11600.0,-228.0,72.7,0.0466970589060891,2542,188.35,0.0006030143999999,0.0009602308470588
mp-2542,Be2O2,,7.742,-5e+19,300.0,35400.0,-120.0,44.2,0.1864686901107347,2542,188.35,0.0005097599999999,0.0008111321966644
mp-2542,Be2O2,,7.742,-1e+20,300.0,57300.0,-86.1,35.8,0.3276857784745839,2542,188.35,0.0004247769329999,0.0006754009059109
mp-2542,Be2O2,,7.742,-5e+20,300.0,176000.0,-36.8,21.9,1.1154980886213697,2542,188.35,0.0002383462399999,0.0003773978519641
mp-2542,Be2O2,,7.742,-1e+21,300.0,275000.0,-24.4,17.2,1.790155026331089,2542,188.35,0.0001637239999999,0.0002583210263669
mp-422,BeS,3.133,5.667,1e+21,300.0,252000.0,58.8,15.7,1.5256012416636135,422,119.76,0.0008712748799999,0.0021550988849794
mp-422,BeS,3.133,5.667,5e+20,300.0,164000.0,91.0,20.5,0.8929841153788303,422,119.76,0.0013580839999999,0.0033768348374239
mp-422,BeS,3.133,5.667,1e+20,300.0,41900.0,199.0,26.1,0.2120310359226146,422,119.76,0.0016592818999999,0.0041491718169789
mp-422,BeS,3.133,5.667,5e+19,300.0,20600.0,257.0,25.7,0.1058931701208423,422,119.76,0.0013606094,0.0034053291491407
mp-422,BeS,3.133,5.667,1e+19,300.0,4150.0,401.0,25.9,0.0215141031700636,422,119.76,0.0006673241499999,0.0016713534346171
mp-422,BeS,3.133,5.667,5e+18,300.0,2270.0,459.0,28.3,0.0115234071216666,422,119.76,0.0004782458699999,0.0011978954338944
mp-422,BeS,3.133,5.667,1e+18,300.0,640.0,587.0,39.9,0.00293592358894,422,119.76,0.0002205241599999,0.0005524016883001
mp-422,BeS,3.133,5.667,-1e+18,300.0,2330.0,-460.0,145.4,0.0098297536124307,422,119.76,0.000493028,0.0012349387179081
mp-422,BeS,3.133,5.667,-5e+18,300.0,8160.0,-331.0,101.9,0.0412887276227059,422,119.76,0.0008940177599999,0.0022387516098408
mp-422,BeS,3.133,5.667,-1e+19,300.0,15100.0,-272.0,94.4,0.0804863883031731,422,119.76,0.0011171584,0.0027966134826428
mp-422,BeS,3.133,5.667,-5e+19,300.0,66300.0,-149.0,82.7,0.3942654275893111,422,119.76,0.0014719262999999,0.0036750912539687
mp-422,BeS,3.133,5.667,-1e+20,300.0,123000.0,-113.0,77.0,0.7531244736074889,422,119.76,0.0015705869999999,0.003909749266381
mp-422,BeS,3.133,5.667,-5e+20,300.0,589000.0,-44.5,73.6,3.603699134664224,422,119.76,0.0011663672499999,0.0028364111765002
mp-422,BeS,3.133,5.667,-1e+21,300.0,1010000.0,-25.3,63.0,6.418730280759977,422,119.76,0.0006464908999999,0.0015370837031599
mp-1541,BeSe,2.688,4.212,1e+21,300.0,311000.0,52.0,19.4,1.9986863924451503,1541,70.424,0.0008409439999999,0.0034834830433228
mp-1541,BeSe,2.688,4.212,5e+20,300.0,207000.0,83.0,25.9,1.2002626893803807,1541,70.424,0.001426023,0.0059729326897968
mp-1541,BeSe,2.688,4.212,1e+20,300.0,55100.0,188.0,34.4,0.3078695909655244,1541,70.424,0.0019474543999999,0.0082598738500557
mp-1541,BeSe,2.688,4.212,5e+19,300.0,27500.0,243.0,34.4,0.158988581312343,1541,70.424,0.0016238475,0.0069018648797903
mp-1541,BeSe,2.688,4.212,1e+19,300.0,5600.0,383.0,35.0,0.0336676783904042,1541,70.424,0.0008214584,0.0034976678638424
mp-1541,BeSe,2.688,4.212,5e+18,300.0,3010.0,441.0,37.6,0.0180658197183411,1541,70.424,0.00058538781,0.0024930606585197
mp-1541,BeSe,2.688,4.212,1e+18,300.0,820.0,565.0,51.2,0.0046439261836537,1541,70.424,0.0002617644999999,0.0011150200489771
mp-1541,BeSe,2.688,4.212,-1e+18,300.0,3550.0,-458.0,221.4,0.0167314880710751,1541,70.424,0.0007446622,0.0031714415123277
mp-1541,BeSe,2.688,4.212,-5e+18,300.0,14400.0,-323.0,179.4,0.0735723250379709,1541,70.424,0.0015023375999999,0.0063931461061092
mp-1541,BeSe,2.688,4.212,-1e+19,300.0,27700.0,-263.0,173.1,0.1450613857856075,1541,70.424,0.0019159813,0.0081451329904719
mp-1541,BeSe,2.688,4.212,-5e+19,300.0,126000.0,-140.0,156.8,0.7004257262208635,1541,70.424,0.0024695999999999,0.0104166746154385
mp-1541,BeSe,2.688,4.212,-1e+20,300.0,228000.0,-101.0,142.6,1.2943399170052152,1541,70.424,0.002325828,0.0097290093553121
mp-1541,BeSe,2.688,4.212,-5e+20,300.0,773000.0,-39.9,96.5,4.816874879760311,1541,70.424,0.0012306237299999,0.0049067361270048
mp-1541,BeSe,2.688,4.212,-1e+21,300.0,1220000.0,-24.3,76.4,7.972034590920141,1541,70.424,0.0007203978,0.0027567636695878
mp-252,BeTe,2.031,3.626,1e+21,300.0,460000.0,42.2,28.7,3.0960653017400044,252,55.218,0.0008191864,0.0042143506670022
mp-252,BeTe,2.031,3.626,5e+20,300.0,315000.0,74.1,39.3,1.9578842844108533,252,55.218,0.0017296051499999,0.0090751818095001
mp-252,BeTe,2.031,3.626,1e+20,300.0,90500.0,164.0,56.5,0.6224341383198128,252,55.218,0.002434088,0.0130770186741598
mp-252,BeTe,2.031,3.626,5e+19,300.0,47300.0,207.0,59.1,0.3411408886005643,252,55.218,0.0020267577,0.0109437853119279
mp-252,BeTe,2.031,3.626,1e+19,300.0,10800.0,336.0,67.6,0.0781532704051313,252,55.218,0.0012192767999999,0.0066149816644793
mp-252,BeTe,2.031,3.626,5e+18,300.0,6050.0,393.0,75.6,0.0428582810039014,252,55.218,0.0009344164499999,0.0050727575307373
mp-252,BeTe,2.031,3.626,1e+18,300.0,1730.0,520.0,108.2,0.0114736862897775,252,55.218,0.0004677919999999,0.0025409910801812
mp-252,BeTe,2.031,3.626,-1e+18,300.0,3710.0,-514.0,231.6,0.0171946774268294,252,55.218,0.00098016716,0.0053236011879246
mp-252,BeTe,2.031,3.626,-5e+18,300.0,13900.0,-383.0,173.5,0.0705492663442609,252,55.218,0.0020389771,0.0110636494919275
mp-252,BeTe,2.031,3.626,-1e+19,300.0,26100.0,-323.0,162.9,0.1353510606507418,252,55.218,0.0027229869,0.0147578430997777
mp-252,BeTe,2.031,3.626,-5e+19,300.0,126000.0,-181.0,157.5,0.678232890535481,252,55.218,0.0041278859999999,0.0221547273574791
mp-252,BeTe,2.031,3.626,-1e+20,300.0,237000.0,-129.0,147.9,1.3187898159405174,252,55.218,0.0039439169999999,0.0209275253131965
mp-252,BeTe,2.031,3.626,-5e+20,300.0,762000.0,-47.9,95.1,4.9429517153641545,252,55.218,0.0017483404199999,0.0087183149708388
mp-252,BeTe,2.031,3.626,-1e+21,300.0,1160000.0,-31.7,72.7,7.769929661949132,252,55.218,0.0011656724,0.005551884652771
mp-33723,BiTeBr,1.264,1.335,1e+21,300.0,109000.0,56.9,6.8,0.7828474516365445,33723,1.2918333333333332,0.0003528994899999,0.0510294633116328
mp-33723,BiTeBr,1.264,1.335,5e+20,300.0,65800.0,81.3,8.2,0.4362908289805755,33723,1.2918333333333332,0.000434917602,0.0755011031298221
mp-33723,BiTeBr,1.264,1.335,1e+20,300.0,16100.0,184.0,10.1,0.0939300184969443,33723,1.2918333333333332,0.0005450816,0.1180031783810861
mp-33723,BiTeBr,1.264,1.335,5e+19,300.0,8360.0,239.0,10.4,0.0473036389967408,33723,1.2918333333333332,0.0004775315599999,0.1069789505928591
mp-33723,BiTeBr,1.264,1.335,1e+19,300.0,1770.0,375.0,11.0,0.0096660292507644,33723,1.2918333333333332,0.00024890625,0.0573737315181935
mp-33723,BiTeBr,1.264,1.335,5e+18,300.0,899.0,434.0,11.2,0.0048966445061238,33723,1.2918333333333332,0.0001693320439999,0.0391751668181602
mp-33723,BiTeBr,1.264,1.335,1e+18,300.0,188.0,571.0,11.7,0.0010148735550947,33723,1.2918333333333332,6.1295708e-05,0.0142234117679268
mp-33723,BiTeBr,1.264,1.335,-1e+18,300.0,1590.0,-316.0,99.2,0.0087914007246358,33723,1.2918333333333332,0.00015877104,0.0366218715919614
mp-33723,BiTeBr,1.264,1.335,-5e+18,300.0,6980.0,-193.0,87.2,0.0415006307311313,33723,1.2918333333333332,0.00025999802,0.0584995268268954
mp-33723,BiTeBr,1.264,1.335,-1e+19,300.0,12700.0,-147.0,79.5,0.0788800571499616,33723,1.2918333333333332,0.0002744343,0.0600638255755066
mp-33723,BiTeBr,1.264,1.335,-5e+19,300.0,47700.0,-67.6,59.5,0.3295430293788557,33723,1.2918333333333332,0.0002179775519999,0.0403319470444124
mp-33723,BiTeBr,1.264,1.335,-1e+20,300.0,80800.0,-47.7,50.4,0.5651921290906651,33723,1.2918333333333332,0.000183843432,0.0296996625603657
mp-33723,BiTeBr,1.264,1.335,-5e+20,300.0,196000.0,-43.1,24.5,1.5125093629321409,33723,1.2918333333333332,0.0003640915599999,0.0389494009221581
mp-33723,BiTeBr,1.264,1.335,-1e+21,300.0,279000.0,-33.6,17.4,1.941968541828453,33723,1.2918333333333332,0.0003149798399999,0.0292206992412738
mp-866229,Ca2SnHg,0.154,0.201,1e+21,300.0,23900000.0,42.5,1492.8,155.90301721737035,866229,0.80028,0.0431693749999999,0.0826454371412192
mp-866229,Ca2SnHg,0.154,0.201,5e+20,300.0,14400000.0,77.1,1797.1,87.71834153060145,866229,0.80028,0.0855995039999999,0.2901067679993444
mp-866229,Ca2SnHg,0.154,0.201,1e+20,300.0,3910000.0,176.0,2438.7,22.01917244381804,866229,0.80028,0.12111616,1.592275191065918
mp-866229,Ca2SnHg,0.154,0.201,5e+19,300.0,2160000.0,222.0,2676.5,12.809028260278057,866229,0.80028,0.10645344,2.346631539915424
mp-866229,Ca2SnHg,0.154,0.201,1e+19,300.0,580000.0,306.0,3167.4,7.581674779726707,866229,0.80028,0.05430888,1.9437785609875624
mp-866229,Ca2SnHg,0.154,0.201,5e+18,300.0,395000.0,301.0,3349.3,9.10212856180883,866229,0.80028,0.035787395,1.0842027404733603
mp-866229,Ca2SnHg,0.154,0.201,1e+18,300.0,288000.0,243.0,3601.5,12.028123109058813,866229,0.80028,0.017006112,0.3976982603857627
mp-866229,Ca2SnHg,0.154,0.201,-1e+18,300.0,248000.0,177.0,1093.5,13.495064671046537,866229,0.80028,0.0077695919999999,0.1630515145759917
mp-866229,Ca2SnHg,0.154,0.201,-5e+18,300.0,215000.0,-1.98,1054.8,14.065284420319095,866229,0.80028,8.42886e-07,1.7010171484263907e-05
mp-866229,Ca2SnHg,0.154,0.201,-1e+19,300.0,241000.0,-160.0,1025.8,11.99933964827366,866229,0.80028,0.0061695999999999,0.1446042969135888
mp-866229,Ca2SnHg,0.154,0.201,-5e+19,300.0,758000.0,-242.0,927.8,6.190030281552015,866229,0.80028,0.044391512,1.9051305397910328
mp-866229,Ca2SnHg,0.154,0.201,-1e+20,300.0,1380000.0,-198.0,854.5,7.848143692757714,866229,0.80028,0.05410152,1.87669528882952
mp-866229,Ca2SnHg,0.154,0.201,-5e+20,300.0,4570000.0,-99.9,570.5,28.427312696946995,866229,0.80028,0.0456086457,0.4681396053336008
mp-866229,Ca2SnHg,0.154,0.201,-1e+21,300.0,7160000.0,-75.4,447.0,48.87347560241835,866229,0.80028,0.0407057456,0.2458385425442942
mp-2741,CaF2,7.516,7.77,1e+21,300.0,40000.0,141.0,2.5,0.2143037947476287,2741,0.7666499999999999,0.0007952399999999,0.2432041155020433
mp-2741,CaF2,7.516,7.77,5e+20,300.0,22000.0,183.0,2.7,0.1130786946207897,2741,0.7666499999999999,0.000736758,0.2512449592146982
mp-2741,CaF2,7.516,7.77,1e+20,300.0,4470.0,314.0,2.8,0.0221400679498866,2741,0.7666499999999999,0.00044072412,0.1676203103617172
mp-2741,CaF2,7.516,7.77,5e+19,300.0,2150.0,378.0,2.7,0.0107820429303809,2741,0.7666499999999999,0.0003072005999999,0.1185443548899655
mp-2741,CaF2,7.516,7.77,1e+19,300.0,434.0,520.0,2.7,0.0021660268795903,2741,0.7666499999999999,0.0001173535999999,0.0457925937663678
mp-2741,CaF2,7.516,7.77,5e+18,300.0,228.0,577.0,2.8,0.0011182361992548,2741,0.7666499999999999,7.590781199999998e-05,0.0296604398649412
mp-2741,CaF2,7.516,7.77,1e+18,300.0,53.0,706.0,3.3,0.0002451610210936,2741,0.7666499999999999,2.6417108e-05,0.0103340492974919
mp-2741,CaF2,7.516,7.77,-1e+18,300.0,261.0,-387.0,16.3,0.0013301942530503,2741,0.7666499999999999,3.908970899999999e-05,0.0152698113672134
mp-2741,CaF2,7.516,7.77,-5e+18,300.0,1090.0,-263.0,13.6,0.0061106106286993,2741,0.7666499999999999,7.539421e-05,0.0292694305182019
mp-2741,CaF2,7.516,7.77,-1e+19,300.0,2010.0,-213.0,12.6,0.0117684433585047,2741,0.7666499999999999,9.119169e-05,0.0351449881916535
mp-2741,CaF2,7.516,7.77,-5e+19,300.0,8440.0,-115.0,10.5,0.0525882299676845,2741,0.7666499999999999,0.0001116189999999,0.0408741911388716
mp-2741,CaF2,7.516,7.77,-1e+20,300.0,16000.0,-81.4,10.0,0.1010792840529073,2741,0.7666499999999999,0.0001060153599999,0.0366526848689721
mp-2741,CaF2,7.516,7.77,-5e+20,300.0,61500.0,-31.7,7.7,0.422209515212664,2741,0.7666499999999999,6.180073499999999e-05,0.0155949632927684
mp-2741,CaF2,7.516,7.77,-1e+21,300.0,105000.0,-21.2,6.6,0.7336766793714536,2741,0.7666499999999999,4.719119999999998e-05,0.0094361849286923
mp-2605,CaO,3.65,4.015,1e+21,300.0,633000.0,97.3,39.5,3.684617565085427,2605,27.216,0.0059927945699999,0.0581813087461185
mp-2605,CaO,3.65,4.015,5e+20,300.0,379000.0,141.0,47.4,2.0947901078501765,2605,27.216,0.0075348989999999,0.0771207358001092
mp-2605,CaO,3.65,4.015,1e+20,300.0,100000.0,258.0,62.4,0.5196373792334322,2605,27.216,0.0066563999999999,0.0719983454029121
mp-2605,CaO,3.65,4.015,5e+19,300.0,54700.0,312.0,68.3,0.2791378302948455,2605,27.216,0.0053247168,0.0580980917375117
mp-2605,CaO,3.65,4.015,1e+19,300.0,13300.0,438.0,83.1,0.0654180715964621,2605,27.216,0.0025515252,0.0280578362162537
mp-2605,CaO,3.65,4.015,5e+18,300.0,7160.0,492.0,89.4,0.0347422195826653,2605,27.216,0.0017331782399999,0.0190803416585962
mp-2605,CaO,3.65,4.015,1e+18,300.0,1630.0,621.0,101.8,0.0077257357778285,2605,27.216,0.00062859483,0.0069269890106249
mp-2605,CaO,3.65,4.015,-1e+18,300.0,14900.0,-523.0,931.9,0.082097985483691,2605,27.216,0.0040755821,0.0447897370230769
mp-2605,CaO,3.65,4.015,-5e+18,300.0,62700.0,-399.0,782.3,0.356561531420059,2605,27.216,0.0099819027,0.1086069136734925
mp-2605,CaO,3.65,4.015,-1e+19,300.0,115000.0,-346.0,715.7,0.6645418488061404,2605,27.216,0.01376734,0.1481392299474573
mp-2605,CaO,3.65,4.015,-5e+19,300.0,463000.0,-224.0,578.6,2.8089866304830102,2605,27.216,0.0232314879999999,0.2321215488210811
mp-2605,CaO,3.65,4.015,-1e+20,300.0,853000.0,-174.0,532.4,5.259703232191637,2605,27.216,0.025825428,0.2385669170766452
mp-2605,CaO,3.65,4.015,-5e+20,300.0,3470000.0,-78.3,433.4,23.92194747059828,2605,27.216,0.0212741882999999,0.1248047058140032
mp-2605,CaO,3.65,4.015,-1e+21,300.0,6580000.0,-57.2,411.0,44.73268783615884,2605,27.216,0.0215287072,0.0897669207631349
mp-1672,CaS,2.373,3.175,1e+21,300.0,147000.0,54.2,9.2,0.9659205183100298,1672,23.423,0.00043183308,0.0053118350975288
mp-1672,CaS,2.373,3.175,5e+20,300.0,83500.0,84.6,10.4,0.5260111028834588,1672,23.423,0.0005976228599999,0.0074861904414242
mp-1672,CaS,2.373,3.175,1e+20,300.0,20100.0,175.0,12.6,0.123303030887245,1672,23.423,0.0006155625,0.0078427917010053
mp-1672,CaS,2.373,3.175,5e+19,300.0,10700.0,224.0,13.3,0.0642924918433249,1672,23.423,0.0005368832,0.0068575362637449
mp-1672,CaS,2.373,3.175,1e+19,300.0,2380.0,353.0,14.8,0.0137567496760635,1672,23.423,0.0002965694199999,0.0037962089614297
mp-1672,CaS,2.373,3.175,5e+18,300.0,1250.0,410.0,15.6,0.0071159156283482,1672,23.423,0.000210125,0.0026904476370068
mp-1672,CaS,2.373,3.175,1e+18,300.0,277.0,539.0,17.3,0.001543291210888,1672,23.423,8.047431699999998e-05,0.0010306410161285
mp-1672,CaS,2.373,3.175,-1e+18,300.0,1230.0,-498.0,76.7,0.0067033957335596,1672,23.423,0.0003050449199999,0.0039058742850596
mp-1672,CaS,2.373,3.175,-5e+18,300.0,5640.0,-367.0,70.5,0.031278651014652,1672,23.423,0.0007596459599999,0.0097165123426258
mp-1672,CaS,2.373,3.175,-1e+19,300.0,11100.0,-309.0,69.0,0.0617110518577907,1672,23.423,0.0010598390999999,0.0135386690216407
mp-1672,CaS,2.373,3.175,-5e+19,300.0,53700.0,-179.0,67.1,0.3090167193737687,1672,23.423,0.0017206016999999,0.0217503854014472
mp-1672,CaS,2.373,3.175,-1e+20,300.0,105000.0,-131.0,65.5,0.6213821092974098,1672,23.423,0.0018019049999999,0.022482237120618
mp-1672,CaS,2.373,3.175,-5e+20,300.0,450000.0,-55.4,56.2,3.035130000113337,1672,23.423,0.0013811219999999,0.0156600863325637
mp-1672,CaS,2.373,3.175,-1e+21,300.0,847000.0,-35.3,52.9,5.75375017277803,1672,23.423,0.0010554382299999,0.0108521842605825
mp-9569,CaZn2P2,0.876,1.014,1e+21,300.0,541000.0,34.1,33.8,3.807772997853217,9569,0.97685,0.00062908021,0.0394438732340411
mp-9569,CaZn2P2,0.876,1.014,5e+20,300.0,341000.0,49.6,42.5,2.2747045598346576,9569,0.97685,0.00083891456,0.0774012440414955
mp-9569,CaZn2P2,0.876,1.014,1e+20,300.0,87400.0,124.0,54.5,0.568724404641027,9569,0.97685,0.0013438624,0.2608471768097357
mp-9569,CaZn2P2,0.876,1.014,5e+19,300.0,46700.0,161.0,58.3,0.3125991909577947,9569,0.97685,0.0012105106999999,0.2816343695793256
mp-9569,CaZn2P2,0.876,1.014,1e+19,300.0,11000.0,266.0,68.7,0.0740453610187914,9569,0.97685,0.000778316,0.2221865360349847
mp-9569,CaZn2P2,0.876,1.014,5e+18,300.0,5870.0,317.0,73.3,0.0390439287981633,9569,0.97685,0.00058987043,0.1741925254040557
mp-9569,CaZn2P2,0.876,1.014,1e+18,300.0,1340.0,443.0,83.6,0.0086965113932667,9569,0.97685,0.0002629736599999,0.0800490865605523
mp-9569,CaZn2P2,0.876,1.014,-1e+18,300.0,1850.0,-484.0,115.6,0.0098218898128054,9569,0.97685,0.0004333736,0.1317683024542903
mp-9569,CaZn2P2,0.876,1.014,-5e+18,300.0,8210.0,-351.0,102.4,0.0453497692058905,9569,0.97685,0.0010114802099999,0.2968539733047529
mp-9569,CaZn2P2,0.876,1.014,-1e+19,300.0,15500.0,-295.0,97.0,0.0875605742106212,9569,0.97685,0.0013488874999999,0.3801787203214088
mp-9569,CaZn2P2,0.876,1.014,-5e+19,300.0,67400.0,-173.0,84.2,0.4074562071400462,9569,0.97685,0.0020172146,0.4371607790809951
mp-9569,CaZn2P2,0.876,1.014,-1e+20,300.0,121000.0,-131.0,75.4,0.7647639006732606,9569,0.97685,0.002076481,0.357682204855615
mp-9569,CaZn2P2,0.876,1.014,-5e+20,300.0,449000.0,-62.0,56.0,3.126604668552645,9569,0.97685,0.001725956,0.1261831412366087
mp-9569,CaZn2P2,0.876,1.014,-1e+21,300.0,785000.0,-41.2,49.0,5.407285419988949,9569,0.97685,0.0013324904,0.0626157018456058
mp-241,CdF2,3.151,3.622,1e+21,300.0,18900.0,196.0,1.2,0.0956182222441968,241,0.62789,0.0007260624,0.301059080329957
mp-241,CdF2,3.151,3.622,5e+20,300.0,9810.0,246.0,1.2,0.0492706987330278,241,0.62789,0.0005936619599999,0.2630078625844554
mp-241,CdF2,3.151,3.622,1e+20,300.0,1890.0,384.0,1.2,0.0094965081813159,241,0.62789,0.00027869184,0.1311724533337884
mp-241,CdF2,3.151,3.622,5e+19,300.0,922.0,447.0,1.2,0.0046361730144964,241,0.62789,0.0001842238979999,0.0873753083395386
mp-241,CdF2,3.151,3.622,1e+19,300.0,188.0,587.0,1.2,0.0009394097249081,241,0.62789,6.477897199999999e-05,0.0309045526488679
mp-241,CdF2,3.151,3.622,5e+18,300.0,98.3,644.0,1.2,0.0004853625230858,241,0.62789,4.076854879999999e-05,0.0194637876808078
mp-241,CdF2,3.151,3.622,1e+18,300.0,21.9,774.0,1.4,0.000105738371378,241,0.62789,1.3119764399999996e-05,0.0062674459068899
mp-241,CdF2,3.151,3.622,-1e+18,300.0,360.0,-349.0,22.5,0.002025137512492,241,0.62789,4.384836e-05,0.0208829844158795
mp-241,CdF2,3.151,3.622,-5e+18,300.0,1580.0,-225.0,19.8,0.009460601325145,241,0.62789,7.99875e-05,0.0376499997805105
mp-241,CdF2,3.151,3.622,-1e+19,300.0,2960.0,-177.0,18.4,0.0183222146176894,241,0.62789,9.273384e-05,0.0430511082438435
mp-241,CdF2,3.151,3.622,-5e+19,300.0,13000.0,-92.9,16.2,0.0856672569632319,241,0.62789,0.0001121953299999,0.0471701446121013
mp-241,CdF2,3.151,3.622,-1e+20,300.0,26000.0,-63.8,16.2,0.1655459359922529,241,0.62789,0.0001058314399999,0.0400151172385012
mp-241,CdF2,3.151,3.622,-5e+20,300.0,92000.0,-24.6,11.5,0.6462095020466045,241,0.62789,5.567472000000001e-05,0.0131091927853128
mp-241,CdF2,3.151,3.622,-1e+21,300.0,162000.0,-16.4,10.1,1.1491226461944062,241,0.62789,4.357152e-05,0.0073558598628959
mp-2691,CdSe,,0.526,1e+21,300.0,231000.0,69.2,14.4,1.5480506369224012,2691,2.5977,0.00110617584,0.0800464815815239
mp-2691,CdSe,,0.526,5e+20,300.0,131000.0,105.0,16.4,0.831457828427785,2691,2.5977,0.0014442749999999,0.1263524520242403
mp-2691,CdSe,,0.526,1e+20,300.0,28300.0,223.0,17.7,0.177894894918142,2691,2.5977,0.0014073307,0.1521112503748323
mp-2691,CdSe,,0.526,5e+19,300.0,14200.0,279.0,17.7,0.0911360936167127,2691,2.5977,0.0011053422,0.1233257247577208
mp-2691,CdSe,,0.526,1e+19,300.0,3000.0,416.0,18.7,0.0195547590500936,2691,2.5977,0.000519168,0.0595090712745625
mp-2691,CdSe,,0.526,5e+18,300.0,1570.0,475.0,19.7,0.0102627802151733,2691,2.5977,0.00035423125,0.0407480412704479
mp-2691,CdSe,,0.526,1e+18,300.0,356.0,608.0,22.2,0.0023077582614222,2691,2.5977,0.0001316003839999,0.0151846143822161
mp-2691,CdSe,,0.526,-1e+18,300.0,12100.0,-169.0,753.9,0.0735550055439303,2691,2.5977,0.0003455880999999,0.0388118804774533
mp-2691,CdSe,,0.526,-5e+18,300.0,39200.0,-92.6,489.8,0.2643385166659797,2691,2.5977,0.0003361305919999,0.035233340506346
mp-2691,CdSe,,0.526,-1e+19,300.0,66500.0,-65.3,415.2,0.4582942133797816,2691,2.5977,0.0002835619849999,0.0278366350065461
mp-2691,CdSe,,0.526,-5e+19,300.0,191000.0,-28.4,238.3,1.3727493270583466,2691,2.5977,0.0001540529599999,0.0116399641937278
mp-2691,CdSe,,0.526,-1e+20,300.0,267000.0,-19.4,166.6,1.938958241434112,2691,2.5977,0.0001004881199999,0.0066450753827205
mp-2691,CdSe,,0.526,-5e+20,300.0,494000.0,-8.25,61.7,3.5727891825686933,2691,2.5977,3.362287499999999e-05,0.0016346941387556
mp-2691,CdSe,,0.526,-1e+21,300.0,555000.0,-4.89,34.7,3.988869235407945,2691,2.5977,1.32712155e-05,0.000604467137246
mp-406,CdTe,,0.635,1e+21,300.0,336000.0,58.1,21.0,2.266954172905459,406,2.3301,0.0011342049599999,0.0740172891599656
mp-406,CdTe,,0.635,5e+20,300.0,192000.0,95.4,24.0,1.2430750912771575,406,2.3301,0.00174742272,0.1467117626784491
mp-406,CdTe,,0.635,1e+20,300.0,42000.0,204.0,26.2,0.2846903532931475,406,2.3301,0.001747872,0.2005367655344157
mp-406,CdTe,,0.635,5e+19,300.0,21200.0,256.0,26.5,0.148883725267149,406,2.3301,0.0013893631999999,0.1681370296027467
mp-406,CdTe,,0.635,1e+19,300.0,4560.0,389.0,28.4,0.0326845176392943,406,2.3301,0.0006900237599999,0.0876115136418766
mp-406,CdTe,,0.635,5e+18,300.0,2410.0,447.0,30.0,0.0172398805674789,406,2.3301,0.0004815396899999,0.0615428162729658
mp-406,CdTe,,0.635,1e+18,300.0,552.0,581.0,34.5,0.0039249266923829,406,2.3301,0.000186333672,0.0239500876621817
mp-406,CdTe,,0.635,-1e+18,300.0,13400.0,-174.0,835.4,0.0842750988285846,406,2.3301,0.0004056984,0.0504103608668973
mp-406,CdTe,,0.635,-5e+18,300.0,45000.0,-96.7,562.3,0.3106540698729505,406,2.3301,0.0004207900499999,0.0478033969312573
mp-406,CdTe,,0.635,-1e+19,300.0,78600.0,-70.4,490.8,0.5451182762500254,406,2.3301,0.000389554176,0.040646045472562
mp-406,CdTe,,0.635,-5e+19,300.0,230000.0,-25.7,286.9,1.6345419359627813,406,2.3301,0.0001519126999999,0.0114950632960256
mp-406,CdTe,,0.635,-1e+20,300.0,293000.0,-17.2,182.6,2.1476341502578933,406,2.3301,8.668111999999997e-05,0.0058074765333047
mp-406,CdTe,,0.635,-5e+20,300.0,440000.0,-4.86,55.0,3.262577196610995,406,2.3301,1.0392624e-05,0.0005574766950413
mp-406,CdTe,,0.635,-1e+21,300.0,636000.0,-18.9,39.7,4.920719775121291,406,2.3301,0.0002271855599999,0.009399718944032
mp-6973,Cs2Na2S2,2.573,2.679,1e+21,300.0,57900.0,73.7,3.6,0.3968035998658106,6973,0.3345933333333333,0.000314494851,0.1289976085725682
mp-6973,Cs2Na2S2,2.573,2.679,5e+20,300.0,38000.0,108.0,4.7,0.2183426604783145,6973,0.3345933333333333,0.000443232,0.24047919015613
mp-6973,Cs2Na2S2,2.573,2.679,1e+20,300.0,10400.0,228.0,6.5,0.0499986422264618,6973,0.3345933333333333,0.0005406335999999,0.4217198753663367
mp-6973,Cs2Na2S2,2.573,2.679,5e+19,300.0,5520.0,287.0,6.9,0.0259972135104279,6973,0.3345933333333333,0.0004546768799999,0.3782768716315559
mp-6973,Cs2Na2S2,2.573,2.679,1e+19,300.0,1260.0,422.0,7.8,0.0057804684383335,6973,0.3345933333333333,0.0002243858399999,0.197770074105549
mp-6973,Cs2Na2S2,2.573,2.679,5e+18,300.0,661.0,480.0,8.3,0.0030303669539525,6973,0.3345933333333333,0.0001522943999999,0.135323201425414
mp-6973,Cs2Na2S2,2.573,2.679,1e+18,300.0,145.0,613.0,9.1,0.0006664173336552,6973,0.3345933333333333,5.448650499999999e-05,0.0487560808223482
mp-6973,Cs2Na2S2,2.573,2.679,-1e+18,300.0,3170.0,-310.0,197.7,0.0186682422770926,6973,0.3345933333333333,0.0003046369999999,0.2587065967818571
mp-6973,Cs2Na2S2,2.573,2.679,-5e+18,300.0,12600.0,-195.0,157.7,0.0789429269363438,6973,0.3345933333333333,0.0004791149999999,0.3475741157649325
mp-6973,Cs2Na2S2,2.573,2.679,-1e+19,300.0,22300.0,-152.0,139.1,0.1420343904639201,6973,0.3345933333333333,0.0005152191999999,0.3242903261450204
mp-6973,Cs2Na2S2,2.573,2.679,-5e+19,300.0,77400.0,-69.5,96.6,0.509617440930232,6973,0.3345933333333333,0.00037386135,0.1328559270021633
mp-6973,Cs2Na2S2,2.573,2.679,-1e+20,300.0,112000.0,-49.5,69.9,0.803437286929638,6973,0.3345933333333333,0.000274428,0.0723428689299905
mp-6973,Cs2Na2S2,2.573,2.679,-5e+20,300.0,231000.0,-52.3,28.9,1.7393209887603984,6973,0.3345933333333333,0.0006318519899999,0.0913999170460441
mp-6973,Cs2Na2S2,2.573,2.679,-1e+21,300.0,398000.0,-39.8,24.8,2.8488420319654364,6973,0.3345933333333333,0.0006304479199999,0.0594120358345078
mp-29266,Cs2S2,1.726,1.948,1e+21,300.0,13800.0,60.2,0.9,0.0840732556717994,29266,0.6146,5.0011752e-05,0.0214743093115444
mp-29266,Cs2S2,1.726,1.948,5e+20,300.0,7900.0,89.5,1.0,0.0494217562587761,29266,0.6146,6.3280975e-05,0.0285898651980337
mp-29266,Cs2S2,1.726,1.948,1e+20,300.0,1850.0,190.0,1.2,0.0110303425159443,29266,0.6146,6.678499999999999e-05,0.03202450175199
mp-29266,Cs2S2,1.726,1.948,5e+19,300.0,953.0,244.0,1.2,0.0056180175322086,29266,0.6146,5.6737808e-05,0.0274441275790832
mp-29266,Cs2S2,1.726,1.948,1e+19,300.0,201.0,379.0,1.3,0.0011606943766068,29266,0.6146,2.8871841e-05,0.0140664260955612
mp-29266,Cs2S2,1.726,1.948,5e+18,300.0,104.0,438.0,1.3,0.0005929266912561,29266,0.6146,1.9951776e-05,0.0097295214887994
mp-29266,Cs2S2,1.726,1.948,1e+18,300.0,22.2,571.0,1.4,0.0001259239871619,29266,0.6146,7.2381102e-06,0.0035323596667534
mp-29266,Cs2S2,1.726,1.948,-1e+18,300.0,104.0,-504.0,6.5,0.0005889893461878,29266,0.6146,2.6417664e-05,0.012882706513364
mp-29266,Cs2S2,1.726,1.948,-5e+18,300.0,484.0,-369.0,6.0,0.0027967207663845,29266,0.6146,6.590192399999999e-05,0.0320224849517478
mp-29266,Cs2S2,1.726,1.948,-1e+19,300.0,943.0,-310.0,5.9,0.0055053664640951,29266,0.6146,9.06223e-05,0.0438420492230559
mp-29266,Cs2S2,1.726,1.948,-5e+19,300.0,4370.0,-182.0,5.5,0.0263246130325215,29266,0.6146,0.0001447518799999,0.0677545582069361
mp-29266,Cs2S2,1.726,1.948,-1e+20,300.0,8220.0,-135.0,5.1,0.0510314179512943,29266,0.6146,0.0001498095,0.0675191236289999
mp-29266,Cs2S2,1.726,1.948,-5e+20,300.0,31600.0,-53.3,3.9,0.2093564683660792,29266,0.6146,8.977212399999997e-05,0.0326857525051122
mp-29266,Cs2S2,1.726,1.948,-1e+21,300.0,50600.0,-31.1,3.2,0.3581628306253268,29266,0.6146,4.894082599999999e-05,0.0150933478724322
mp-2667,CsAu,0.978,1.598,1e+21,300.0,109000.0,4.07,6.8,0.7688009197313566,2667,0.5922,1.8055741e-06,0.0003979954915143
mp-2667,CsAu,0.978,1.598,5e+20,300.0,98700.0,9.59,12.3,0.7010736444152198,2667,0.5922,9.07725147e-06,0.0021056451994978
mp-2667,CsAu,0.978,1.598,1e+20,300.0,48900.0,36.0,30.5,0.3417361989387088,2667,0.5922,6.337440000000001e-05,0.0203571935873188
mp-2667,CsAu,0.978,1.598,5e+19,300.0,30700.0,56.5,38.3,0.2104975997275354,2667,0.5922,9.8002075e-05,0.0366272709797308
mp-2667,CsAu,0.978,1.598,1e+19,300.0,8780.0,120.0,54.8,0.0576184401086334,2667,0.5922,0.0001264319999999,0.0583695347174652
mp-2667,CsAu,0.978,1.598,5e+18,300.0,5040.0,157.0,62.9,0.031532941217634,2667,0.5922,0.0001242309599999,0.0597519956653466
mp-2667,CsAu,0.978,1.598,1e+18,300.0,1260.0,269.0,78.6,0.007155955610991,2667,0.5922,9.117486e-05,0.0456364164632627
mp-2667,CsAu,0.978,1.598,-1e+18,300.0,813.0,-436.0,50.7,0.0053288144657298,2667,0.5922,0.0001545480479999,0.077593604320866
mp-2667,CsAu,0.978,1.598,-5e+18,300.0,3800.0,-302.0,47.4,0.0255432022544488,2667,0.5922,0.0003465751999999,0.1683103263953743
mp-2667,CsAu,0.978,1.598,-1e+19,300.0,7340.0,-248.0,45.8,0.0501436954420015,2667,0.5922,0.00045143936,0.210840098472218
mp-2667,CsAu,0.978,1.598,-5e+19,300.0,34300.0,-141.0,42.8,0.2402553125305824,2667,0.5922,0.0006819182999999,0.2457495158245559
mp-2667,CsAu,0.978,1.598,-1e+20,300.0,69800.0,-104.0,43.5,0.4714479524268395,2667,0.5922,0.0007549567999999,0.2129342133205003
mp-2667,CsAu,0.978,1.598,-5e+20,300.0,300000.0,-32.7,37.4,2.146257888183852,2667,0.5922,0.000320787,0.0351424429111173
mp-2667,CsAu,0.978,1.598,-1e+21,300.0,492000.0,-22.0,30.7,3.573483586654365,2667,0.5922,0.000238128,0.0171492621832507
mp-571222,CsBr,,4.328,1e+21,300.0,104000.0,248.0,6.5,0.4399614827826471,571222,1.0083,0.006396416,1.3249850409009252
mp-571222,CsBr,,4.328,5e+20,300.0,54200.0,305.0,6.8,0.228194837986763,571222,1.0083,0.0050419549999999,1.2232857376604451
mp-571222,CsBr,,4.328,1e+20,300.0,11600.0,441.0,7.3,0.0483430120162701,571222,1.0083,0.0022559795999999,0.6405132786602377
mp-571222,CsBr,,4.328,5e+19,300.0,5990.0,499.0,7.5,0.0248447089729678,571222,1.0083,0.00149151599,0.433099829204766
mp-571222,CsBr,,4.328,1e+19,300.0,1270.0,633.0,7.9,0.0052890157597341,571222,1.0083,0.00050887503,0.1506157886740436
mp-571222,CsBr,,4.328,5e+18,300.0,648.0,691.0,8.1,0.0027091577576655,571222,1.0083,0.000309407688,0.0918115386866249
mp-571222,CsBr,,4.328,1e+18,300.0,134.0,826.0,8.4,0.0005659972811774,571222,1.0083,9.142498399999998e-05,0.0271864601185045
mp-571222,CsBr,,4.328,-1e+18,300.0,43800.0,-354.0,2733.2,0.1884537223903169,571222,1.0083,0.0054888407999999,1.3759324154940211
mp-571222,CsBr,,4.328,-5e+18,300.0,169000.0,-231.0,2105.7,0.7892153247426772,571222,1.0083,0.0090180089999999,1.5050790737415611
mp-571222,CsBr,,4.328,-1e+19,300.0,288000.0,-181.0,1796.5,1.4226594446000262,571222,1.0083,0.0094351679999999,1.164375821360397
mp-571222,CsBr,,4.328,-5e+19,300.0,877000.0,-79.7,1094.8,5.03582587620894,571222,1.0083,0.00557078293,0.2765056375775299
mp-571222,CsBr,,4.328,-1e+20,300.0,1290000.0,-44.8,806.9,8.051857536971891,571222,1.0083,0.0025890816,0.0857296881241204
mp-571222,CsBr,,4.328,-5e+20,300.0,1970000.0,-4.44,245.4,14.20660441651556,571222,1.0083,3.8835792e-05,0.0007657450405901
mp-571222,CsBr,,4.328,-1e+21,300.0,2250000.0,-14.5,140.5,18.200477638153178,571222,1.0083,0.0004730625,0.0073882238981264
mp-8399,CsCdF3,3.472,4.66,1e+21,300.0,54200.0,107.0,3.4,0.3018945094839287,8399,0.14789,0.0006205358,0.4138887313251319
mp-8399,CsCdF3,3.472,4.66,5e+20,300.0,29200.0,147.0,3.6,0.1619713808377226,8399,0.14789,0.0006309827999999,0.6109016860642775
mp-8399,CsCdF3,3.472,4.66,1e+20,300.0,7570.0,239.0,4.7,0.0463918177319869,8399,0.14789,0.0004324059699999,0.6676990802038002
mp-8399,CsCdF3,3.472,4.66,5e+19,300.0,4110.0,282.0,5.1,0.0272196580141894,8399,0.14789,0.0003268436399999,0.559952506971515
mp-8399,CsCdF3,3.472,4.66,1e+19,300.0,921.0,398.0,5.7,0.0067981770357248,8399,0.14789,0.0001458900839999,0.2829371063689123
mp-8399,CsCdF3,3.472,4.66,5e+18,300.0,474.0,453.0,5.9,0.0035478914434064,8399,0.14789,9.7269066e-05,0.1926910069987674
mp-8399,CsCdF3,3.472,4.66,1e+18,300.0,99.9,588.0,6.2,0.0007442284393311,8399,0.14789,3.45398256e-05,0.0697144109321326
mp-8399,CsCdF3,3.472,4.66,-1e+18,300.0,256.0,-340.0,16.0,0.0013273194707901,8399,0.14789,2.95936e-05,0.0594976510199134
mp-8399,CsCdF3,3.472,4.66,-5e+18,300.0,1100.0,-217.0,13.8,0.0061765639987681,8399,0.14789,5.17979e-05,0.1008614042961602
mp-8399,CsCdF3,3.472,4.66,-1e+19,300.0,2020.0,-171.0,12.6,0.0118003853691194,8399,0.14789,5.906681999999999e-05,0.1109650149509042
mp-8399,CsCdF3,3.472,4.66,-5e+19,300.0,8230.0,-87.3,10.3,0.0534945289643613,8399,0.14789,6.272321669999999e-05,0.0934379870527691
mp-8399,CsCdF3,3.472,4.66,-1e+20,300.0,15600.0,-62.7,9.7,0.1055952395380622,8399,0.14789,6.132812400000001e-05,0.0725818877403998
mp-8399,CsCdF3,3.472,4.66,-5e+20,300.0,69500.0,-23.9,8.7,0.4904890212438506,8399,0.14789,3.9699095e-05,0.0186562028257045
mp-8399,CsCdF3,3.472,4.66,-1e+21,300.0,123000.0,-15.8,7.7,0.8764086718475564,8399,0.14789,3.070572e-05,0.0089931933460233
mp-1784,CsF,5.637,5.769,1e+21,300.0,15200.0,165.0,0.9,0.0877255106944914,1784,1.7208,0.00041382,0.0686448707888708
mp-1784,CsF,5.637,5.769,5e+20,300.0,7730.0,215.0,1.0,0.0446591756615599,1784,1.7208,0.00035731925,0.0607183538865072
mp-1784,CsF,5.637,5.769,1e+20,300.0,1580.0,343.0,1.0,0.0091482786534346,1784,1.7208,0.00018588542,0.0322354296299581
mp-1784,CsF,5.637,5.769,5e+19,300.0,789.0,402.0,1.0,0.0045644142053134,1784,1.7208,0.0001275055559999,0.0221701957482346
mp-1784,CsF,5.637,5.769,1e+19,300.0,159.0,543.0,1.0,0.0009173792546231,1784,1.7208,4.688099099999999e-05,0.0081687607208151
mp-1784,CsF,5.637,5.769,5e+18,300.0,80.7,602.0,1.0,0.0004640861005511,1784,1.7208,2.9246002800000003e-05,0.0050973008214426
mp-1784,CsF,5.637,5.769,1e+18,300.0,16.8,738.0,1.0,9.628993836509597e-05,1784,1.7208,9.1500192e-06,0.0015951023754594
mp-1784,CsF,5.637,5.769,-1e+18,300.0,139.0,-423.0,8.7,0.0013590762699236,1784,1.7208,2.4871131e-05,0.0043325494159115
mp-1784,CsF,5.637,5.769,-5e+18,300.0,655.0,-302.0,8.2,0.0064620968362185,1784,1.7208,5.973861999999999e-05,0.0103757189096122
mp-1784,CsF,5.637,5.769,-1e+19,300.0,1270.0,-258.0,8.0,0.0124744901727474,1784,1.7208,8.453627999999998e-05,0.0146317759499664
mp-1784,CsF,5.637,5.769,-5e+19,300.0,6270.0,-184.0,7.8,0.0510933259569122,1784,1.7208,0.00021227712,0.0359407279586697
mp-1784,CsF,5.637,5.769,-1e+20,300.0,12700.0,-152.0,8.0,0.0901456522385581,1784,1.7208,0.0002934207999999,0.0486078861014732
mp-1784,CsF,5.637,5.769,-5e+20,300.0,64900.0,-70.2,8.1,0.42992610113416,1784,1.7208,0.000319829796,0.0446123468485375
mp-1784,CsF,5.637,5.769,-1e+21,300.0,126000.0,-45.0,7.9,0.8671941849054107,1784,1.7208,0.0002551499999999,0.0295769598117422
mp-614603,CsI,,3.843,1e+21,300.0,113000.0,152.0,7.0,0.5767997798089796,614603,0.60566,0.0026107519999999,0.6623697595249254
mp-614603,CsI,,3.843,5e+20,300.0,64700.0,200.0,8.1,0.3079308211598774,614603,0.60566,0.0025879999999999,0.8498334068355322
mp-614603,CsI,,3.843,1e+20,300.0,15300.0,328.0,9.6,0.0666170686281435,614603,0.60566,0.0016460352,0.7345342910590058
mp-614603,CsI,,3.843,5e+19,300.0,8000.0,384.0,10.0,0.0342045046265675,614603,0.60566,0.001179648,0.5530770927925389
mp-614603,CsI,,3.843,1e+19,300.0,1720.0,518.0,10.7,0.0072041331246688,614603,0.60566,0.00046151728,0.2259149728571821
mp-614603,CsI,,3.843,5e+18,300.0,878.0,576.0,11.0,0.0036691537332362,614603,0.60566,0.000291299328,0.1434196901044048
mp-614603,CsI,,3.843,1e+18,300.0,182.0,711.0,11.3,0.0007550466583296,614603,0.60566,9.2004822e-05,0.0455157680405502
mp-614603,CsI,,3.843,-1e+18,300.0,46600.0,-347.0,2910.9,0.1996384584770618,614603,0.60566,0.0056110593999999,2.0903030451385347
mp-614603,CsI,,3.843,-5e+18,300.0,186000.0,-224.0,2325.0,0.8534118883954608,614603,0.60566,0.009332736,1.9189053138971504
mp-614603,CsI,,3.843,-1e+19,300.0,326000.0,-173.0,2032.9,1.5642580689764631,614603,0.60566,0.009756854,1.3489247552008607
mp-614603,CsI,,3.843,-5e+19,300.0,1030000.0,-68.9,1290.9,5.952989418922584,614603,0.60566,0.0048896263,0.2236570056279927
mp-614603,CsI,,3.843,-1e+20,300.0,1500000.0,-37.6,939.2,9.424656321746449,614603,0.60566,0.00212064,0.0634269129300229
mp-614603,CsI,,3.843,-5e+20,300.0,1840000.0,0.154,229.1,13.35814661168198,614603,0.60566,4.363744e-08,9.37511694629744e-07
mp-614603,CsI,,3.843,-1e+21,300.0,2390000.0,-44.7,148.9,20.621638139133296,614603,0.60566,0.0047754351,0.0674900084132183
mp-561586,CsLaS2,2.513,2.675,1e+21,300.0,109000.0,122.0,6.8,0.5782663383778348,561586,0.7451233333333332,0.001622356,0.3677728566301101
mp-561586,CsLaS2,2.513,2.675,5e+20,300.0,64200.0,167.0,8.0,0.3129174696191664,561586,0.7451233333333332,0.0017904738,0.5076762053987768
mp-561586,CsLaS2,2.513,2.675,1e+20,300.0,14800.0,293.0,9.3,0.0675986419987381,561586,0.7451233333333332,0.0012705651999999,0.4690036341692709
mp-561586,CsLaS2,2.513,2.675,5e+19,300.0,7510.0,354.0,9.4,0.0340306150393769,561586,0.7451233333333332,0.0009411231599999,0.3623634951598981
mp-561586,CsLaS2,2.513,2.675,1e+19,300.0,1570.0,495.0,9.8,0.0069871418623144,561586,0.7451233333333332,0.00038468925,0.1534439139010516
mp-561586,CsLaS2,2.513,2.675,5e+18,300.0,806.0,554.0,10.1,0.0035682292961226,561586,0.7451233333333332,0.000247374296,0.0991226460992312
mp-561586,CsLaS2,2.513,2.675,1e+18,300.0,172.0,690.0,10.8,0.0007522508891961,561586,0.7451233333333332,8.188919999999999e-05,0.0329368067807279
mp-561586,CsLaS2,2.513,2.675,-1e+18,300.0,996.0,-520.0,62.2,0.0052139556067723,561586,0.7451233333333332,0.0002693183999999,0.1076789347815811
mp-561586,CsLaS2,2.513,2.675,-5e+18,300.0,4780.0,-384.0,59.6,0.0252779440747793,561586,0.7451233333333332,0.00070483968,0.2744698252726097
mp-561586,CsLaS2,2.513,2.675,-1e+19,300.0,9370.0,-326.0,58.5,0.0499821921794415,561586,0.7451233333333332,0.00099580612,0.3757260217847652
mp-561586,CsLaS2,2.513,2.675,-5e+19,300.0,43300.0,-197.0,54.0,0.2393176301612082,561586,0.7451233333333332,0.0016804296999999,0.512096640321048
mp-561586,CsLaS2,2.513,2.675,-1e+20,300.0,81100.0,-147.0,50.6,0.4655973401234447,561586,0.7451233333333332,0.0017524899,0.4342429938847236
mp-561586,CsLaS2,2.513,2.675,-5e+20,300.0,310000.0,-68.9,38.7,2.1005486553800887,561586,0.7451233333333332,0.0014716351,0.1551445604943405
mp-561586,CsLaS2,2.513,2.675,-1e+21,300.0,556000.0,-47.2,34.7,3.8134751301504752,561586,0.7451233333333332,0.00123867904,0.0815170967517086
mp-9082,CsSmS2,2.129,2.543,1e+21,300.0,145000.0,110.0,9.0,1.1033055436448629,9082,1.1503333333333332,0.0017544999999999,0.233555608831939
mp-9082,CsSmS2,2.129,2.543,5e+20,300.0,88300.0,128.0,11.0,0.6511697081923408,9082,1.1503333333333332,0.0014467072,0.2409166956678795
mp-9082,CsSmS2,2.129,2.543,1e+20,300.0,26100.0,199.0,16.3,0.1605733259345539,9082,1.1503333333333332,0.0010335860999999,0.2365353992275397
mp-9082,CsSmS2,2.129,2.543,5e+19,300.0,14300.0,249.0,17.8,0.0840641312640658,9082,1.1503333333333332,0.0008866142999999,0.21547702229502
mp-9082,CsSmS2,2.129,2.543,1e+19,300.0,3300.0,376.0,20.6,0.018514857566978,9082,1.1503333333333332,0.0004665407999999,0.1197437281330464
mp-9082,CsSmS2,2.129,2.543,5e+18,300.0,1730.0,433.0,21.6,0.0096499987988611,9082,1.1503333333333332,0.0003243559699999,0.0838863700059447
mp-9082,CsSmS2,2.129,2.543,1e+18,300.0,378.0,565.0,23.6,0.0020937649791198,9082,1.1503333333333332,0.0001206670499999,0.0314120650694341
mp-9082,CsSmS2,2.129,2.543,-1e+18,300.0,1770.0,-508.0,110.7,0.0096130411718854,9082,1.1503333333333332,0.0004567732799999,0.1181364820062666
mp-9082,CsSmS2,2.129,2.543,-5e+18,300.0,8340.0,-375.0,104.1,0.045746458098786,9082,1.1503333333333332,0.0011728125,0.294164112227598
mp-9082,CsSmS2,2.129,2.543,-1e+19,300.0,16300.0,-317.0,101.6,0.0902251750735257,9082,1.1503333333333332,0.0016379707,0.396104824294866
mp-9082,CsSmS2,2.129,2.543,-5e+19,300.0,75900.0,-189.0,94.8,0.4414306810375243,9082,1.1503333333333332,0.0027112238999999,0.5109847707679535
mp-9082,CsSmS2,2.129,2.543,-1e+20,300.0,145000.0,-142.0,90.3,0.8670412856212547,9082,1.1503333333333332,0.0029237799999999,0.4347898460497658
mp-9082,CsSmS2,2.129,2.543,-5e+20,300.0,597000.0,-57.0,74.5,3.908054447943773,9082,1.1503333333333332,0.0019396529999999,0.1150358424780666
mp-9082,CsSmS2,2.129,2.543,-1e+21,300.0,990000.0,-36.7,61.8,6.921254218824874,9082,1.1503333333333332,0.0013334211,0.0495598080817496
mp-14116,CuRhO2,0.665,0.971,1e+21,300.0,363000.0,149.0,22.7,1.827323023849628,14116,78.26299999999999,0.0080589629999999,0.0301870289532984
mp-14116,CuRhO2,0.665,0.971,5e+20,300.0,186000.0,207.0,23.3,0.8949144405565009,14116,78.26299999999999,0.007969914,0.0302051186782529
mp-14116,CuRhO2,0.665,0.971,1e+20,300.0,34400.0,358.0,21.5,0.1627766292778458,14116,78.26299999999999,0.0044088415999999,0.0168650224052253
mp-14116,CuRhO2,0.665,0.971,5e+19,300.0,18000.0,420.0,22.5,0.0830573276808803,14116,78.26299999999999,0.0031751999999999,0.0121583654939508
mp-14116,CuRhO2,0.665,0.971,1e+19,300.0,5130.0,552.0,32.0,0.0206066545152028,14116,78.26299999999999,0.0015631315199999,0.005990263811803
mp-14116,CuRhO2,0.665,0.971,5e+18,300.0,3170.0,604.0,39.6,0.0117059328161589,14116,78.26299999999999,0.0011564667199999,0.0044323387978966
mp-14116,CuRhO2,0.665,0.971,1e+18,300.0,1010.0,726.0,63.2,0.0030914314534428,14116,78.26299999999999,0.00053234676,0.0020405264282281
mp-14116,CuRhO2,0.665,0.971,-1e+18,300.0,4550.0,-600.0,283.8,0.0234372537210118,14116,78.26299999999999,0.0016379999999999,0.0062769493316878
mp-14116,CuRhO2,0.665,0.971,-5e+18,300.0,15700.0,-480.0,195.9,0.0888363263978608,14116,78.26299999999999,0.0036172799999999,0.0138501412459474
mp-14116,CuRhO2,0.665,0.971,-1e+19,300.0,28100.0,-424.0,175.1,0.1628497389642262,14116,78.26299999999999,0.0050517056,0.0193241346449453
mp-14116,CuRhO2,0.665,0.971,-5e+19,300.0,134000.0,-285.0,167.4,0.7659190259651817,14116,78.26299999999999,0.0108841499999999,0.0413170905061622
mp-14116,CuRhO2,0.665,0.971,-1e+20,300.0,283000.0,-226.0,176.4,1.52608370410005,14116,78.26299999999999,0.0144545079999999,0.0543476901687635
mp-14116,CuRhO2,0.665,0.971,-5e+20,300.0,1490000.0,-94.5,185.7,7.608307291399593,14116,78.26299999999999,0.0133060724999999,0.0464860950172092
mp-14116,CuRhO2,0.665,0.971,-1e+21,300.0,2320000.0,-52.9,144.9,13.665915694235409,14116,78.26299999999999,0.0064923111999999,0.0211869502135561
mp-1178362,Dy2Cl2O2,4.376,4.775,1e+21,300.0,23500.0,121.0,1.5,0.1115327039898584,1178362,14.268866666666666,0.0003440635,0.0071777596254121
mp-1178362,Dy2Cl2O2,4.376,4.775,5e+20,300.0,11300.0,172.0,1.4,0.0589489033749419,1178362,14.268866666666666,0.0003342991999999,0.0069996545886358
mp-1178362,Dy2Cl2O2,4.376,4.775,1e+20,300.0,2180.0,296.0,1.4,0.0118535869334451,1178362,14.268866666666666,0.00019100288,0.0040124631658935
mp-1178362,Dy2Cl2O2,4.376,4.775,5e+19,300.0,1070.0,356.0,1.3,0.0057550701986816,1178362,14.268866666666666,0.0001356075199999,0.0028499708608673
mp-1178362,Dy2Cl2O2,4.376,4.775,1e+19,300.0,229.0,493.0,1.4,0.0011659360816235,1178362,14.268866666666666,5.565822099999999e-05,0.0011701070883877
mp-1178362,Dy2Cl2O2,4.376,4.775,5e+18,300.0,124.0,549.0,1.5,0.0006077342404397,1178362,14.268866666666666,3.7373724e-05,0.0007857414285201
mp-1178362,Dy2Cl2O2,4.376,4.775,1e+18,300.0,29.9,676.0,1.9,0.0001369952315579,1178362,14.268866666666666,1.3663582399999998e-05,0.0002872712641419
mp-1178362,Dy2Cl2O2,4.376,4.775,-1e+18,300.0,164.0,-583.0,10.3,0.0005571787051249,1178362,14.268866666666666,5.5741796e-05,0.001171914085755
mp-1178362,Dy2Cl2O2,4.376,4.775,-5e+18,300.0,662.0,-456.0,8.3,0.0025406302254017,1178362,14.268866666666666,0.0001376536319999,0.0028936242054393
mp-1178362,Dy2Cl2O2,4.376,4.775,-1e+19,300.0,1230.0,-400.0,7.7,0.0049407301128785,1178362,14.268866666666666,0.0001967999999999,0.0041362474887597
mp-1178362,Dy2Cl2O2,4.376,4.775,-5e+19,300.0,5810.0,-261.0,7.2,0.0252065964350254,1178362,14.268866666666666,0.00039578301,0.008306582792359
mp-1178362,Dy2Cl2O2,4.376,4.775,-1e+20,300.0,11500.0,-201.0,7.2,0.0524867857992798,1178362,14.268866666666666,0.0004646114999999,0.0097325612738068
mp-1178362,Dy2Cl2O2,4.376,4.775,-5e+20,300.0,48900.0,-97.0,6.1,0.2689024131720696,1178362,14.268866666666666,0.0004601001,0.0094945812691042
mp-1178362,Dy2Cl2O2,4.376,4.775,-1e+21,300.0,95900.0,-60.6,6.0,0.5557815874759893,1178362,14.268866666666666,0.0003521793239999,0.0071269007796151
mp-1207186,DyHSe,1.512,1.972,1e+21,300.0,751000.0,20.3,46.9,4.894691511485763,1207186,24.916,0.0003094795899999,0.0031144489541343
mp-1207186,DyHSe,1.512,1.972,5e+20,300.0,514000.0,24.7,64.1,3.3018921673757955,1207186,24.916,0.0003135862599999,0.0033339087640548
mp-1207186,DyHSe,1.512,1.972,1e+20,300.0,186000.0,47.4,116.3,1.1873900021110215,1207186,24.916,0.0004178973599999,0.0048027941194546
mp-1207186,DyHSe,1.512,1.972,5e+19,300.0,123000.0,68.6,153.5,0.7291063082377769,1207186,24.916,0.0005788330799999,0.0067712694154123
mp-1207186,DyHSe,1.512,1.972,1e+19,300.0,42200.0,142.0,263.5,0.2084551924403408,1207186,24.916,0.0008509207999999,0.0101604686766214
mp-1207186,DyHSe,1.512,1.972,5e+18,300.0,25400.0,186.0,316.5,0.1186689896580602,1207186,24.916,0.0008787384,0.0105302578639607
mp-1207186,DyHSe,1.512,1.972,1e+18,300.0,7660.0,302.0,477.9,0.031562124614658,1207186,24.916,0.0006986226399999,0.0084010930989196
mp-1207186,DyHSe,1.512,1.972,-1e+18,300.0,6140.0,-293.0,383.2,0.0231393831410416,1207186,24.916,0.0005271128599999,0.0063407904968392
mp-1207186,DyHSe,1.512,1.972,-5e+18,300.0,19000.0,-177.0,237.2,0.0876667195095777,1207186,24.916,0.0005952509999999,0.0071419644967765
mp-1207186,DyHSe,1.512,1.972,-1e+19,300.0,30200.0,-135.0,188.6,0.1555822571732721,1207186,24.916,0.000550395,0.0065858827060169
mp-1207186,DyHSe,1.512,1.972,-5e+19,300.0,95000.0,-69.9,118.6,0.5696141602815198,1207186,24.916,0.00046417095,0.005463917177912
mp-1207186,DyHSe,1.512,1.972,-1e+20,300.0,164000.0,-49.9,102.4,1.019694121482607,1207186,24.916,0.0004083616399999,0.0047235478420643
mp-1207186,DyHSe,1.512,1.972,-5e+20,300.0,656000.0,-27.6,81.9,4.283459673398176,1207186,24.916,0.00049971456,0.0051341487026411
mp-1207186,DyHSe,1.512,1.972,-1e+21,300.0,943000.0,-24.9,58.9,6.255696103832105,1207186,24.916,0.0005846694299999,0.0056269260554739
mp-1007908,DyTlTe2,0.638,1.45,1e+21,300.0,580000.0,9.72,36.2,4.281270615843687,1007908,0.9778,5.4797472e-05,0.0031258834118854
mp-1007908,DyTlTe2,0.638,1.45,5e+20,300.0,427000.0,17.4,53.3,3.040544637528274,1007908,0.9778,0.00012927852,0.0096516251089543
mp-1007908,DyTlTe2,0.638,1.45,1e+20,300.0,142000.0,40.4,88.9,1.0082170107846495,1007908,0.9778,0.0002317667199999,0.0350097786788339
mp-1007908,DyTlTe2,0.638,1.45,5e+19,300.0,83300.0,57.0,104.0,0.5743417971651844,1007908,0.9778,0.0002706416999999,0.0523099823406979
mp-1007908,DyTlTe2,0.638,1.45,1e+19,300.0,21200.0,131.0,132.5,0.1290124986515981,1007908,0.9778,0.0003638131999999,0.098611065679993
mp-1007908,DyTlTe2,0.638,1.45,5e+18,300.0,11200.0,174.0,140.3,0.0673452194972651,1007908,0.9778,0.0003390912,0.0973332299686858
mp-1007908,DyTlTe2,0.638,1.45,1e+18,300.0,2490.0,290.0,155.5,0.0144058054405005,1007908,0.9778,0.000209409,0.0633161987719968
mp-1007908,DyTlTe2,0.638,1.45,-1e+18,300.0,504.0,-601.0,31.5,0.002705728391947,1007908,0.9778,0.000182045304,0.0556994106394131
mp-1007908,DyTlTe2,0.638,1.45,-5e+18,300.0,2430.0,-465.0,30.3,0.013130075229258,1007908,0.9778,0.0005254267499999,0.1590707850536293
mp-1007908,DyTlTe2,0.638,1.45,-1e+19,300.0,4770.0,-406.0,29.8,0.0259487644226554,1007908,0.9778,0.00078626772,0.2349993587645167
mp-1007908,DyTlTe2,0.638,1.45,-5e+19,300.0,22900.0,-270.0,28.5,0.1268722650907932,1007908,0.9778,0.0016694099999999,0.4533679497772194
mp-1007908,DyTlTe2,0.638,1.45,-1e+20,300.0,44500.0,-214.0,27.8,0.2506223814288714,1007908,0.9778,0.002037922,0.4976924950592821
mp-1007908,DyTlTe2,0.638,1.45,-5e+20,300.0,199000.0,-99.3,24.8,1.2092520758360823,1007908,0.9778,0.0019622375099999,0.2691619735551694
mp-1007908,DyTlTe2,0.638,1.45,-1e+21,300.0,373000.0,-60.6,23.3,2.414398495482593,1007908,0.9778,0.0013697902799999,0.1211418154177053
mp-1206742,ErHSe,1.484,1.979,1e+21,300.0,755000.0,21.0,47.1,4.918476669545012,1206742,22.37833333333333,0.0003329549999999,0.0036592737389254
mp-1206742,ErHSe,1.484,1.979,5e+20,300.0,465000.0,25.1,58.0,3.0806487963961384,1206742,22.37833333333333,0.00029295465,0.0034520781134203
mp-1206742,ErHSe,1.484,1.979,1e+20,300.0,188000.0,48.4,117.4,1.181750519374302,1206742,22.37833333333333,0.0004404012799999,0.0056078061871917
mp-1206742,ErHSe,1.484,1.979,5e+19,300.0,120000.0,69.5,150.4,0.721776390949196,1206742,22.37833333333333,0.0005796299999999,0.0075276265816685
mp-1206742,ErHSe,1.484,1.979,1e+19,300.0,41700.0,140.0,260.3,0.2044346154054337,1206742,22.37833333333333,0.0008173199999999,0.0108576592805871
mp-1206742,ErHSe,1.484,1.979,5e+18,300.0,24700.0,186.0,308.8,0.1151774889710681,1206742,22.37833333333333,0.0008545212,0.0113969029568207
mp-1206742,ErHSe,1.484,1.979,1e+18,300.0,7260.0,301.0,453.1,0.0301369418189041,1206742,22.37833333333333,0.00065776326,0.0088059994982705
mp-1206742,ErHSe,1.484,1.979,-1e+18,300.0,9800.0,-309.0,611.8,0.033980125941266,1206742,22.37833333333333,0.0009357137999999,0.0125249961593681
mp-1206742,ErHSe,1.484,1.979,-5e+18,300.0,34000.0,-186.0,424.3,0.1267171474942119,1206742,22.37833333333333,0.001176264,0.0156800003759433
mp-1206742,ErHSe,1.484,1.979,-1e+19,300.0,56500.0,-132.0,352.6,0.2211174406731583,1206742,22.37833333333333,0.0009844559999999,0.0130683175867115
mp-1206742,ErHSe,1.484,1.979,-5e+19,300.0,111000.0,-49.6,139.2,0.6872532148877583,1206742,22.37833333333333,0.00027307776,0.0035517556784749
mp-1206742,ErHSe,1.484,1.979,-1e+20,300.0,160000.0,-46.1,99.9,1.011719345467399,1206742,22.37833333333333,0.0003400336,0.0043612590959427
mp-1206742,ErHSe,1.484,1.979,-5e+20,300.0,657000.0,-32.9,82.0,4.450059969461738,1206742,22.37833333333333,0.00071114337,0.0079521352095942
mp-1206742,ErHSe,1.484,1.979,-1e+21,300.0,987000.0,-29.2,61.6,6.32211291401494,1206742,22.37833333333333,0.0008415556799999,0.0087966124925077
mp-1007907,ErTlTe2,0.644,1.521,1e+21,300.0,624000.0,10.4,38.9,4.535369872217248,1007907,0.9757333333333332,6.749184e-05,0.0036739562379465
mp-1007907,ErTlTe2,0.644,1.521,5e+20,300.0,445000.0,17.7,55.5,3.0852629743472826,1007907,0.9757333333333332,0.00013941405,0.010299003454127
mp-1007907,ErTlTe2,0.644,1.521,1e+20,300.0,138000.0,42.1,86.0,0.9641842488214716,1007907,0.9757333333333332,0.00024459258,0.0378252017894977
mp-1007907,ErTlTe2,0.644,1.521,5e+19,300.0,76600.0,59.8,95.6,0.5318693379080276,1007907,0.9757333333333332,0.000273924664,0.054508658526278
mp-1007907,ErTlTe2,0.644,1.521,1e+19,300.0,18200.0,131.0,113.7,0.1148799106897463,1007907,0.9757333333333332,0.0003123301999999,0.0859141043018428
mp-1007907,ErTlTe2,0.644,1.521,5e+18,300.0,9580.0,174.0,119.5,0.0584966486848631,1007907,0.9757333333333332,0.00029004408,0.0841333412421504
mp-1007907,ErTlTe2,0.644,1.521,1e+18,300.0,2080.0,293.0,129.7,0.0121472281659043,1007907,0.9757333333333332,0.0001785659199999,0.0542269765068267
mp-1007907,ErTlTe2,0.644,1.521,-1e+18,300.0,458.0,-601.0,28.6,0.0027095540828111,1007907,0.9757333333333332,0.0001654300579999,0.0507224468982849
mp-1007907,ErTlTe2,0.644,1.521,-5e+18,300.0,2200.0,-465.0,27.5,0.0130925612543033,1007907,0.9757333333333332,0.0004756949999999,0.1443211598534065
mp-1007907,ErTlTe2,0.644,1.521,-1e+19,300.0,4320.0,-406.0,27.0,0.0257897903578214,1007907,0.9757333333333332,0.00071209152,0.2133025698025495
mp-1007907,ErTlTe2,0.644,1.521,-5e+19,300.0,20800.0,-271.0,26.0,0.1252512085242559,1007907,0.9757333333333332,0.0015275727999999,0.4162382145954296
mp-1007907,ErTlTe2,0.644,1.521,-1e+20,300.0,41000.0,-216.0,25.6,0.2468804300473455,1007907,0.9757333333333332,0.0019128959999999,0.4693786518590725
mp-1007907,ErTlTe2,0.644,1.521,-5e+20,300.0,198000.0,-103.0,24.7,1.2162318952132838,1007907,0.9757333333333332,0.0021005819999999,0.2874929728779536
mp-1007907,ErTlTe2,0.644,1.521,-1e+21,300.0,390000.0,-62.7,24.3,2.516308816424216,1007907,0.9757333333333332,0.0015332031,0.1317168895088894
mp-561203,F4,2.205,2.208,1e+21,300.0,19400.0,256.0,1.2,0.1278134013339205,561203,21.82033333333333,0.0012713984,0.017378210771552
mp-561203,F4,2.205,2.208,5e+20,300.0,9570.0,320.0,1.2,0.064427528713052,561203,21.82033333333333,0.0009799679999999,0.0134335669397156
mp-561203,F4,2.205,2.208,1e+20,300.0,2450.0,471.0,1.5,0.0165124548974068,561203,21.82033333333333,0.0005435104499999,0.007466881278607
mp-561203,F4,2.205,2.208,5e+19,300.0,1530.0,531.0,1.9,0.0100519531840098,561203,21.82033333333333,0.00043140033,0.0059284386098275
mp-561203,F4,2.205,2.208,1e+19,300.0,578.0,656.0,3.6,0.0034715973605149,561203,21.82033333333333,0.000248734208,0.0034192141396503
mp-561203,F4,2.205,2.208,5e+18,300.0,371.0,707.0,4.6,0.0021425222613657,561203,21.82033333333333,0.0001854439789999,0.0025493529729674
mp-561203,F4,2.205,2.208,1e+18,300.0,116.0,827.0,7.2,0.0006190328716594,561203,21.82033333333333,7.933576399999998e-05,0.0010907282505625
mp-561203,F4,2.205,2.208,-1e+18,300.0,107.0,-623.0,6.7,0.0004483039019828,561203,21.82033333333333,4.152980299999999e-05,0.0005709667557801
mp-561203,F4,2.205,2.208,-5e+18,300.0,463.0,-494.0,5.8,0.0019924965430225,561203,21.82033333333333,0.0001129886679999,0.0015532991608787
mp-561203,F4,2.205,2.208,-1e+19,300.0,851.0,-438.0,5.3,0.0037439205077783,561203,21.82033333333333,0.000163259244,0.0022442082031843
mp-561203,F4,2.205,2.208,-5e+19,300.0,3440.0,-305.0,4.3,0.0162567014562588,561203,21.82033333333333,0.0003200059999999,0.0043963732362526
mp-561203,F4,2.205,2.208,-1e+20,300.0,6350.0,-246.0,4.0,0.0310632961909614,561203,21.82033333333333,0.0003842765999999,0.0052757717025833
mp-561203,F4,2.205,2.208,-5e+20,300.0,24000.0,-117.0,3.0,0.1325252032579318,561203,21.82033333333333,0.000328536,0.0044896567722931
mp-561203,F4,2.205,2.208,-1e+21,300.0,38100.0,-72.7,2.4,0.2276731737058456,561203,21.82033333333333,0.000201369549,0.0027399694698345
mp-760,Fe2Se4,0.319,0.771,1e+21,300.0,333000.0,70.3,20.8,2.455333444488869,760,31.56866666666666,0.0016457159699999,0.0145107803135144
mp-760,Fe2Se4,0.319,0.771,5e+20,300.0,273000.0,78.3,34.1,1.690744968785392,760,31.56866666666666,0.0016737329699999,0.0150970767764498
mp-760,Fe2Se4,0.319,0.771,1e+20,300.0,110000.0,161.0,68.4,0.5599623041875591,760,31.56866666666666,0.0028513099999999,0.0266240118984208
mp-760,Fe2Se4,0.319,0.771,5e+19,300.0,64800.0,209.0,80.9,0.3272507905866544,760,31.56866666666666,0.0028305287999999,0.026622800273358
mp-760,Fe2Se4,0.319,0.771,1e+19,300.0,17400.0,330.0,108.3,0.0893755043739731,760,31.56866666666666,0.00189486,0.0179561956778236
mp-760,Fe2Se4,0.319,0.771,5e+18,300.0,9760.0,381.0,121.0,0.0563960847355122,760,31.56866666666666,0.00141677136,0.0134397016486917
mp-760,Fe2Se4,0.319,0.771,1e+18,300.0,2900.0,429.0,155.2,0.0614212961305856,760,31.56866666666666,0.0005337189,0.0050621316699569
mp-760,Fe2Se4,0.319,0.771,-1e+18,300.0,1230.0,-303.0,50.7,0.1126341866555986,760,31.56866666666666,0.00011292507,0.0010693222843609
mp-760,Fe2Se4,0.319,0.771,-5e+18,300.0,3370.0,-473.0,41.2,0.0468518062477943,760,31.56866666666666,0.00075396673,0.0071543985335486
mp-760,Fe2Se4,0.319,0.771,-1e+19,300.0,6010.0,-437.0,37.3,0.047653505699483,760,31.56866666666666,0.0011477236899999,0.0108904864678374
mp-760,Fe2Se4,0.319,0.771,-5e+19,300.0,24100.0,-317.0,30.1,0.1478676723175386,760,31.56866666666666,0.0024217849,0.0229071519048972
mp-760,Fe2Se4,0.319,0.771,-1e+20,300.0,44700.0,-262.0,27.9,0.2760571248426338,760,31.56866666666666,0.0030683867999999,0.0289063910877884
mp-760,Fe2Se4,0.319,0.771,-5e+20,300.0,189000.0,-143.0,23.6,1.2157191610759512,760,31.56866666666666,0.003864861,0.0353661741931688
mp-760,Fe2Se4,0.319,0.771,-1e+21,300.0,349000.0,-102.0,21.8,2.2976043233294954,760,31.56866666666666,0.003630996,0.0321647104377618
mp-804,Ga2N2,,1.838,1e+21,300.0,175000.0,80.4,10.9,1.010010515245724,804,200.00333333333333,0.001131228,0.0016882879191126
mp-804,Ga2N2,,1.838,5e+20,300.0,96500.0,116.0,12.1,0.5432176113055359,804,200.00333333333333,0.001298504,0.001942447766691
mp-804,Ga2N2,,1.838,1e+20,300.0,23400.0,223.0,14.6,0.1207760011172023,804,200.00333333333333,0.0011636586,0.0017444054150246
mp-804,Ga2N2,,1.838,5e+19,300.0,12600.0,278.0,15.8,0.0619158360547791,804,200.00333333333333,0.0009737783999999,0.001460191218679
mp-804,Ga2N2,,1.838,1e+19,300.0,3430.0,406.0,21.4,0.0141240542461862,804,200.00333333333333,0.00056538748,0.0008480072000481
mp-804,Ga2N2,,1.838,5e+18,300.0,2020.0,459.0,25.2,0.0076632565413763,804,200.00333333333333,0.0004255756199999,0.0006383283328254
mp-804,Ga2N2,,1.838,1e+18,300.0,578.0,584.0,36.0,0.0018433098293573,804,200.00333333333333,0.000197130368,0.0002956878986463
mp-804,Ga2N2,,1.838,-1e+18,300.0,12400.0,-234.0,772.1,0.0509943804750098,804,200.00333333333333,0.0006789744,0.0010181850216776
mp-804,Ga2N2,,1.838,-5e+18,300.0,37600.0,-127.0,469.9,0.1885168277571713,804,200.00333333333333,0.0006064503999999,0.0009088038291946
mp-804,Ga2N2,,1.838,-1e+19,300.0,56800.0,-90.3,354.5,0.3168444133790615,804,200.00333333333333,0.000463152312,0.000693618062658
mp-804,Ga2N2,,1.838,-5e+19,300.0,143000.0,-46.8,178.3,0.9250870955236646,804,200.00333333333333,0.0003132043199999,0.0004676356674651
mp-804,Ga2N2,,1.838,-1e+20,300.0,222000.0,-34.6,138.3,1.485660634362401,804,200.00333333333333,0.00026576952,0.0003957082440581
mp-804,Ga2N2,,1.838,-5e+20,300.0,618000.0,-11.9,77.1,4.3033129000014725,804,200.00333333333333,8.751497999999999e-05,0.000128505334917
mp-804,Ga2N2,,1.838,-1e+21,300.0,798000.0,-10.5,49.8,5.537338211658692,804,200.00333333333333,8.79795e-05,0.0001284118116458
mp-2534,GaAs,,0.142,1e+21,300.0,3920000.0,44.0,244.5,27.0704391256388,2534,0.94164,0.0075891199999999,0.08127693734508
mp-2534,GaAs,,0.142,5e+20,300.0,2590000.0,77.9,323.3,16.626982335402683,2534,0.94164,0.0157171819,0.2683849922881233
mp-2534,GaAs,,0.142,1e+20,300.0,786000.0,180.0,490.5,5.636508156571366,2534,0.94164,0.0254663999999999,1.161408928190212
mp-2534,GaAs,,0.142,5e+19,300.0,453000.0,225.0,565.9,3.420345163925522,2534,0.94164,0.022933125,1.5772491747332018
mp-2534,GaAs,,0.142,1e+19,300.0,137000.0,335.0,852.0,1.1006177631568674,2534,0.94164,0.015374825,2.258504084651
mp-2534,GaAs,,0.142,5e+18,300.0,78500.0,383.0,970.4,0.8024561843756491,2534,0.94164,0.0115150865,1.980696925403028
mp-2534,GaAs,,0.142,1e+18,300.0,26900.0,312.0,1327.0,1.5164429188996973,2534,0.94164,0.0026185536,0.3195848577604697
mp-2534,GaAs,,0.142,-1e+18,300.0,550000.0,-104.0,34271.1,3.2661962046185,2534,0.94164,0.0059488,0.4241229727623875
mp-2534,GaAs,,0.142,-5e+18,300.0,1230000.0,-57.3,15316.1,8.539428762565162,2534,0.94164,0.0040384467,0.1277845399438082
mp-2534,GaAs,,0.142,-1e+19,300.0,1890000.0,-35.3,11820.4,13.067197324620716,2534,0.94164,0.0023551100999999,0.0504348086588334
mp-2534,GaAs,,0.142,-5e+19,300.0,3430000.0,-1.2,4284.2,25.63677901319058,2534,0.94164,4.9392e-06,5.575049438661565e-05
mp-2534,GaAs,,0.142,-1e+20,300.0,3630000.0,-14.2,2267.2,29.119081832807595,2534,0.94164,0.0007319531999999,0.0073047467463112
mp-2534,GaAs,,0.142,-5e+20,300.0,4970000.0,-18.2,620.0,35.4718261532174,2534,0.94164,0.0016462627999999,0.0135630823476641
mp-2534,GaAs,,0.142,-1e+21,300.0,5700000.0,-7.08,355.6,40.22846789939313,2534,0.94164,0.00028572048,0.0020819994985066
mp-1207092,GdHSe,1.532,1.974,1e+21,300.0,705000.0,23.4,44.0,4.616768347166578,1207092,23.887666666666664,0.0003860297999999,0.0040628393421503
mp-1207092,GdHSe,1.532,1.974,5e+20,300.0,491000.0,22.8,61.2,3.1444628924915907,1207092,23.887666666666664,0.0002552414399999,0.0028326451984626
mp-1207092,GdHSe,1.532,1.974,1e+20,300.0,190000.0,51.7,118.6,1.197878138237404,1207092,23.887666666666664,0.0005078491,0.0060734072624253
mp-1207092,GdHSe,1.532,1.974,5e+19,300.0,120000.0,73.7,150.0,0.713505315399535,1207092,23.887666666666664,0.0006518028,0.0079484359583578
mp-1207092,GdHSe,1.532,1.974,1e+19,300.0,39100.0,147.0,243.8,0.1931775565603557,1207092,23.887666666666664,0.0008449118999999,0.0105259420164133
mp-1207092,GdHSe,1.532,1.974,5e+18,300.0,23400.0,193.0,292.2,0.1083234511569346,1207092,23.887666666666664,0.0008716266,0.0108971531791794
mp-1207092,GdHSe,1.532,1.974,1e+18,300.0,7090.0,312.0,442.4,0.0285959379835351,1207092,23.887666666666664,0.00069016896,0.008657317885435
mp-1207092,GdHSe,1.532,1.974,-1e+18,300.0,6140.0,-295.0,383.1,0.0230324750175199,1207092,23.887666666666664,0.0005343334999999,0.0067041138801547
mp-1207092,GdHSe,1.532,1.974,-5e+18,300.0,19100.0,-178.0,238.4,0.0877588512229097,1207092,23.887666666666664,0.0006051643999999,0.0075723085650556
mp-1207092,GdHSe,1.532,1.974,-1e+19,300.0,30400.0,-136.0,189.8,0.155947892843815,1207092,23.887666666666664,0.0005622784,0.0070157305001912
mp-1207092,GdHSe,1.532,1.974,-5e+19,300.0,94300.0,-68.4,117.8,0.570612868111731,1207092,23.887666666666664,0.000441188208,0.0054115197355478
mp-1207092,GdHSe,1.532,1.974,-1e+20,300.0,161000.0,-51.8,100.5,1.0281786124149457,1207092,23.887666666666664,0.0004320016399999,0.0052015290088824
mp-1207092,GdHSe,1.532,1.974,-5e+20,300.0,701000.0,-30.2,87.5,4.443569039729904,1207092,23.887666666666664,0.0006393400399999,0.0067699839847319
mp-1207092,GdHSe,1.532,1.974,-1e+21,300.0,899000.0,-17.8,56.1,5.883459461131722,1207092,23.887666666666664,0.0002848391599999,0.0028702894083734
mp-1065609,GdTlTe2,0.622,1.387,1e+21,300.0,594000.0,11.6,37.1,4.337201130491954,1065609,0.9132166666666668,7.992863999999999e-05,0.0045669874144066
mp-1065609,GdTlTe2,0.622,1.387,5e+20,300.0,402000.0,16.6,50.2,2.951217859804436,1065609,0.9132166666666668,0.00011077512,0.0085995857278366
mp-1065609,GdTlTe2,0.622,1.387,1e+20,300.0,137000.0,44.1,85.3,0.9560769946083444,1065609,0.9132166666666668,0.00026643897,0.042760371286703
mp-1065609,GdTlTe2,0.622,1.387,5e+19,300.0,75000.0,61.8,93.6,0.5262454201968904,1065609,0.9132166666666668,0.000286443,0.0596979252070744
mp-1065609,GdTlTe2,0.622,1.387,1e+19,300.0,18800.0,128.0,117.4,0.1180636894650269,1065609,0.9132166666666668,0.0003080192,0.0896029478798681
mp-1065609,GdTlTe2,0.622,1.387,5e+18,300.0,10200.0,170.0,127.0,0.0608683643870926,1065609,0.9132166666666668,0.0002947799999999,0.0907867354293522
mp-1065609,GdTlTe2,0.622,1.387,1e+18,300.0,2280.0,288.0,142.5,0.012857794506373,1065609,0.9132166666666668,0.00018911232,0.0612625640579015
mp-1065609,GdTlTe2,0.622,1.387,-1e+18,300.0,470.0,-604.0,29.3,0.0024966193002775,1065609,0.9132166666666668,0.0001714635199999,0.0561737574285089
mp-1065609,GdTlTe2,0.622,1.387,-5e+18,300.0,2270.0,-468.0,28.3,0.0121086840338053,1065609,0.9132166666666668,0.0004971844799999,0.1611923242857869
mp-1065609,GdTlTe2,0.622,1.387,-1e+19,300.0,4460.0,-409.0,27.8,0.0239433889979351,1065609,0.9132166666666668,0.0007460732599999,0.2388300447155135
mp-1065609,GdTlTe2,0.622,1.387,-5e+19,300.0,21400.0,-272.0,26.8,0.1178721285913414,1065609,0.9132166666666668,0.0015832576,0.4606560387276316
mp-1065609,GdTlTe2,0.622,1.387,-1e+20,300.0,41800.0,-215.0,26.1,0.2341831675846515,1065609,0.9132166666666668,0.001932205,0.5051957327309803
mp-1065609,GdTlTe2,0.622,1.387,-5e+20,300.0,188000.0,-98.2,23.4,1.130448130089998,1065609,0.9132166666666668,0.00181292912,0.2661291307963742
mp-1065609,GdTlTe2,0.622,1.387,-1e+21,300.0,350000.0,-58.3,21.8,2.230681304136058,1065609,0.9132166666666668,0.0011896114999999,0.1135162315426056
mp-470,Ge2O4,,1.543,1e+21,300.0,45500.0,42.6,2.8,0.2649703826722134,470,43.94566666666666,8.257157999999999e-05,0.0005603057466092
mp-470,Ge2O4,,1.543,5e+20,300.0,27400.0,56.2,3.4,0.1584571797537404,470,43.94566666666666,8.654125599999999e-05,0.0005886609807828
mp-470,Ge2O4,,1.543,1e+20,300.0,9090.0,127.0,5.7,0.0386490967677359,470,43.94566666666666,0.00014661261,0.0009999878874224
mp-470,Ge2O4,,1.543,5e+19,300.0,5040.0,173.0,6.3,0.0208044938219308,470,43.94566666666666,0.00015084216,0.0010292535835959
mp-470,Ge2O4,,1.543,1e+19,300.0,1280.0,292.0,8.0,0.0046208105880445,470,43.94566666666666,0.00010913792,0.0007449638643875
mp-470,Ge2O4,,1.543,5e+18,300.0,701.0,347.0,8.7,0.0024033404014075,470,43.94566666666666,8.440670899999998e-05,0.0005761803122623
mp-470,Ge2O4,,1.543,1e+18,300.0,166.0,476.0,10.4,0.0005226997698151,470,43.94566666666666,3.7611616e-05,0.0002567568420077
mp-470,Ge2O4,,1.543,-1e+18,300.0,2780.0,-250.0,173.7,0.0101781586738165,470,43.94566666666666,0.00017375,0.0011858491221615
mp-470,Ge2O4,,1.543,-5e+18,300.0,9140.0,-136.0,114.1,0.0426547775564265,470,43.94566666666666,0.0001690534399999,0.0011529431070534
mp-470,Ge2O4,,1.543,-1e+19,300.0,14100.0,-103.0,87.9,0.0743922864371541,470,43.94566666666666,0.0001495868999999,0.0010194459314054
mp-470,Ge2O4,,1.543,-5e+19,300.0,39900.0,-51.6,49.7,0.2559900631438097,470,43.94566666666666,0.000106236144,0.0007210327747399
mp-470,Ge2O4,,1.543,-1e+20,300.0,69000.0,-35.7,43.1,0.4531428501492471,470,43.94566666666666,8.793981e-05,0.0005942038376053
mp-470,Ge2O4,,1.543,-5e+20,300.0,231000.0,-15.3,28.8,1.5816897458999002,470,43.94566666666666,5.407478999999999e-05,0.0003563228414361
mp-470,Ge2O4,,1.543,-1e+21,300.0,345000.0,-10.3,21.5,2.397272558008738,470,43.94566666666666,3.660105e-05,0.0002369360939056
mp-706,Hg2F2,1.137,2.34,1e+21,300.0,17700.0,144.0,1.1,0.1009850961369817,706,0.9623333333333334,0.0003670272,0.1035514451252854
mp-706,Hg2F2,1.137,2.34,5e+20,300.0,8720.0,197.0,1.1,0.0481102526055094,706,0.9623333333333334,0.0003384144799999,0.1004750244474457
mp-706,Hg2F2,1.137,2.34,1e+20,300.0,1760.0,331.0,1.1,0.0091742588576648,706,0.9623333333333334,0.0001928273599999,0.0595447822178182
mp-706,Hg2F2,1.137,2.34,5e+19,300.0,896.0,390.0,1.1,0.0045933071405461,706,0.9623333333333334,0.0001362816,0.042282918153918
mp-706,Hg2F2,1.137,2.34,1e+19,300.0,192.0,524.0,1.2,0.0009571789160899,706,0.9623333333333334,5.271859199999999e-05,0.0164182844104509
mp-706,Hg2F2,1.137,2.34,5e+18,300.0,99.2,581.0,1.2,0.000489407937912,706,0.9623333333333334,3.348605120000001e-05,0.0104337121771097
mp-706,Hg2F2,1.137,2.34,1e+18,300.0,20.9,715.0,1.3,0.0001017827375321,706,0.9623333333333334,1.0684602499999998e-05,0.0033304902288747
mp-706,Hg2F2,1.137,2.34,-1e+18,300.0,680.0,-399.0,42.4,0.0035462739261377,706,0.9623333333333334,0.00010825668,0.0336242775558211
mp-706,Hg2F2,1.137,2.34,-5e+18,300.0,3290.0,-265.0,41.1,0.0175405830356154,706,0.9623333333333334,0.00023104025,0.0707357077702863
mp-706,Hg2F2,1.137,2.34,-1e+19,300.0,6480.0,-211.0,40.4,0.0350195263790413,706,0.9623333333333334,0.0002884960799999,0.0867785389665696
mp-706,Hg2F2,1.137,2.34,-5e+19,300.0,30200.0,-100.0,37.7,0.1803257257796965,706,0.9623333333333334,0.0003019999999999,0.0792887425845962
mp-706,Hg2F2,1.137,2.34,-1e+20,300.0,56400.0,-68.9,35.2,0.3664194325155294,706,0.9623333333333334,0.000267742644,0.0604497655729705
mp-706,Hg2F2,1.137,2.34,-5e+20,300.0,252000.0,-26.8,31.5,1.7264337411764028,706,0.9623333333333334,0.00018099648,0.0201947370282718
mp-706,Hg2F2,1.137,2.34,-1e+21,300.0,439000.0,-16.9,27.4,3.0578104620859787,706,0.9623333333333334,0.0001253827899999,0.009356589941591
mp-24012,HoHSe,1.499,1.974,1e+21,300.0,751000.0,24.6,46.9,4.951458010842914,24012,25.122,0.00045447516,0.0045336505017428
mp-24012,HoHSe,1.499,1.974,5e+20,300.0,512000.0,20.1,63.9,3.353260013083674,24012,25.122,0.00020685312,0.0021792930414502
mp-24012,HoHSe,1.499,1.974,1e+20,300.0,222000.0,65.1,138.8,1.3648257203173195,24012,25.122,0.0009408382199999,0.0106562964162014
mp-24012,HoHSe,1.499,1.974,5e+19,300.0,128000.0,80.6,160.2,0.8097600362914124,24012,25.122,0.0008315340799999,0.0096198724518062
mp-24012,HoHSe,1.499,1.974,1e+19,300.0,42400.0,145.0,264.4,0.2141022987110614,24012,25.122,0.00089146,0.0105556094164336
mp-24012,HoHSe,1.499,1.974,5e+18,300.0,25000.0,189.0,312.1,0.1196254736092726,24012,25.122,0.0008930249999999,0.0106137182124056
mp-24012,HoHSe,1.499,1.974,1e+18,300.0,7310.0,305.0,456.4,0.0310514209177545,24012,25.122,0.00068001275,0.0081105000576727
mp-24012,HoHSe,1.499,1.974,-1e+18,300.0,6190.0,-292.0,386.6,0.023052204792866,24012,25.122,0.00052778416,0.0062968748965182
mp-24012,HoHSe,1.499,1.974,-5e+18,300.0,19100.0,-175.0,238.4,0.0864357999322835,24012,25.122,0.0005849375,0.0069612113735542
mp-24012,HoHSe,1.499,1.974,-1e+19,300.0,30100.0,-133.0,188.2,0.1522488959914179,24012,25.122,0.0005324389,0.0063199373661835
mp-24012,HoHSe,1.499,1.974,-5e+19,300.0,89700.0,-68.6,111.9,0.5449240443260849,24012,25.122,0.0004221246119999,0.0049338745609435
mp-24012,HoHSe,1.499,1.974,-1e+20,300.0,156000.0,-52.4,97.4,0.9840555491101548,24012,25.122,0.0004283385599999,0.0049222896870894
mp-24012,HoHSe,1.499,1.974,-5e+20,300.0,691000.0,-29.9,86.2,4.58789615529778,24012,25.122,0.0006177609099999,0.0062379306891963
mp-24012,HoHSe,1.499,1.974,-1e+21,300.0,1020000.0,-26.9,63.7,6.638766708050199,24012,25.122,0.0007380821999999,0.0069716408937901
mp-1018139,HoNiBi,0.182,0.301,1e+21,300.0,1830000.0,30.1,114.1,12.473555799885906,1018139,0.1539,0.0016579982999999,0.0393903172485833
mp-1018139,HoNiBi,0.182,0.301,5e+20,300.0,1220000.0,58.5,151.9,8.154096320220217,1018139,0.1539,0.004175145,0.1507636079413669
mp-1018139,HoNiBi,0.182,0.301,1e+20,300.0,358000.0,130.0,223.4,2.8371093878574443,1018139,0.1539,0.0060501999999999,0.6068386168791517
mp-1018139,HoNiBi,0.182,0.301,5e+19,300.0,218000.0,158.0,271.8,1.7068717221080585,1018139,0.1539,0.005442152,0.8774024135267835
mp-1018139,HoNiBi,0.182,0.301,1e+19,300.0,70000.0,257.0,428.1,0.6788069905953016,1018139,0.1539,0.00462343,1.6656867489588554
mp-1018139,HoNiBi,0.182,0.301,5e+18,300.0,44200.0,281.0,506.0,0.7838426020641055,1018139,0.1539,0.0034900762,1.1165354519410262
mp-1018139,HoNiBi,0.182,0.301,1e+18,300.0,28900.0,152.0,759.0,1.8268218863213184,1018139,0.1539,0.0006677055999999,0.1011306440259502
mp-1018139,HoNiBi,0.182,0.301,-1e+18,300.0,25500.0,-157.0,527.0,2.0684210215003467,1018139,0.1539,0.0006285494999999,0.0848504100783175
mp-1018139,HoNiBi,0.182,0.301,-5e+18,300.0,33800.0,-417.0,371.6,0.9446445320601384,1018139,0.1539,0.0058774482,1.6050641631189455
mp-1018139,HoNiBi,0.182,0.301,-1e+19,300.0,54100.0,-418.0,326.1,0.6953335583107293,1018139,0.1539,0.0094525683999999,3.339211565827429
mp-1018139,HoNiBi,0.182,0.301,-5e+19,300.0,210000.0,-301.0,262.3,1.4427504089539582,1018139,0.1539,0.01902621,3.574898404804527
mp-1018139,HoNiBi,0.182,0.301,-1e+20,300.0,398000.0,-242.0,248.6,2.6571545836897186,1018139,0.1539,0.023308472,2.4875154116793308
mp-1018139,HoNiBi,0.182,0.301,-5e+20,300.0,1740000.0,-118.0,217.1,11.534996640235816,1018139,0.1539,0.0242277599999999,0.621814720730847
mp-1018139,HoNiBi,0.182,0.301,-1e+21,300.0,3220000.0,-78.3,200.9,22.49955142369801,1018139,0.1539,0.0197414657999999,0.261436530320693
mp-16236,K2Ag2Se2,,0.48,1e+21,300.0,89200.0,88.8,5.6,0.5745167266069974,16236,0.3987166666666666,0.0007033812479999,0.2168178525915363
mp-16236,K2Ag2Se2,,0.48,5e+20,300.0,47000.0,127.0,5.9,0.2754792540194919,16236,0.3987166666666666,0.0007580629999999,0.3373187125910164
mp-16236,K2Ag2Se2,,0.48,1e+20,300.0,9370.0,244.0,5.8,0.0495514967211849,16236,0.3987166666666666,0.00055785232,0.3733383489364605
mp-16236,K2Ag2Se2,,0.48,5e+19,300.0,4680.0,301.0,5.8,0.0244233786550268,16236,0.3987166666666666,0.00042401268,0.3006186850107579
mp-16236,K2Ag2Se2,,0.48,1e+19,300.0,966.0,438.0,6.0,0.0049776640161567,16236,0.3987166666666666,0.000185321304,0.1377190289146796
mp-16236,K2Ag2Se2,,0.48,5e+18,300.0,494.0,496.0,6.2,0.002532984852509,16236,0.3987166666666666,0.000121531904,0.0908650538684831
mp-16236,K2Ag2Se2,,0.48,1e+18,300.0,103.0,632.0,6.4,0.0005268852245487,16236,0.3987166666666666,4.1140672e-05,0.0309139660278419
mp-16236,K2Ag2Se2,,0.48,-1e+18,300.0,2150.0,-246.0,134.3,0.0121749772676852,16236,0.3987166666666666,0.0001301093999999,0.0949954095591349
mp-16236,K2Ag2Se2,,0.48,-5e+18,300.0,8720.0,-139.0,108.8,0.0553184060660732,16236,0.3987166666666666,0.0001684791199999,0.1113212151117711
mp-16236,K2Ag2Se2,,0.48,-1e+19,300.0,15600.0,-105.0,97.3,0.1023786377082753,16236,0.3987166666666666,0.0001719899999999,0.102968436442108
mp-16236,K2Ag2Se2,,0.48,-5e+19,300.0,58300.0,-48.0,72.7,0.4168267198420192,16236,0.3987166666666666,0.0001343232,0.0494111786897199
mp-16236,K2Ag2Se2,,0.48,-1e+20,300.0,102000.0,-37.5,63.8,0.7359164377423912,16236,0.3987166666666666,0.0001434374999999,0.0379252551620037
mp-16236,K2Ag2Se2,,0.48,-5e+20,300.0,258000.0,-11.7,32.2,1.880896552701904,16236,0.3987166666666666,3.531761999999999e-05,0.0046478437262856
mp-16236,K2Ag2Se2,,0.48,-1e+21,300.0,333000.0,-8.44,20.8,2.4089980154939887,16236,0.3987166666666666,2.3720788799999995e-05,0.0025345298385246
mp-1022,K2S,2.372,2.562,1e+21,300.0,6130.0,323.0,0.4,0.0371851940675729,1022,0.20734,0.00063953677,0.784626842774248
mp-1022,K2S,2.372,2.562,5e+20,300.0,2990.0,384.0,0.4,0.0178837697566236,1022,0.20734,0.00044089344,0.5872738572084493
mp-1022,K2S,2.372,2.562,1e+20,300.0,627.0,526.0,0.4,0.0036546854178199,1022,0.20734,0.000173475852,0.2466543434349681
mp-1022,K2S,2.372,2.562,5e+19,300.0,331.0,585.0,0.4,0.0019128157592782,1022,0.20734,0.000113276475,0.1624013630435136
mp-1022,K2S,2.372,2.562,1e+19,300.0,75.5,718.0,0.5,0.000433323328712,1022,0.20734,3.8922062e-05,0.0561988344457809
mp-1022,K2S,2.372,2.562,5e+18,300.0,39.5,775.0,0.5,0.0002266029408107,1022,0.20734,2.37246875e-05,0.0342897467567534
mp-1022,K2S,2.372,2.562,1e+18,300.0,8.45,909.0,0.5,4.844388974594288e-05,1022,0.20734,6.982074449999999e-06,0.0100999954274866
mp-1022,K2S,2.372,2.562,-1e+18,300.0,2420.0,-379.0,150.9,0.0148418193861306,1022,0.20734,0.00034761122,0.4693604827259315
mp-1022,K2S,2.372,2.562,-5e+18,300.0,9840.0,-255.0,122.8,0.0633756789270074,1022,0.20734,0.0006398459999999,0.7090605197334217
mp-1022,K2S,2.372,2.562,-1e+19,300.0,17700.0,-204.0,110.5,0.1165434136678438,1022,0.20734,0.0007366032,0.6822855097687262
mp-1022,K2S,2.372,2.562,-5e+19,300.0,69600.0,-102.0,86.9,0.4631080694257696,1022,0.20734,0.0007241184,0.3240154307343438
mp-1022,K2S,2.372,2.562,-1e+20,300.0,122000.0,-66.1,76.4,0.8338649836082933,1022,0.20734,0.0005330436199999,0.1535846336864347
mp-1022,K2S,2.372,2.562,-5e+20,300.0,381000.0,-23.0,47.6,2.718879215185525,1022,0.20734,0.000201549,0.0206630794050631
mp-1022,K2S,2.372,2.562,-1e+21,300.0,520000.0,-15.0,32.5,3.7777683700991536,1022,0.20734,0.0001169999999999,0.0088077905894179
mp-8426,K2Se,2.109,2.226,1e+21,300.0,1160.0,383.0,0.1,0.0069897299585264,8426,1.1659,0.0001701592399999,0.0435230786800179
mp-8426,K2Se,2.109,2.226,5e+20,300.0,553.0,445.0,0.1,0.0033369683927856,8426,1.1659,0.0001095078249999,0.0280972534978331
mp-8426,K2Se,2.109,2.226,1e+20,300.0,106.0,588.0,0.1,0.0006289573565635,8426,1.1659,3.6648864e-05,0.0094251061070225
mp-8426,K2Se,2.109,2.226,5e+19,300.0,53.5,648.0,0.1,0.0003165056503642,8426,1.1659,2.2464864e-05,0.0057789091196592
mp-8426,K2Se,2.109,2.226,1e+19,300.0,11.4,784.0,0.1,6.742683168004188e-05,8426,1.1659,7.0070784e-06,0.0018029007257193
mp-8426,K2Se,2.109,2.226,5e+18,300.0,5.91,842.0,0.1,3.492144413034488e-05,8426,1.1659,4.18997724e-06,0.0010780989134823
mp-8426,K2Se,2.109,2.226,1e+18,300.0,1.25,976.0,0.1,7.4453960328742675e-06,8426,1.1659,1.19072e-06,0.0003063845259849
mp-8426,K2Se,2.109,2.226,-1e+18,300.0,349.0,-355.0,21.8,0.0021187900078892,8426,1.1659,4.3982725e-05,0.0112967510564713
mp-8426,K2Se,2.109,2.226,-5e+18,300.0,1600.0,-228.0,20.0,0.0099111316967272,8426,1.1659,8.317439999999999e-05,0.0212213673840569
mp-8426,K2Se,2.109,2.226,-1e+19,300.0,3080.0,-178.0,19.2,0.0191942159973669,8426,1.1659,9.758671999999998e-05,0.0247035346260309
mp-8426,K2Se,2.109,2.226,-5e+19,300.0,13600.0,-79.0,16.9,0.090827429118172,8426,1.1659,8.48776e-05,0.0202615773396998
mp-8426,K2Se,2.109,2.226,-1e+20,300.0,24200.0,-54.2,15.1,0.1703155378238835,8426,1.1659,7.1090888e-05,0.0159609477635119
mp-8426,K2Se,2.109,2.226,-5e+20,300.0,86800.0,-21.4,10.8,0.6263201506265365,8426,1.1659,3.9750928e-05,0.006653913803966
mp-8426,K2Se,2.109,2.226,-1e+21,300.0,137000.0,-15.8,8.6,1.0038093951509124,8426,1.1659,3.4200680000000005e-05,0.0047288378908855
mp-1747,K2Te,2.16,2.209,1e+21,300.0,1590.0,401.0,0.1,0.0092166035173985,1747,0.32134,0.0002556735899999,0.2320391611717805
mp-1747,K2Te,2.16,2.209,5e+20,300.0,757.0,463.0,0.1,0.0043923212294677,1747,0.32134,0.0001622773329999,0.1494576888047726
mp-1747,K2Te,2.16,2.209,1e+20,300.0,143.0,606.0,0.1,0.0008232153773363,1747,0.32134,5.2514748e-05,0.0489019964043613
mp-1747,K2Te,2.16,2.209,5e+19,300.0,72.1,667.0,0.1,0.000413234278031,1747,0.32134,3.207649689999999e-05,0.0299078549795856
mp-1747,K2Te,2.16,2.209,1e+19,300.0,15.4,803.0,0.1,8.755064809015001e-05,1747,0.32134,9.9300586e-06,0.009268084126558
mp-1747,K2Te,2.16,2.209,5e+18,300.0,7.91,861.0,0.1,4.522580437345862e-05,1747,0.32134,5.86384911e-06,0.0054736639762986
mp-1747,K2Te,2.16,2.209,1e+18,300.0,1.67,995.0,0.1,9.627057848013603e-06,1747,0.32134,1.6533417500000002e-06,0.0015434980570576
mp-1747,K2Te,2.16,2.209,-1e+18,300.0,392.0,-344.0,24.4,0.0023889956090268,1747,0.32134,4.638771199999999e-05,0.0429875413965296
mp-1747,K2Te,2.16,2.209,-5e+18,300.0,1770.0,-217.0,22.1,0.011173942907079,1747,0.32134,8.334752999999998e-05,0.0751976256435882
mp-1747,K2Te,2.16,2.209,-1e+19,300.0,3350.0,-168.0,20.9,0.0216528796701057,1747,0.32134,9.45504e-05,0.082698859601056
mp-1747,K2Te,2.16,2.209,-5e+19,300.0,14400.0,-80.1,17.9,0.1002806123338472,1747,0.32134,9.239054399999998e-05,0.0657395829074244
mp-1747,K2Te,2.16,2.209,-1e+20,300.0,26800.0,-56.9,16.7,0.1909386808495405,1747,0.32134,8.676794799999997e-05,0.0508129371240519
mp-1747,K2Te,2.16,2.209,-5e+20,300.0,102000.0,-19.4,12.8,0.7213397635695974,1747,0.32134,3.838871999999999e-05,0.0110452090875659
mp-1747,K2Te,2.16,2.209,-1e+21,300.0,138000.0,-9.65,8.6,0.9964973461201708,1747,0.32134,1.2850904999999998e-05,0.0029254532141999
mp-28171,K3IO,,1.107,1e+21,300.0,16200.0,154.0,1.0,0.1128450650585733,28171,0.46603,0.0003841992,0.1991099063635388
mp-28171,K3IO,,1.107,5e+20,300.0,8560.0,195.0,1.1,0.0579650872293898,28171,0.46603,0.0003254939999999,0.1863532738756813
mp-28171,K3IO,,1.107,1e+20,300.0,1800.0,318.0,1.1,0.0118586554445363,28171,0.46603,0.0001820231999999,0.1142671192919909
mp-28171,K3IO,,1.107,5e+19,300.0,905.0,378.0,1.1,0.0059459459592704,28171,0.46603,0.0001293100199999,0.0821927607372552
mp-28171,K3IO,,1.107,1e+19,300.0,188.0,516.0,1.2,0.001228591388892,28171,0.46603,5.005612799999999e-05,0.03213817504214
mp-28171,K3IO,,1.107,5e+18,300.0,96.3,575.0,1.2,0.0006268076954909,28171,0.46603,3.18391875e-05,0.0204684815317916
mp-28171,K3IO,,1.107,1e+18,300.0,20.4,710.0,1.3,0.0001320604900218,28171,0.46603,1.028364e-05,0.006618067538051
mp-28171,K3IO,,1.107,-1e+18,300.0,446.0,-333.0,27.8,0.0025104748838513,28171,0.46603,4.945649399999999e-05,0.031666310586461
mp-28171,K3IO,,1.107,-5e+18,300.0,1970.0,-211.0,24.6,0.0116505744423968,28171,0.46603,8.770636999999999e-05,0.0550826481288552
mp-28171,K3IO,,1.107,-1e+19,300.0,3650.0,-164.0,22.8,0.022272092578784,28171,0.46603,9.81704e-05,0.0603133192496984
mp-28171,K3IO,,1.107,-5e+19,300.0,15000.0,-79.4,18.7,0.0996477624643154,28171,0.46603,9.45654e-05,0.0501515560314952
mp-28171,K3IO,,1.107,-1e+20,300.0,27000.0,-55.0,16.9,0.1864405951680562,28171,0.46603,8.167499999999998e-05,0.0375534164780083
mp-28171,K3IO,,1.107,-5e+20,300.0,104000.0,-26.4,13.0,0.7261591991789694,28171,0.46603,7.248384e-05,0.0182396821032897
mp-28171,K3IO,,1.107,-1e+21,300.0,152000.0,-13.5,9.5,1.0999938691113709,28171,0.46603,2.7702e-05,0.0053068156647674
mp-23251,KBr,,4.331,1e+21,300.0,81000.0,135.0,5.1,0.41961013001944,23251,0.61336,0.0014762249999999,0.4287321454218966
mp-23251,KBr,,4.331,5e+20,300.0,46400.0,186.0,5.8,0.226499104949242,23251,0.61336,0.0016052544,0.5734013207240336
mp-23251,KBr,,4.331,1e+20,300.0,11300.0,317.0,7.1,0.0502729679510597,23251,0.61336,0.0011355257,0.5133224635475345
mp-23251,KBr,,4.331,5e+19,300.0,6050.0,374.0,7.6,0.0262127797099117,23251,0.61336,0.0008462497999999,0.396944566832752
mp-23251,KBr,,4.331,1e+19,300.0,1390.0,505.0,8.7,0.0058123062714622,23251,0.61336,0.00035448475,0.1717541691106824
mp-23251,KBr,,4.331,5e+18,300.0,724.0,562.0,9.0,0.0030059760792851,23251,0.61336,0.000228671056,0.1112996490110862
mp-23251,KBr,,4.331,1e+18,300.0,154.0,696.0,9.6,0.0006352830543713,23251,0.61336,7.4600064e-05,0.0364498226902798
mp-23251,KBr,,4.331,-1e+18,300.0,10600.0,-382.0,659.0,0.0560423073932698,23251,0.61336,0.0015467943999999,0.6932129078057544
mp-23251,KBr,,4.331,-5e+18,300.0,42300.0,-257.0,528.2,0.2381814727512247,23251,0.61336,0.0027938727,0.984287714480897
mp-23251,KBr,,4.331,-1e+19,300.0,74800.0,-205.0,466.7,0.4384259048677285,23251,0.61336,0.00314347,0.8966092772640796
mp-23251,KBr,,4.331,-5e+19,300.0,265000.0,-102.0,331.1,1.7284208644264716,23251,0.61336,0.00275706,0.3532004264637163
mp-23251,KBr,,4.331,-1e+20,300.0,458000.0,-67.2,285.8,2.9750323148425672,23251,0.61336,0.0020682547199999,0.1729120903067121
mp-23251,KBr,,4.331,-5e+20,300.0,986000.0,-15.6,123.1,7.150748778498699,23251,0.61336,0.0002399529599999,0.0092716228035498
mp-23251,KBr,,4.331,-1e+21,300.0,1220000.0,-9.29,76.0,8.818485726382734,23251,0.61336,0.0001052910019999,0.003349005222977
mp-1178135,KLuO2,4.241,4.258,1e+21,300.0,150000.0,164.0,9.4,0.8633579933136737,1178135,12.980166666666667,0.0040344,0.0874286014383939
mp-1178135,KLuO2,4.241,4.258,5e+20,300.0,78900.0,204.0,9.8,0.5084329865953109,1178135,12.980166666666667,0.0032835024,0.0730283902941535
mp-1178135,KLuO2,4.241,4.258,1e+20,300.0,18800.0,308.0,11.8,0.1314092298112204,1178135,12.980166666666667,0.0017834432,0.0408061520769386
mp-1178135,KLuO2,4.241,4.258,5e+19,300.0,10200.0,359.0,12.7,0.0709588233789449,1178135,12.980166666666667,0.0013145862,0.0302177662992206
mp-1178135,KLuO2,4.241,4.258,1e+19,300.0,2460.0,484.0,15.3,0.0167709887292989,1178135,12.980166666666667,0.00057626976,0.0133016663297007
mp-1178135,KLuO2,4.241,4.258,5e+18,300.0,1310.0,540.0,16.3,0.0088803582228081,1178135,12.980166666666667,0.000381996,0.0088227257766029
mp-1178135,KLuO2,4.241,4.258,1e+18,300.0,291.0,671.0,18.2,0.0019645836042261,1178135,12.980166666666667,0.0001310201309999,0.0030277031207144
mp-1178135,KLuO2,4.241,4.258,-1e+18,300.0,3820.0,-523.0,238.5,0.0181728580671992,1178135,12.980166666666667,0.00104488078,0.0241157136573887
mp-1178135,KLuO2,4.241,4.258,-5e+18,300.0,17600.0,-389.0,219.9,0.0857392701888385,1178135,12.980166666666667,0.0026632495999999,0.0611495968102962
mp-1178135,KLuO2,4.241,4.258,-1e+19,300.0,34300.0,-331.0,214.1,0.1688644519298835,1178135,12.980166666666667,0.0037579422999999,0.0857388411230941
mp-1178135,KLuO2,4.241,4.258,-5e+19,300.0,155000.0,-201.0,192.9,0.8029474024461841,1178135,12.980166666666667,0.0062621549999999,0.136300584220652
mp-1178135,KLuO2,4.241,4.258,-1e+20,300.0,281000.0,-152.0,175.3,1.5258148851100766,1178135,12.980166666666667,0.0064922239999999,0.134266488141329
mp-1178135,KLuO2,4.241,4.258,-5e+20,300.0,958000.0,-68.2,119.5,6.112192410518269,1178135,12.980166666666667,0.00445588792,0.0700157780709988
mp-1178135,KLuO2,4.241,4.258,-1e+21,300.0,1570000.0,-48.0,98.1,10.581111317148574,1178135,12.980166666666667,0.00361728,0.0460579430685142
mp-15724,KNa2Sb,,0.853,1e+21,300.0,137000.0,58.0,8.6,0.9373360535368056,15724,1.1592,0.000460868,0.0659470652874097
mp-15724,KNa2Sb,,0.853,5e+20,300.0,78100.0,85.6,9.7,0.5135016860529374,15724,1.1592,0.0005722668159999,0.1026363793564901
mp-15724,KNa2Sb,,0.853,1e+20,300.0,18100.0,180.0,11.3,0.1135429596769434,15724,1.1592,0.0005864399999999,0.1382305819586904
mp-15724,KNa2Sb,,0.853,5e+19,300.0,9420.0,232.0,11.8,0.0579535000587238,15724,1.1592,0.00050702208,0.1249691382333134
mp-15724,KNa2Sb,,0.853,1e+19,300.0,2020.0,362.0,12.6,0.0121458268015405,15724,1.1592,0.0002647088799999,0.0677960873577473
mp-15724,KNa2Sb,,0.853,5e+18,300.0,1040.0,420.0,13.0,0.0062212491606388,15724,1.1592,0.0001834559999999,0.0472248125213168
mp-15724,KNa2Sb,,0.853,1e+18,300.0,221.0,554.0,13.8,0.0013123289271159,15724,1.1592,6.782843600000001e-05,0.0175340927388613
mp-15724,KNa2Sb,,0.853,-1e+18,300.0,6740.0,-223.0,420.9,0.0422876601993228,15724,1.1592,0.00033517346,0.0836896135773202
mp-15724,KNa2Sb,,0.853,-5e+18,300.0,31600.0,-120.0,395.0,0.1977110975664438,15724,1.1592,0.0004550399999999,0.1006049698059053
mp-15724,KNa2Sb,,0.853,-1e+19,300.0,60800.0,-81.0,379.6,0.3982749631155551,15724,1.1592,0.0003989087999999,0.0768376011390759
mp-15724,KNa2Sb,,0.853,-5e+19,300.0,216000.0,-26.7,270.0,1.4617139789594011,15724,1.1592,0.0001539842399999,0.0176256345575718
mp-15724,KNa2Sb,,0.853,-1e+20,300.0,276000.0,-15.3,172.0,1.984874037617777,15724,1.1592,6.460883999999999e-05,0.0061648204743568
mp-15724,KNa2Sb,,0.853,-5e+20,300.0,492000.0,-32.6,61.4,3.633630457481257,15724,1.1592,0.0005228779199999,0.0327287554591291
mp-15724,KNa2Sb,,0.853,-1e+21,300.0,743000.0,-26.6,46.4,5.353027414132782,15724,1.1592,0.00052571708,0.0242183071889854
mp-567290,La2N2,1.129,1.589,1e+21,300.0,96900.0,68.9,6.1,0.5698891135695084,567290,144.29,0.000460004649,0.0009526542892201
mp-567290,La2N2,1.129,1.589,5e+20,300.0,47800.0,109.0,6.0,0.2702155602358408,567290,144.29,0.0005679118,0.0011785645126477
mp-567290,La2N2,1.129,1.589,1e+20,300.0,9920.0,219.0,6.2,0.0518785033886655,567290,144.29,0.0004757731199999,0.0009888463242954
mp-567290,La2N2,1.129,1.589,5e+19,300.0,5200.0,273.0,6.5,0.0259344445570013,567290,144.29,0.0003875507999999,0.0008056299565772
mp-567290,La2N2,1.129,1.589,1e+19,300.0,1210.0,401.0,7.5,0.0054740448946673,567290,144.29,0.00019456921,0.000404522479907
mp-567290,La2N2,1.129,1.589,5e+18,300.0,650.0,456.0,8.1,0.0028343745125452,567290,144.29,0.0001351583999999,0.0002810085488703
mp-567290,La2N2,1.129,1.589,1e+18,300.0,149.0,585.0,9.3,0.000607556575703,567290,144.29,5.0991525e-05,0.0001060183871912
mp-567290,La2N2,1.129,1.589,-1e+18,300.0,877.0,-342.0,54.7,0.0041021523169917,567290,144.29,0.0001025774279999,0.0002132674027624
mp-567290,La2N2,1.129,1.589,-5e+18,300.0,3620.0,-221.0,45.2,0.0188145885843189,567290,144.29,0.0001768044199999,0.000367554304643
mp-567290,La2N2,1.129,1.589,-1e+19,300.0,6520.0,-175.0,40.7,0.0359167021902763,567290,144.29,0.000199675,0.0004150501958952
mp-567290,La2N2,1.129,1.589,-5e+19,300.0,26400.0,-91.6,32.9,0.1594503363525096,567290,144.29,0.0002215107839999,0.0004600449156797
mp-567290,La2N2,1.129,1.589,-1e+20,300.0,49700.0,-64.2,31.0,0.3047062048934287,567290,144.29,0.000204845508,0.0004250062399443
mp-567290,La2N2,1.129,1.589,-5e+20,300.0,178000.0,-37.5,22.3,1.3466704526347026,567290,144.29,0.0002503124999999,0.0005156239137202
mp-567290,La2N2,1.129,1.589,-1e+21,300.0,302000.0,-49.6,18.8,2.095991156209514,567290,144.29,0.00074296832,0.0015226217634592
mp-1153,Li2S,3.419,4.292,1e+21,300.0,86500.0,88.7,5.4,0.4980131201626351,1153,0.21394,0.000680555185,0.2867696618189709
mp-1153,Li2S,3.419,4.292,5e+20,300.0,48400.0,129.0,6.0,0.2585289334102091,1153,0.21394,0.0008054243999999,0.5114141966032362
mp-1153,Li2S,3.419,4.292,1e+20,300.0,10400.0,250.0,6.5,0.051977355264507,1153,0.21394,0.00065,0.733310542315052
mp-1153,Li2S,3.419,4.292,5e+19,300.0,5130.0,311.0,6.4,0.0256236298838066,1153,0.21394,0.0004961787299999,0.6213531622983304
mp-1153,Li2S,3.419,4.292,1e+19,300.0,1040.0,452.0,6.5,0.0052100620984832,1153,0.21394,0.0002124761599999,0.2908639285318787
mp-1153,Li2S,3.419,4.292,5e+18,300.0,552.0,510.0,6.9,0.0027186442132451,1153,0.21394,0.0001435751999999,0.198803791819061
mp-1153,Li2S,3.419,4.292,1e+18,300.0,133.0,639.0,8.3,0.0006147463586618,1153,0.21394,5.430669299999999e-05,0.0759340363077559
mp-1153,Li2S,3.419,4.292,-1e+18,300.0,1380.0,-449.0,86.3,0.0062262367580695,1153,0.21394,0.0002782093799999,0.3790899786858938
mp-1153,Li2S,3.419,4.292,-5e+18,300.0,6350.0,-315.0,79.2,0.029732818151935,1153,0.21394,0.0006300787499999,0.7757271674106462
mp-1153,Li2S,3.419,4.292,-1e+19,300.0,12500.0,-257.0,78.3,0.0597194249934886,1153,0.21394,0.0008256125,0.9050802836624148
mp-1153,Li2S,3.419,4.292,-5e+19,300.0,57900.0,-135.0,72.3,0.2966546247799684,1153,0.21394,0.0010552275,0.6199991825930784
mp-1153,Li2S,3.419,4.292,-1e+20,300.0,106000.0,-93.5,66.4,0.5708522433157779,1153,0.21394,0.0009266784999999,0.3542384017780223
mp-1153,Li2S,3.419,4.292,-5e+20,300.0,364000.0,-38.6,45.5,2.363908273126541,1153,0.21394,0.0005423454399999,0.0631160622198431
mp-1153,Li2S,3.419,4.292,-1e+21,300.0,646000.0,-27.2,40.3,4.3007090996100485,1153,0.21394,0.0004779366399999,0.0317590556511589
mp-2286,Li2Se,2.974,3.389,1e+21,300.0,108000.0,81.1,6.8,0.6515718367007238,2286,8.2908,0.0007103386799999,0.0238305460666902
mp-2286,Li2Se,2.974,3.389,5e+20,300.0,60700.0,121.0,7.6,0.3406856692703168,2286,8.2908,0.0008887087,0.0308883800791317
mp-2286,Li2Se,2.974,3.389,1e+20,300.0,13300.0,238.0,8.3,0.0719134229746411,2286,8.2908,0.0007533651999999,0.0270258645213239
mp-2286,Li2Se,2.974,3.389,5e+19,300.0,6620.0,297.0,8.3,0.0359757377014367,2286,8.2908,0.00058394358,0.0210385243362346
mp-2286,Li2Se,2.974,3.389,1e+19,300.0,1340.0,438.0,8.4,0.0073555880651436,2286,8.2908,0.00025707096,0.0092937866953133
mp-2286,Li2Se,2.974,3.389,5e+18,300.0,697.0,496.0,8.7,0.0038085237269145,2286,8.2908,0.000171473152,0.0062018533427887
mp-2286,Li2Se,2.974,3.389,1e+18,300.0,160.0,627.0,10.0,0.0008497350213683,2286,8.2908,6.290063999999999e-05,0.0022758066974655
mp-2286,Li2Se,2.974,3.389,-1e+18,300.0,1000.0,-457.0,62.5,0.005286233447801,2286,8.2908,0.000208849,0.0075523202431758
mp-2286,Li2Se,2.974,3.389,-5e+18,300.0,4580.0,-325.0,57.2,0.0247685426865228,2286,8.2908,0.0004837625,0.0174526551317575
mp-2286,Li2Se,2.974,3.389,-1e+19,300.0,9040.0,-266.0,56.4,0.0492026596206325,2286,8.2908,0.00063963424,0.0230084185619107
mp-2286,Li2Se,2.974,3.389,-5e+19,300.0,43600.0,-142.0,54.4,0.2452378357051913,2286,8.2908,0.0008791503999999,0.0308978386783569
mp-2286,Li2Se,2.974,3.389,-1e+20,300.0,82200.0,-99.1,51.3,0.4846837885221911,2286,8.2908,0.000807270582,0.0275974727361195
mp-2286,Li2Se,2.974,3.389,-5e+20,300.0,315000.0,-42.0,39.3,2.124495011822136,2286,8.2908,0.0005556599999999,0.0160051155354462
mp-2286,Li2Se,2.974,3.389,-1e+21,300.0,578000.0,-29.9,36.1,4.007757356922018,2286,8.2908,0.0005167377799999,0.0126048388848403
mp-23222,Li3Bi,0.41,0.968,1e+21,300.0,1070000.0,44.1,66.6,7.012149458390797,23222,0.15218,0.0020809467,0.0871378143098715
mp-23222,Li3Bi,0.41,0.968,5e+20,300.0,649000.0,73.1,81.0,4.225790410965945,23222,0.15218,0.0034680028899999,0.2376445634246345
mp-23222,Li3Bi,0.41,0.968,1e+20,300.0,205000.0,141.0,127.7,1.2714924762896576,23222,0.15218,0.0040756049999999,0.8588221802155608
mp-23222,Li3Bi,0.41,0.968,5e+19,300.0,119000.0,182.0,148.3,0.7002075613922569,23222,0.15218,0.0039417559999999,1.387311187493722
mp-23222,Li3Bi,0.41,0.968,1e+19,300.0,28100.0,304.0,175.6,0.1554671894346485,23222,0.15218,0.0025968895999999,2.5323386878054417
mp-23222,Li3Bi,0.41,0.968,5e+18,300.0,14700.0,361.0,183.1,0.0800549635255916,23222,0.15218,0.0019157186999999,2.474716129195757
mp-23222,Li3Bi,0.41,0.968,1e+18,300.0,3190.0,495.0,198.8,0.0177509108591779,23222,0.15218,0.00078162975,1.379907421283238
mp-23222,Li3Bi,0.41,0.968,-1e+18,300.0,2380.0,-428.0,148.5,0.0142876199546795,23222,0.15218,0.00043597792,0.7856986003380612
mp-23222,Li3Bi,0.41,0.968,-5e+18,300.0,11000.0,-298.0,136.9,0.0624024427237065,23222,0.15218,0.000976844,1.3656904837146036
mp-23222,Li3Bi,0.41,0.968,-1e+19,300.0,21000.0,-245.0,131.0,0.1213798786040988,23222,0.15218,0.001260525,1.3823573176360298
mp-23222,Li3Bi,0.41,0.968,-5e+19,300.0,90500.0,-136.0,113.0,0.5613961877906313,23222,0.15218,0.001673888,0.7037320031022946
mp-23222,Li3Bi,0.41,0.968,-1e+20,300.0,167000.0,-99.7,104.2,1.0793369622195406,23222,0.15218,0.0016599950299999,0.4043781159964182
mp-23222,Li3Bi,0.41,0.968,-5e+20,300.0,710000.0,-44.5,88.6,4.908106049752599,23222,0.15218,0.0014059774999999,0.0833536376902234
mp-23222,Li3Bi,0.41,0.968,-1e+21,300.0,1330000.0,-28.9,83.1,9.27566380397839,23222,0.15218,0.0011108292999999,0.0353472964687158
mp-2074,Li3Sb,0.737,2.329,1e+21,300.0,563000.0,49.9,35.1,3.847761710588392,2074,235.39,0.0014018756299999,0.0017579277033561
mp-2074,Li3Sb,0.737,2.329,5e+20,300.0,362000.0,72.9,45.2,2.342154729908392,2074,235.39,0.00192381642,0.0024277108271521
mp-2074,Li3Sb,0.737,2.329,1e+20,300.0,122000.0,145.0,76.2,0.6982074586587719,2074,235.39,0.00256505,0.0032594385305532
mp-2074,Li3Sb,0.737,2.329,5e+19,300.0,70800.0,189.0,88.4,0.3830842194636392,2074,235.39,0.0025290467999999,0.0032179841160059
mp-2074,Li3Sb,0.737,2.329,1e+19,300.0,16500.0,315.0,103.0,0.0843601974418021,2074,235.39,0.0016372124999999,0.0020858481135191
mp-2074,Li3Sb,0.737,2.329,5e+18,300.0,8570.0,373.0,107.0,0.0433077339733548,2074,235.39,0.0011923355299999,0.0015193290297061
mp-2074,Li3Sb,0.737,2.329,1e+18,300.0,1860.0,508.0,116.4,0.0091795271106922,2074,235.39,0.0004799990399999,0.0006117256325584
mp-2074,Li3Sb,0.737,2.329,-1e+18,300.0,1950.0,-423.0,121.8,0.0111459984940412,2074,235.39,0.0003489115499999,0.0004446599635527
mp-2074,Li3Sb,0.737,2.329,-5e+18,300.0,8960.0,-294.0,111.9,0.0525878944976821,2074,235.39,0.00077446656,0.0009868221806333
mp-2074,Li3Sb,0.737,2.329,-1e+19,300.0,17100.0,-241.0,106.7,0.1018640414061979,2074,235.39,0.0009931850999999,0.001265247660308
mp-2074,Li3Sb,0.737,2.329,-5e+19,300.0,74200.0,-136.0,92.7,0.4557406757936382,2074,235.39,0.0013724032,0.0017457214144306
mp-2074,Li3Sb,0.737,2.329,-1e+20,300.0,139000.0,-99.2,86.6,0.8686051126963686,2074,235.39,0.00136784896,0.0017368877963376
mp-2074,Li3Sb,0.737,2.329,-5e+20,300.0,558000.0,-46.2,69.6,3.842459023902261,2074,235.39,0.00119101752,0.0014935483983145
mp-2074,Li3Sb,0.737,2.329,-1e+21,300.0,1050000.0,-29.9,65.6,7.298514834866964,2074,235.39,0.0009387104999999,0.0011603892759061
mp-1100398,LiBeSb,1.023,2.025,1e+21,300.0,1260000.0,31.1,78.9,8.65693508155936,1100398,62.014,0.0012186845999999,0.0051733485566313
mp-1100398,LiBeSb,1.023,2.025,5e+20,300.0,903000.0,55.1,112.8,6.100289074158595,1100398,62.014,0.0027415170299999,0.0120746339744445
mp-1100398,LiBeSb,1.023,2.025,1e+20,300.0,436000.0,111.0,271.9,2.6197490463147965,1100398,62.014,0.005371956,0.0249341377187509
mp-1100398,LiBeSb,1.023,2.025,5e+19,300.0,275000.0,154.0,343.1,1.4941260488520582,1100398,62.014,0.0065219,0.0308081834834011
mp-1100398,LiBeSb,1.023,2.025,1e+19,300.0,68100.0,284.0,424.7,0.3485678978602147,1100398,62.014,0.0054926735999999,0.0264229350320981
mp-1100398,LiBeSb,1.023,2.025,5e+18,300.0,36300.0,344.0,453.6,0.1860236617787639,1100398,62.014,0.0042955967999999,0.0207183046586499
mp-1100398,LiBeSb,1.023,2.025,1e+18,300.0,9050.0,476.0,564.8,0.0447724742604685,1100398,62.014,0.0020505128,0.0099124396998851
mp-1100398,LiBeSb,1.023,2.025,-1e+18,300.0,2030.0,-576.0,126.9,0.010119772975371,1100398,62.014,0.00067350528,0.0032576292052118
mp-1100398,LiBeSb,1.023,2.025,-5e+18,300.0,8190.0,-447.0,102.2,0.0425664191626803,1100398,62.014,0.0016364357099999,0.0079110195959596
mp-1100398,LiBeSb,1.023,2.025,-1e+19,300.0,15200.0,-389.0,94.9,0.0805475567838886,1100398,62.014,0.0023000791999999,0.0111124694059323
mp-1100398,LiBeSb,1.023,2.025,-5e+19,300.0,70700.0,-246.0,88.3,0.3857904202736941,1100398,62.014,0.0042784811999999,0.0205696902402246
mp-1100398,LiBeSb,1.023,2.025,-1e+20,300.0,138000.0,-189.0,86.0,0.7629835503339387,1100398,62.014,0.0049294979999999,0.0235571911290424
mp-1100398,LiBeSb,1.023,2.025,-5e+20,300.0,524000.0,-82.9,65.5,3.3573981829837263,1100398,62.014,0.0036011428399999,0.0165262313799062
mp-1100398,LiBeSb,1.023,2.025,-1e+21,300.0,869000.0,-60.6,54.2,5.980341980946989,1100398,62.014,0.0031912808399999,0.0140803517485064
mp-22526,LiCoO2,0.878,0.928,1e+21,300.0,72700.0,178.0,4.5,0.2080775017122065,22526,34.3971,0.0023034267999999,0.0199689205456547
mp-22526,LiCoO2,0.878,0.928,5e+20,300.0,36800.0,240.0,4.6,0.0989488848172472,22526,34.3971,0.0021196799999999,0.0184341111680141
mp-22526,LiCoO2,0.878,0.928,1e+20,300.0,7450.0,385.0,4.7,0.0186496063751805,22526,34.3971,0.00110427625,0.0096259090326085
mp-22526,LiCoO2,0.878,0.928,5e+19,300.0,3980.0,444.0,5.0,0.0094789857815795,22526,34.3971,0.00078460128,0.0068411446571677
mp-22526,LiCoO2,0.878,0.928,1e+19,300.0,1030.0,576.0,6.4,0.0021160839255632,22526,34.3971,0.00034172928,0.0029802651243528
mp-22526,LiCoO2,0.878,0.928,5e+18,300.0,579.0,632.0,7.2,0.0011200051776193,22526,34.3971,0.000231266496,0.002016963342567
mp-22526,LiCoO2,0.878,0.928,1e+18,300.0,144.0,762.0,9.0,0.000251955209997,22526,34.3971,8.361273599999998e-05,0.0007292369724466
mp-22526,LiCoO2,0.878,0.928,-1e+18,300.0,314.0,-677.0,19.6,0.0011496224930756,22526,34.3971,0.000143915306,0.0012551392083557
mp-22526,LiCoO2,0.878,0.928,-5e+18,300.0,1330.0,-548.0,16.6,0.005206043048875,22526,34.3971,0.0003994043199999,0.0034829437262151
mp-22526,LiCoO2,0.878,0.928,-1e+19,300.0,2470.0,-492.0,15.4,0.0099681852632995,22526,34.3971,0.0005978980799999,0.0052131562920201
mp-22526,LiCoO2,0.878,0.928,-5e+19,300.0,11100.0,-356.0,13.8,0.0475000609145973,22526,34.3971,0.0014067695999999,0.0122524540640221
mp-22526,LiCoO2,0.878,0.928,-1e+20,300.0,22200.0,-295.0,13.8,0.0962789933059091,22526,34.3971,0.0019319549999999,0.0168028333818049
mp-22526,LiCoO2,0.878,0.928,-5e+20,300.0,105000.0,-164.0,13.1,0.497199105202112,22526,34.3971,0.00282408,0.0242797253914091
mp-22526,LiCoO2,0.878,0.928,-1e+21,300.0,186000.0,-122.0,11.6,0.952390324008512,22526,34.3971,0.002768424,0.0234947432731703
mp-37906,LiMgN,,2.351,1e+21,300.0,108000.0,113.0,6.7,0.5464575263785798,37906,19.084,0.0013790519999999,0.0210751888713768
mp-37906,LiMgN,,2.351,5e+20,300.0,62800.0,158.0,7.8,0.2775388450487864,37906,19.084,0.0015677392,0.0242915485057259
mp-37906,LiMgN,,2.351,1e+20,300.0,13700.0,291.0,8.5,0.0531319675961972,37906,19.084,0.0011601296999999,0.0181865762638458
mp-37906,LiMgN,,2.351,5e+19,300.0,6910.0,352.0,8.6,0.0264775005872181,37906,19.084,0.00085617664,0.013440427744001
mp-37906,LiMgN,,2.351,1e+19,300.0,1580.0,490.0,9.9,0.0056341163273629,37906,19.084,0.000379358,0.0059617381510031
mp-37906,LiMgN,,2.351,5e+18,300.0,878.0,547.0,11.0,0.0029597514480858,37906,19.084,0.0002627055019999,0.0041290835013151
mp-37906,LiMgN,,2.351,1e+18,300.0,227.0,677.0,14.2,0.0006705686959081,37906,19.084,0.000104040683,0.0016354594535782
mp-37906,LiMgN,,2.351,-1e+18,300.0,4000.0,-399.0,249.4,0.0279776126265271,37906,19.084,0.000636804,0.009995888644919
mp-37906,LiMgN,,2.351,-5e+18,300.0,17100.0,-283.0,213.4,0.1098049746690092,37906,19.084,0.0013695219,0.0214056863942416
mp-37906,LiMgN,,2.351,-1e+19,300.0,33600.0,-234.0,210.0,0.1967642000898985,37906,19.084,0.0018398015999999,0.0286264835912155
mp-37906,LiMgN,,2.351,-5e+19,300.0,165000.0,-120.0,206.6,0.8174825897903313,37906,19.084,0.0023759999999999,0.0358164270819523
mp-37906,LiMgN,,2.351,-1e+20,300.0,274000.0,-84.6,171.0,1.4741050717324284,37906,19.084,0.0019610618399999,0.0286173531046357
mp-37906,LiMgN,,2.351,-5e+20,300.0,782000.0,-39.7,97.6,4.757375474065532,37906,19.084,0.00123250238,0.015508782805011
mp-37906,LiMgN,,2.351,-1e+21,300.0,1270000.0,-27.1,79.2,8.03642888198078,37906,19.084,0.0009327007,0.0103173224589346
mp-14115,LiRhO2,1.314,1.343,1e+21,300.0,20500.0,203.0,1.3,0.0833231066390513,14115,13.281233333333333,0.0008447845,0.0189632443948527
mp-14115,LiRhO2,1.314,1.343,5e+20,300.0,10800.0,258.0,1.4,0.0423856855122586,14115,13.281233333333333,0.0007188911999999,0.0161868453079391
mp-14115,LiRhO2,1.314,1.343,1e+20,300.0,2290.0,394.0,1.4,0.0085715829107284,14115,13.281233333333333,0.0003554904399999,0.0080247326933757
mp-14115,LiRhO2,1.314,1.343,5e+19,300.0,1180.0,453.0,1.5,0.0043267360399771,14115,13.281233333333333,0.0002421466199999,0.0054678903727539
mp-14115,LiRhO2,1.314,1.343,1e+19,300.0,255.0,589.0,1.6,0.000898494360633,14115,13.281233333333333,8.8464855e-05,0.0019981322911329
mp-14115,LiRhO2,1.314,1.343,5e+18,300.0,131.0,647.0,1.6,0.0004563671888201,14115,13.281233333333333,5.4837779e-05,0.001238647647321
mp-14115,LiRhO2,1.314,1.343,1e+18,300.0,27.4,783.0,1.7,9.36071261745172e-05,14115,13.281233333333333,1.6798638599999996e-05,0.000379449403105
mp-14115,LiRhO2,1.314,1.343,-1e+18,300.0,197.0,-625.0,12.3,0.0008437108244249,14115,13.281233333333333,7.695312500000001e-05,0.001738127058234
mp-14115,LiRhO2,1.314,1.343,-5e+18,300.0,932.0,-490.0,11.6,0.0040734086895903,14115,13.281233333333333,0.0002237732,0.0050530982312703
mp-14115,LiRhO2,1.314,1.343,-1e+19,300.0,1810.0,-433.0,11.3,0.0080162890079194,14115,13.281233333333333,0.0003393550899999,0.0076608183225648
mp-14115,LiRhO2,1.314,1.343,-5e+19,300.0,8450.0,-299.0,10.5,0.0391527341091001,14115,13.281233333333333,0.00075543845,0.0170138863733034
mp-14115,LiRhO2,1.314,1.343,-1e+20,300.0,16300.0,-243.0,10.2,0.0778057948921852,14115,13.281233333333333,0.0009624987,0.0216145493121521
mp-14115,LiRhO2,1.314,1.343,-5e+20,300.0,67400.0,-133.0,8.4,0.3607504981081739,14115,13.281233333333333,0.0011922386,0.0262184433304819
mp-14115,LiRhO2,1.314,1.343,-1e+21,300.0,120000.0,-96.5,7.5,0.673938797252864,14115,13.281233333333333,0.00111747,0.0240227061954497
mp-9124,LiZnAs,,0.533,1e+21,300.0,883000.0,36.1,55.1,6.1049626597880176,9124,0.67671,0.0011507344299999,0.0509048941637889
mp-9124,LiZnAs,,0.533,5e+20,300.0,565000.0,66.7,70.5,3.526946045210439,9124,0.67671,0.0025136228499999,0.1793883340810343
mp-9124,LiZnAs,,0.533,1e+20,300.0,134000.0,172.0,83.9,0.877112885984593,9124,0.67671,0.0039642559999999,0.7653876196104388
mp-9124,LiZnAs,,0.533,5e+19,300.0,68300.0,218.0,85.2,0.4839466613900693,9124,0.67671,0.0032458891999999,0.838979167908045
mp-9124,LiZnAs,,0.533,1e+19,300.0,15100.0,334.0,93.9,0.1154948922622245,9124,0.67671,0.0016844956,0.637901488536537
mp-9124,LiZnAs,,0.533,5e+18,300.0,7990.0,389.0,99.7,0.0616384368781883,9124,0.67671,0.0012090547899999,0.4912537480726195
mp-9124,LiZnAs,,0.533,1e+18,300.0,1870.0,516.0,116.8,0.0142944731161417,9124,0.67671,0.0004978987199999,0.2161630232672378
mp-9124,LiZnAs,,0.533,-1e+18,300.0,24300.0,-148.0,1519.2,0.1418649824734808,9124,0.67671,0.0005322672,0.1950709017730982
mp-9124,LiZnAs,,0.533,-5e+18,300.0,74300.0,-80.8,927.7,0.4828018136984462,9124,0.67671,0.000485077952,0.1255040128792048
mp-9124,LiZnAs,,0.533,-1e+19,300.0,120000.0,-53.5,749.7,0.8093618763209004,9124,0.67671,0.00034347,0.0693378305867013
mp-9124,LiZnAs,,0.533,-5e+19,300.0,291000.0,-25.3,363.6,2.067585974738196,9124,0.67671,0.0001862661899999,0.0203621830569134
mp-9124,LiZnAs,,0.533,-1e+20,300.0,421000.0,-28.6,262.6,3.309373067873844,9124,0.67671,0.00034436116,0.0259172591842407
mp-9124,LiZnAs,,0.533,-5e+20,300.0,1200000.0,-36.1,150.0,8.490255967146647,9124,0.67671,0.0015638519999999,0.0511789398674948
mp-9124,LiZnAs,,0.533,-1e+21,300.0,1980000.0,-30.9,123.6,13.667018711737406,9124,0.67671,0.0018905238,0.0395404257427078
mp-7575,LiZnN,,0.546,1e+21,300.0,208000.0,72.7,13.0,1.2208778436001786,7575,12.193,0.00109934032,0.0245866333244826
mp-7575,LiZnN,,0.546,5e+20,300.0,117000.0,106.0,14.6,0.6455864042918904,7575,12.193,0.001314612,0.0307186155532013
mp-7575,LiZnN,,0.546,1e+20,300.0,27600.0,213.0,17.2,0.1403292384649465,7575,12.193,0.0012521844,0.030458549572196
mp-7575,LiZnN,,0.546,5e+19,300.0,14200.0,268.0,17.8,0.0718502453810725,7575,12.193,0.0010199008,0.0249469201725661
mp-7575,LiZnN,,0.546,1e+19,300.0,3130.0,399.0,19.5,0.0154586558055679,7575,12.193,0.00049829913,0.0122447676004466
mp-7575,LiZnN,,0.546,5e+18,300.0,1680.0,455.0,20.9,0.0080960116699196,7575,12.193,0.000347802,0.0085517399338716
mp-7575,LiZnN,,0.546,1e+18,300.0,406.0,583.0,25.3,0.0018196038605761,7575,12.193,0.000137994934,0.0033947595409196
mp-7575,LiZnN,,0.546,-1e+18,300.0,8870.0,-175.0,553.8,0.0425005538813759,7575,12.193,0.00027164375,0.0066603834179998
mp-7575,LiZnN,,0.546,-5e+18,300.0,25900.0,-103.0,323.4,0.1514154913165308,7575,12.193,0.0002747731,0.0066776697574693
mp-7575,LiZnN,,0.546,-1e+19,300.0,44800.0,-70.2,279.6,0.2703821716587374,7575,12.193,0.000220776192,0.0053141961538025
mp-7575,LiZnN,,0.546,-5e+19,300.0,131000.0,-35.5,163.9,0.8634088184876152,7575,12.193,0.0001650927499999,0.0037933727174534
mp-7575,LiZnN,,0.546,-1e+20,300.0,191000.0,-24.4,119.3,1.2776362553991618,7575,12.193,0.0001137137599999,0.0025324808237099
mp-7575,LiZnN,,0.546,-5e+20,300.0,416000.0,-14.7,51.9,2.805585121274976,7575,12.193,8.989343999999998e-05,0.0017980384004186
mp-7575,LiZnN,,0.546,-1e+21,300.0,707000.0,-15.1,44.1,4.495925609544217,7575,12.193,0.0001612030699999,0.0028977851619347
mp-1249,Mg2F4,,7.41,1e+21,300.0,7600.0,76.9,0.5,0.0414956781631331,1249,27.489666666666665,4.4943436e-05,0.00048973707071
mp-1249,Mg2F4,,7.41,5e+20,300.0,4410.0,105.0,0.5,0.0233110591272116,1249,27.489666666666665,4.862024999999999e-05,0.000530152539117
mp-1249,Mg2F4,,7.41,1e+20,300.0,1160.0,204.0,0.7,0.005227279863203,1249,27.489666666666665,4.827456e-05,0.000526729363938
mp-1249,Mg2F4,,7.41,5e+19,300.0,607.0,261.0,0.8,0.0026190716311216,1249,27.489666666666665,4.1349447e-05,0.000451211449571
mp-1249,Mg2F4,,7.41,1e+19,300.0,140.0,395.0,0.9,0.0005431529180744,1249,27.489666666666665,2.18435e-05,0.0002383775912591
mp-1249,Mg2F4,,7.41,5e+18,300.0,76.7,450.0,1.0,0.0002819756420506,1249,27.489666666666665,1.553175e-05,0.0001694992253579
mp-1249,Mg2F4,,7.41,1e+18,300.0,18.7,579.0,1.2,6.186652500357965e-05,1249,27.489666666666665,6.269006699999999e-06,6.841471743633994e-05
mp-1249,Mg2F4,,7.41,-1e+18,300.0,213.0,-365.0,13.3,0.0009281504463141,1249,27.489666666666665,2.8376925e-05,0.0003096723645535
mp-1249,Mg2F4,,7.41,-5e+18,300.0,888.0,-238.0,11.1,0.0042796838010865,1249,27.489666666666665,5.029987199999999e-05,0.0005488466954742
mp-1249,Mg2F4,,7.41,-1e+19,300.0,1630.0,-187.0,10.2,0.008257305135039,1249,27.489666666666665,5.699946999999999e-05,0.0006218593453649
mp-1249,Mg2F4,,7.41,-5e+19,300.0,6110.0,-97.4,7.6,0.0356403195543729,1249,27.489666666666665,5.79641036e-05,0.0006317543011856
mp-1249,Mg2F4,,7.41,-1e+20,300.0,10800.0,-69.6,6.7,0.0666265508555685,1249,27.489666666666665,5.2316928e-05,0.0005695642108358
mp-1249,Mg2F4,,7.41,-5e+20,300.0,41700.0,-30.1,5.2,0.2801689554134471,1249,27.489666666666665,3.7780617e-05,0.0004081473601157
mp-1249,Mg2F4,,7.41,-1e+21,300.0,73300.0,-19.8,4.6,0.5099695945802031,1249,27.489666666666665,2.8736532000000003e-05,0.0003078954140533
mp-23710,Mg2H4,3.759,4.704,1e+21,300.0,64300.0,133.0,4.0,0.2568926603381834,23710,36.38333333333333,0.0011374027,0.0093127375922554
mp-23710,Mg2H4,3.759,4.704,5e+20,300.0,36200.0,186.0,4.5,0.1316406092994869,23710,36.38333333333333,0.0012523752,0.0102892736714057
mp-23710,Mg2H4,3.759,4.704,1e+20,300.0,7800.0,323.0,4.9,0.0261275938992535,23710,36.38333333333333,0.0008137661999999,0.0067051215201423
mp-23710,Mg2H4,3.759,4.704,5e+19,300.0,4000.0,384.0,5.0,0.0130986493914731,23710,36.38333333333333,0.000589824,0.0048616633653536
mp-23710,Mg2H4,3.759,4.704,1e+19,300.0,929.0,525.0,5.8,0.0028214251824582,23710,36.38333333333333,0.000256055625,0.0021111515632748
mp-23710,Mg2H4,3.759,4.704,5e+18,300.0,504.0,583.0,6.3,0.0014862941563281,23710,36.38333333333333,0.000171304056,0.001412435662074
mp-23710,Mg2H4,3.759,4.704,1e+18,300.0,118.0,717.0,7.4,0.0003365768341088,23710,36.38333333333333,6.0662502e-05,0.0005001900755183
mp-23710,Mg2H4,3.759,4.704,-1e+18,300.0,1280.0,-526.0,80.1,0.003599742033426,23710,36.38333333333333,0.00035414528,0.0029198279442771
mp-23710,Mg2H4,3.759,4.704,-5e+18,300.0,4710.0,-390.0,58.8,0.0143719619207886,23710,36.38333333333333,0.0007163909999999,0.0059046936683668
mp-23710,Mg2H4,3.759,4.704,-1e+19,300.0,8580.0,-329.0,53.6,0.0273081613596216,23710,36.38333333333333,0.0009287077799999,0.0076519479625367
mp-23710,Mg2H4,3.759,4.704,-5e+19,300.0,38500.0,-188.0,48.1,0.1328751719088207,23710,36.38333333333333,0.0013607439999999,0.011179232913553
mp-23710,Mg2H4,3.759,4.704,-1e+20,300.0,71700.0,-136.0,44.8,0.2570428513007485,23710,36.38333333333333,0.0013261631999999,0.010858211662325
mp-23710,Mg2H4,3.759,4.704,-5e+20,300.0,241000.0,-49.2,30.1,1.2107696384851,23710,36.38333333333333,0.00058337424,0.0046553118219417
mp-23710,Mg2H4,3.759,4.704,-1e+21,300.0,447000.0,-35.0,27.9,2.633284429529226,23710,36.38333333333333,0.0005475749999999,0.0042103213814789
mp-1265,MgO,,4.809,1e+21,300.0,242000.0,133.0,15.1,1.4049830019196885,1265,65.768,0.004280738,0.0191181237248805
mp-1265,MgO,,4.809,5e+20,300.0,137000.0,182.0,17.1,0.7502674531508732,1265,65.768,0.0045379879999999,0.0204665041968931
mp-1265,MgO,,4.809,1e+20,300.0,33000.0,310.0,20.6,0.1683159258298781,1265,65.768,0.0031712999999999,0.0144289226148176
mp-1265,MgO,,4.809,5e+19,300.0,17800.0,367.0,22.2,0.0886534345585627,1265,65.768,0.0023974641999999,0.0109212846764932
mp-1265,MgO,,4.809,1e+19,300.0,4290.0,496.0,26.8,0.0203942226291936,1265,65.768,0.00105540864,0.0048127423649913
mp-1265,MgO,,4.809,5e+18,300.0,2310.0,551.0,28.8,0.0107621907674919,1265,65.768,0.0007013183099999,0.0031985322616712
mp-1265,MgO,,4.809,1e+18,300.0,525.0,681.0,32.8,0.0023801720235103,1265,65.768,0.0002434745249999,0.0011105661440442
mp-1265,MgO,,4.809,-1e+18,300.0,20800.0,-343.0,1299.9,0.0941231621756056,1265,65.768,0.0024470992,0.0111464636235961
mp-1265,MgO,,4.809,-5e+18,300.0,71400.0,-228.0,891.2,0.3798198439940133,1265,65.768,0.0037116575999999,0.016833469079194
mp-1265,MgO,,4.809,-1e+19,300.0,119000.0,-182.0,745.2,0.679378551875863,1265,65.768,0.0039417559999999,0.0177964402173783
mp-1265,MgO,,4.809,-5e+19,300.0,409000.0,-91.3,510.0,2.593459006012719,1265,65.768,0.00340929721,0.0149614882109236
mp-1265,MgO,,4.809,-1e+20,300.0,694000.0,-62.7,433.2,4.607385344563678,1265,65.768,0.00272831526,0.0116304098939221
mp-1265,MgO,,4.809,-5e+20,300.0,2180000.0,-23.7,272.7,15.33968456252191,1265,65.768,0.0012244841999999,0.0045291054969865
mp-1265,MgO,,4.809,-1e+21,300.0,3320000.0,-15.2,207.4,23.60002369001452,1265,65.768,0.0007670527999999,0.0025749236751408
mp-22313,Na2PtO2,1.461,2.008,1e+21,300.0,40700.0,125.0,2.5,0.2129861211333716,22313,19.4354,0.0006359375,0.0097097669408481
mp-22313,Na2PtO2,1.461,2.008,5e+20,300.0,22600.0,171.0,2.8,0.112282954062047,22313,19.4354,0.0006608465999999,0.0101420705699942
mp-22313,Na2PtO2,1.461,2.008,1e+20,300.0,4690.0,303.0,2.9,0.023083269248852,22313,19.4354,0.00043058421,0.006638506260359
mp-22313,Na2PtO2,1.461,2.008,5e+19,300.0,2330.0,365.0,2.9,0.0114741180587518,22313,19.4354,0.0003104142499999,0.0047886500645105
mp-22313,Na2PtO2,1.461,2.008,1e+19,300.0,522.0,505.0,3.3,0.0024009326702298,22313,19.4354,0.00013312305,0.0020546004734967
mp-22313,Na2PtO2,1.461,2.008,5e+18,300.0,285.0,562.0,3.6,0.0012531931205257,22313,19.4354,9.001554e-05,0.0013893678984588
mp-22313,Na2PtO2,1.461,2.008,1e+18,300.0,69.8,693.0,4.4,0.0002775191591413,22313,19.4354,3.35213802e-05,0.0005174202983192
mp-22313,Na2PtO2,1.461,2.008,-1e+18,300.0,219.0,-546.0,13.7,0.0011390889673988,22313,19.4354,6.528740399999999e-05,0.0010077010680938
mp-22313,Na2PtO2,1.461,2.008,-5e+18,300.0,902.0,-422.0,11.3,0.0050693960351506,22313,19.4354,0.0001606317679999,0.0024788254552021
mp-22313,Na2PtO2,1.461,2.008,-1e+19,300.0,1680.0,-367.0,10.5,0.0097605352298192,22313,19.4354,0.0002262775199999,0.0034910103147249
mp-22313,Na2PtO2,1.461,2.008,-5e+19,300.0,7690.0,-238.0,9.6,0.046901852253553,22313,19.4354,0.0004355923599999,0.006707508639943
mp-22313,Na2PtO2,1.461,2.008,-1e+20,300.0,15000.0,-189.0,9.3,0.0911615141802908,22313,19.4354,0.0005358149999999,0.0082320945181893
mp-22313,Na2PtO2,1.461,2.008,-5e+20,300.0,74400.0,-87.4,9.3,0.4161519999428801,22313,19.4354,0.000568323744,0.008588604215957
mp-22313,Na2PtO2,1.461,2.008,-1e+21,300.0,137000.0,-52.1,8.6,0.778650147427257,22313,19.4354,0.00037187417,0.0055190449309436
mp-1266,Na2Se,,2.14,1e+21,300.0,248000.0,174.0,15.5,1.3211274830227129,1266,1.9055,0.007508448,0.6981079817400613
mp-1266,Na2Se,,2.14,5e+20,300.0,135000.0,230.0,16.8,0.6809652109797484,1266,1.9055,0.0071414999999999,0.8283312649654444
mp-1266,Na2Se,,2.14,1e+20,300.0,30900.0,366.0,19.3,0.145515702780328,1266,1.9055,0.0041392404,0.6054425221204652
mp-1266,Na2Se,,2.14,5e+19,300.0,16600.0,424.0,20.7,0.0759690260430006,1266,1.9055,0.0029842816,0.4518286524962167
mp-1266,Na2Se,,2.14,1e+19,300.0,3920.0,555.0,24.5,0.0170984170300387,1266,1.9055,0.0012074579999999,0.1884103288504426
mp-1266,Na2Se,,2.14,5e+18,300.0,2080.0,611.0,26.0,0.0089542114772863,1266,1.9055,0.00077650768,0.1216807916342081
mp-1266,Na2Se,,2.14,1e+18,300.0,461.0,743.0,28.7,0.0019439667499986,1266,1.9055,0.000254494589,0.0400265370993237
mp-1266,Na2Se,,2.14,-1e+18,300.0,76200.0,-325.0,4755.0,0.4257005084681833,1266,1.9055,0.008048625,1.0357699782703849
mp-1266,Na2Se,,2.14,-5e+18,300.0,257000.0,-208.0,3214.0,1.5579566113296248,1266,1.9055,0.0111188479999999,0.9630998087541822
mp-1266,Na2Se,,2.14,-1e+19,300.0,421000.0,-161.0,2629.4,2.648217597210719,1266,1.9055,0.0109127409999999,0.7189339764954416
mp-1266,Na2Se,,2.14,-5e+19,300.0,1280000.0,-72.6,1597.8,8.57934278694389,1266,1.9055,0.0067465727999999,0.1930378815522435
mp-1266,Na2Se,,2.14,-1e+20,300.0,1990000.0,-46.0,1240.5,13.671999964438616,1266,1.9055,0.00421084,0.081094655938619
mp-1266,Na2Se,,2.14,-5e+20,300.0,4340000.0,-14.6,541.6,31.2693551001997,1266,1.9055,0.0009251143999999,0.0083658035328781
mp-1266,Na2Se,,2.14,-1e+21,300.0,5530000.0,-9.6,345.1,39.63427404067838,1266,1.9055,0.0005096448,0.0036806517014338
mp-985586,Na3BrO,,1.986,1e+21,300.0,35100.0,176.0,2.2,0.2039932905663561,985586,0.80512,0.0010872575999999,0.3232315767210893
mp-985586,Na3BrO,,1.986,5e+20,300.0,19300.0,230.0,2.4,0.1070383105453804,985586,0.80512,0.0010209699999999,0.3357871067543509
mp-985586,Na3BrO,,1.986,1e+20,300.0,4600.0,365.0,2.9,0.0239178224448398,985586,0.80512,0.0006128349999999,0.2217637060970189
mp-985586,Na3BrO,,1.986,5e+19,300.0,2480.0,422.0,3.1,0.0126992948136537,985586,0.80512,0.0004416483199999,0.1620095011700107
mp-985586,Na3BrO,,1.986,1e+19,300.0,594.0,552.0,3.7,0.002930823368355,985586,0.80512,0.000180994176,0.0671965812418308
mp-985586,Na3BrO,,1.986,5e+18,300.0,316.0,607.0,3.9,0.0015411891570869,985586,0.80512,0.000116429884,0.0433006641071931
mp-985586,Na3BrO,,1.986,1e+18,300.0,69.8,738.0,4.4,0.0003348750925386,985586,0.80512,3.801615119999999e-05,0.0141595087604252
mp-985586,Na3BrO,,1.986,-1e+18,300.0,6910.0,-329.0,431.0,0.0384312988355565,985586,0.80512,0.0007479453099999,0.265998752310275
mp-985586,Na3BrO,,1.986,-5e+18,300.0,26700.0,-214.0,332.8,0.158408815703671,985586,0.80512,0.0012227532,0.3807109388130802
mp-985586,Na3BrO,,1.986,-1e+19,300.0,46900.0,-168.0,292.6,0.287546151871821,985586,0.80512,0.0013237055999999,0.3634336794634731
mp-985586,Na3BrO,,1.986,-5e+19,300.0,167000.0,-82.3,208.9,1.1228170072305612,985586,0.80512,0.00113113943,0.1760129235173803
mp-985586,Na3BrO,,1.986,-1e+20,300.0,288000.0,-57.5,179.6,1.983845990624764,985586,0.80512,0.0009521999999999,0.10242505679891
mp-985586,Na3BrO,,1.986,-5e+20,300.0,869000.0,-21.2,108.5,6.223703069973791,985586,0.80512,0.0003905633599999,0.0166697904945851
mp-985586,Na3BrO,,1.986,-1e+21,300.0,1250000.0,-14.3,78.2,9.058828673959544,985586,0.80512,0.0002556125,0.0077741432497963
mp-22916,NaBr,,4.223,1e+21,300.0,180000.0,145.0,11.2,1.00263087019069,22916,2.8049,0.0037845,0.2981853696548333
mp-22916,NaBr,,4.223,5e+20,300.0,99800.0,197.0,12.5,0.5225383040601078,22916,2.8049,0.0038731381999999,0.3492000012688981
mp-22916,NaBr,,4.223,1e+20,300.0,23400.0,329.0,14.6,0.1135488822773824,22916,2.8049,0.0025328393999999,0.2603615312963875
mp-22916,NaBr,,4.223,5e+19,300.0,12400.0,387.0,15.5,0.0590422359956901,22916,2.8049,0.0018571355999999,0.1945362839367017
mp-22916,NaBr,,4.223,1e+19,300.0,2820.0,520.0,17.6,0.0130155435812844,22916,2.8049,0.0007625279999999,0.0811800057390085
mp-22916,NaBr,,4.223,5e+18,300.0,1470.0,577.0,18.4,0.00672960324093,22916,2.8049,0.0004894056299999,0.0522194277762371
mp-22916,NaBr,,4.223,1e+18,300.0,315.0,711.0,19.6,0.0014270701417207,22916,2.8049,0.0001592391149999,0.0170228677220996
mp-22916,NaBr,,4.223,-1e+18,300.0,31700.0,-346.0,1977.5,0.1602714668456641,22916,2.8049,0.0037949972,0.3839572762418122
mp-22916,NaBr,,4.223,-5e+18,300.0,117000.0,-226.0,1463.3,0.6408940896018076,22916,2.8049,0.0059758919999999,0.5202770546881809
mp-22916,NaBr,,4.223,-1e+19,300.0,198000.0,-178.0,1238.7,1.134039006838994,22916,2.8049,0.0062734319999999,0.477801153237532
mp-22916,NaBr,,4.223,-5e+19,300.0,638000.0,-81.7,797.0,4.08983789449879,22916,2.8049,0.0042585798199999,0.1852969562511328
mp-22916,NaBr,,4.223,-1e+20,300.0,1020000.0,-52.6,639.0,6.938758955813799,22916,2.8049,0.0028220952,0.0868902086823182
mp-22916,NaBr,,4.223,-5e+20,300.0,2380000.0,-10.2,297.5,16.93715910699627,22916,2.8049,0.0002476152,0.0037627564377859
mp-22916,NaBr,,4.223,-1e+21,300.0,2610000.0,-5.68,163.1,19.113849401955274,22916,2.8049,8.420486399999999e-05,0.0011525045857655
mp-961685,NaCaAs,1.632,1.7,1e+21,300.0,16600.0,263.0,1.0,0.0922597438219861,961685,0.13207,0.0011482054,1.535514703183288
mp-961685,NaCaAs,1.632,1.7,5e+20,300.0,8220.0,322.0,1.0,0.0447682296857225,961685,0.13207,0.0008522824799999,1.4458680368740051
mp-961685,NaCaAs,1.632,1.7,1e+20,300.0,1590.0,466.0,1.0,0.0086753072046403,961685,0.13207,0.0003452780399999,0.7359635220331873
mp-961685,NaCaAs,1.632,1.7,5e+19,300.0,806.0,528.0,1.0,0.0043773795325018,961685,0.13207,0.0002246999039999,0.4940363928639093
mp-961685,NaCaAs,1.632,1.7,1e+19,300.0,176.0,666.0,1.1,0.0009328367226617,961685,0.13207,7.806585599999999e-05,0.1760846413286283
mp-961685,NaCaAs,1.632,1.7,5e+18,300.0,92.6,724.0,1.2,0.0004832327981271,961685,0.13207,4.8538697599999984e-05,0.1098548030297888
mp-961685,NaCaAs,1.632,1.7,1e+18,300.0,20.3,856.0,1.3,0.0001033867228585,961685,0.13207,1.4874540800000002e-05,0.0337614277022097
mp-961685,NaCaAs,1.632,1.7,-1e+18,300.0,2630.0,-272.0,163.9,0.0164173992381024,961685,0.13207,0.00019457792,0.393120064729514
mp-961685,NaCaAs,1.632,1.7,-5e+18,300.0,10300.0,-165.0,128.3,0.0702420302104763,961685,0.13207,0.0002804175,0.4158193158977244
mp-961685,NaCaAs,1.632,1.7,-1e+19,300.0,18100.0,-129.0,112.7,0.1324875160802486,961685,0.13207,0.0003012020999999,0.3415538191421512
mp-961685,NaCaAs,1.632,1.7,-5e+19,300.0,60400.0,-92.8,75.4,0.5091145154575218,961685,0.13207,0.0005201551359999,0.2433722852596056
mp-961685,NaCaAs,1.632,1.7,-1e+20,300.0,94500.0,-90.1,59.0,0.7561206006599485,961685,0.13207,0.0007671519449999,0.2591173373473733
mp-961685,NaCaAs,1.632,1.7,-5e+20,300.0,289000.0,-61.3,36.1,2.0068509998507618,961685,0.13207,0.00108597241,0.1523159214495212
mp-961685,NaCaAs,1.632,1.7,-1e+21,300.0,490000.0,-42.9,30.6,3.345470814352074,961685,0.13207,0.0009018008999999,0.077796432721488
mp-682,NaF,,6.718,1e+21,300.0,114000.0,212.0,7.1,0.5999501058290667,682,34.418,0.005123616,0.0438941969862518
mp-682,NaF,,6.718,5e+20,300.0,64500.0,265.0,8.0,0.3233677000756802,682,34.418,0.0045295125,0.0391134212599534
mp-682,NaF,,6.718,1e+20,300.0,16700.0,392.0,10.4,0.0767279553764123,682,34.418,0.0025661888,0.0223180957100433
mp-682,NaF,,6.718,5e+19,300.0,9230.0,445.0,11.5,0.0412044128568428,682,34.418,0.0018277707499999,0.0159124748914802
mp-682,NaF,,6.718,1e+19,300.0,2210.0,572.0,13.8,0.0094512774934638,682,34.418,0.00072307664,0.0063008728195284
mp-682,NaF,,6.718,5e+18,300.0,1170.0,628.0,14.6,0.0049380593075778,682,34.418,0.00046142928,0.0040214110649561
mp-682,NaF,,6.718,1e+18,300.0,255.0,760.0,15.9,0.001061209313685,682,34.418,0.0001472879999999,0.001283777024924
mp-682,NaF,,6.718,-1e+18,300.0,21500.0,-412.0,1342.4,0.0989038790887036,682,34.418,0.003649496,0.0317192064454914
mp-682,NaF,,6.718,-5e+18,300.0,78800.0,-292.0,983.3,0.3958845910736974,682,34.418,0.0067188032,0.05789761710524
mp-682,NaF,,6.718,-1e+19,300.0,134000.0,-241.0,835.4,0.7052331672352752,682,34.418,0.0077828539999999,0.0664761182116355
mp-682,NaF,,6.718,-5e+19,300.0,438000.0,-129.0,547.2,2.6360244656013947,682,34.418,0.0072887579999999,0.0590118733804447
mp-682,NaF,,6.718,-1e+20,300.0,720000.0,-89.6,449.5,4.616364965465581,682,34.418,0.0057802751999999,0.0444245105955776
mp-682,NaF,,6.718,-5e+20,300.0,2160000.0,-30.4,269.1,15.039492639237118,682,34.418,0.0019961855999999,0.0121084925264664
mp-682,NaF,,6.718,-1e+21,300.0,3140000.0,-16.1,195.7,22.475460519280904,682,34.418,0.0008139194,0.0042918081932676
mp-23870,NaH,3.886,4.774,1e+21,300.0,70900.0,112.0,4.4,0.2794394179331543,23870,0.84417,0.0008893696,0.237458742995222
mp-23870,NaH,3.886,4.774,5e+20,300.0,42900.0,156.0,5.4,0.1485066519413807,23870,0.84417,0.0010440144,0.3155149457655374
mp-23870,NaH,3.886,4.774,1e+20,300.0,9090.0,290.0,5.7,0.0286559127343566,23870,0.84417,0.000764469,0.262756520692116
mp-23870,NaH,3.886,4.774,5e+19,300.0,4370.0,354.0,5.5,0.0137155415472328,23870,0.84417,0.0005476309199999,0.1915048896892088
mp-23870,NaH,3.886,4.774,1e+19,300.0,927.0,497.0,5.8,0.0027359444634132,23870,0.84417,0.0002289773429999,0.0811107813672189
mp-23870,NaH,3.886,4.774,5e+18,300.0,509.0,555.0,6.3,0.0014357903519532,23870,0.84417,0.0001567847249999,0.0556233389560792
mp-23870,NaH,3.886,4.774,1e+18,300.0,130.0,686.0,8.1,0.0003348426377064,23870,0.84417,6.117748e-05,0.021732550334082
mp-23870,NaH,3.886,4.774,-1e+18,300.0,840.0,-505.0,52.4,0.0027681201905611,23870,0.84417,0.000214221,0.0758807502790641
mp-23870,NaH,3.886,4.774,-5e+18,300.0,3450.0,-373.0,43.1,0.0123872395043364,23870,0.84417,0.0004799950499999,0.1681131258470216
mp-23870,NaH,3.886,4.774,-1e+19,300.0,6550.0,-315.0,40.9,0.0242755472064937,23870,0.84417,0.0006499237499999,0.2245127810570828
mp-23870,NaH,3.886,4.774,-5e+19,300.0,30500.0,-183.0,38.1,0.1231521053966464,23870,0.84417,0.0010214145,0.3167759201309185
mp-23870,NaH,3.886,4.774,-1e+20,300.0,56800.0,-134.0,35.4,0.2413909683198275,23870,0.84417,0.0010199008,0.281854496365657
mp-23870,NaH,3.886,4.774,-5e+20,300.0,199000.0,-51.9,24.8,1.0423567048142923,23870,0.84417,0.0005360283899999,0.0852405198344647
mp-23870,NaH,3.886,4.774,-1e+21,300.0,327000.0,-34.8,20.4,1.835370607654618,23870,0.84417,0.00039601008,0.0443370866112708
mp-755311,NaLuO2,,4.378,1e+21,300.0,60600.0,172.0,3.8,0.3902004762186488,755311,13.934866666666666,0.0017927903999999,0.0375451727126523
mp-755311,NaLuO2,,4.378,5e+20,300.0,33100.0,217.0,4.1,0.2098830676398796,755311,13.934866666666666,0.0015586458999999,0.0330577619811732
mp-755311,NaLuO2,,4.378,1e+20,300.0,7670.0,340.0,4.8,0.0478516918226244,755311,13.934866666666666,0.0008866519999999,0.0190231679692294
mp-755311,NaLuO2,,4.378,5e+19,300.0,4120.0,396.0,5.1,0.0252662837049519,755311,13.934866666666666,0.00064608192,0.0138841497204251
mp-755311,NaLuO2,,4.378,1e+19,300.0,999.0,525.0,6.2,0.0058081151250776,755311,13.934866666666666,0.0002753493749999,0.0059254529492261
mp-755311,NaLuO2,,4.378,5e+18,300.0,537.0,581.0,6.7,0.0030560812886766,755311,13.934866666666666,0.000181270257,0.0039016629725528
mp-755311,NaLuO2,,4.378,1e+18,300.0,121.0,713.0,7.6,0.000665539589922,755311,13.934866666666666,6.1512649e-05,0.0013242260451104
mp-755311,NaLuO2,,4.378,-1e+18,300.0,2050.0,-342.0,128.0,0.0105307251215401,755311,13.934866666666666,0.0002397761999999,0.0051581792887686
mp-755311,NaLuO2,,4.378,-5e+18,300.0,8050.0,-225.0,100.5,0.0456434974009481,755311,13.934866666666666,0.0004075312499999,0.0087449866682403
mp-755311,NaLuO2,,4.378,-1e+19,300.0,14200.0,-181.0,88.9,0.0843729084349748,755311,13.934866666666666,0.0004652061999999,0.0099550235412078
mp-755311,NaLuO2,,4.378,-5e+19,300.0,55600.0,-93.9,69.4,0.3558249228763623,755311,13.934866666666666,0.000490236876,0.0102913887601924
mp-755311,NaLuO2,,4.378,-1e+20,300.0,102000.0,-64.6,63.6,0.6659374725787938,755311,13.934866666666666,0.00042566232,0.0087460043147047
mp-755311,NaLuO2,,4.378,-5e+20,300.0,391000.0,-34.2,48.8,2.931420436985032,755311,13.934866666666666,0.00045732924,0.0081344976020416
mp-755311,NaLuO2,,4.378,-1e+21,300.0,753000.0,-41.3,47.0,5.3353312171818255,755311,13.934866666666666,0.0012843845699999,0.0199954029181467
mp-8830,NaRhO2,1.266,1.378,1e+21,300.0,30100.0,230.0,1.9,0.1040410034518496,8830,34.47723333333334,0.0015922899999999,0.0138134585599073
mp-8830,NaRhO2,1.266,1.378,5e+20,300.0,13900.0,296.0,1.7,0.0475686788122968,8830,34.47723333333334,0.0012178624,0.010582500078392
mp-8830,NaRhO2,1.266,1.378,1e+20,300.0,2770.0,442.0,1.7,0.0087535116202807,8830,34.47723333333334,0.0005411582799999,0.0047076363141316
mp-8830,NaRhO2,1.266,1.378,5e+19,300.0,1520.0,501.0,1.9,0.0044321430924771,8830,34.47723333333334,0.0003815215199999,0.0033193424510837
mp-8830,NaRhO2,1.266,1.378,1e+19,300.0,456.0,628.0,2.8,0.0010112590977907,8830,34.47723333333334,0.000179839104,0.001564805048452
mp-8830,NaRhO2,1.266,1.378,5e+18,300.0,271.0,682.0,3.4,0.0005426649090988,8830,34.47723333333334,0.000126048604,0.0010967813353717
mp-8830,NaRhO2,1.266,1.378,1e+18,300.0,75.6,809.0,4.7,0.0001274261739476,8830,34.47723333333334,4.947876359999999e-05,0.000430532638027
mp-8830,NaRhO2,1.266,1.378,-1e+18,300.0,638.0,-609.0,39.8,0.0023635231672235,8830,34.47723333333334,0.0002366220779999,0.0020588008524405
mp-8830,NaRhO2,1.266,1.378,-5e+18,300.0,2510.0,-480.0,31.3,0.0103293527662001,8830,34.47723333333334,0.000578304,0.0050305439551959
mp-8830,NaRhO2,1.266,1.378,-1e+19,300.0,4710.0,-422.0,29.4,0.0199910807038408,8830,34.47723333333334,0.0008387756399999,0.0072942880557538
mp-8830,NaRhO2,1.266,1.378,-5e+19,300.0,24100.0,-275.0,30.0,0.1032970473017538,8830,34.47723333333334,0.0018225624999999,0.015811462229803
mp-8830,NaRhO2,1.266,1.378,-1e+20,300.0,49700.0,-214.0,31.0,0.2144198977265805,8830,34.47723333333334,0.0022760612,0.0196824969813967
mp-8830,NaRhO2,1.266,1.378,-5e+20,300.0,206000.0,-103.0,25.7,1.017287015874578,8830,34.47723333333334,0.002185454,0.0184714765420018
mp-8830,NaRhO2,1.266,1.378,-1e+21,300.0,340000.0,-71.5,21.2,1.804335309575863,8830,34.47723333333334,0.001738165,0.0143722975467851
mp-7914,NaScO2,4.01,4.674,1e+21,300.0,90200.0,156.0,5.6,0.5620235588544058,7914,12.8311,0.0021951072,0.0491694231824385
mp-7914,NaScO2,4.01,4.674,5e+20,300.0,48800.0,194.0,6.1,0.3149969958317694,7914,12.8311,0.0018366368,0.0419128993323799
mp-7914,NaScO2,4.01,4.674,1e+20,300.0,12200.0,294.0,7.6,0.0779494276949054,7914,12.8311,0.0010545192,0.0245065108606133
mp-7914,NaScO2,4.01,4.674,5e+19,300.0,6670.0,346.0,8.3,0.0414935962929457,7914,12.8311,0.00079850572,0.0186094367236907
mp-7914,NaScO2,4.01,4.674,1e+19,300.0,1650.0,472.0,10.3,0.0097194140072554,7914,12.8311,0.0003675936,0.0085880874455491
mp-7914,NaScO2,4.01,4.674,5e+18,300.0,892.0,527.0,11.1,0.0051419337484179,7914,12.8311,0.000247734268,0.0057898784382211
mp-7914,NaScO2,4.01,4.674,1e+18,300.0,202.0,659.0,12.6,0.001126479817354,7914,12.8311,8.7724762e-05,0.0020508856075282
mp-7914,NaScO2,4.01,4.674,-1e+18,300.0,863.0,-580.0,53.9,0.0034418634814168,7914,12.8311,0.0002903132,0.0067859033011385
mp-7914,NaScO2,4.01,4.674,-5e+18,300.0,3840.0,-449.0,47.9,0.0160526795765876,7914,12.8311,0.0007741478399999,0.0180774960641025
mp-7914,NaScO2,4.01,4.674,-1e+19,300.0,7300.0,-392.0,45.5,0.0312556746186558,7914,12.8311,0.0011217472,0.0261634935709377
mp-7914,NaScO2,4.01,4.674,-5e+19,300.0,33200.0,-258.0,41.4,0.1514808369844946,7914,12.8311,0.0022099247999999,0.0510666906930626
mp-7914,NaScO2,4.01,4.674,-1e+20,300.0,63200.0,-202.0,39.5,0.3010676031522402,7914,12.8311,0.0025788128,0.0589121204799651
mp-7914,NaScO2,4.01,4.674,-5e+20,300.0,247000.0,-98.3,30.9,1.3577620260197787,7914,12.8311,0.0023867338299999,0.0504635359542519
mp-7914,NaScO2,4.01,4.674,-1e+21,300.0,416000.0,-66.9,26.0,2.4209577256637047,7914,12.8311,0.00186185376,0.036621689875993
mp-1094088,NbCoSn,1.031,1.315,1e+21,300.0,3060000.0,135.0,191.1,16.691945770435098,1094088,19.837,0.0557685,0.458008016577937
mp-1094088,NbCoSn,1.031,1.315,5e+20,300.0,1780000.0,180.0,221.7,9.549338307298024,1094088,19.837,0.0576719999999999,0.5887633845045321
mp-1094088,NbCoSn,1.031,1.315,1e+20,300.0,424000.0,306.0,264.5,2.201564762840112,1094088,19.837,0.039701664,0.5404389681528922
mp-1094088,NbCoSn,1.031,1.315,5e+19,300.0,225000.0,364.0,280.5,1.1484734364567508,1094088,19.837,0.0298115999999999,0.4261748026357614
mp-1094088,NbCoSn,1.031,1.315,1e+19,300.0,52700.0,494.0,329.2,0.2591746189144197,1094088,19.837,0.0128606971999999,0.1919872430033844
mp-1094088,NbCoSn,1.031,1.315,5e+18,300.0,28300.0,549.0,353.0,0.1369431333629932,1094088,19.837,0.0085296483,0.1281116338879433
mp-1094088,NbCoSn,1.031,1.315,1e+18,300.0,6580.0,675.0,410.8,0.0308993868091508,1094088,19.837,0.0029980124999999,0.0452691919004335
mp-1094088,NbCoSn,1.031,1.315,-1e+18,300.0,10200.0,-645.0,638.2,0.0610826962623863,1094088,19.837,0.0042434549999999,0.0639778474857326
mp-1094088,NbCoSn,1.031,1.315,-5e+18,300.0,43600.0,-518.0,543.9,0.26684646210685,1094088,19.837,0.0116989264,0.174577433558065
mp-1094088,NbCoSn,1.031,1.315,-1e+19,300.0,80700.0,-464.0,503.5,0.4998271807843769,1094088,19.837,0.0173743872,0.25629937815103
mp-1094088,NbCoSn,1.031,1.315,-5e+19,300.0,337000.0,-335.0,420.8,2.137606891069561,1094088,19.837,0.037819825,0.5163208405157397
mp-1094088,NbCoSn,1.031,1.315,-1e+20,300.0,631000.0,-279.0,394.1,4.019226145296259,1094088,19.837,0.049117671,0.6176710939213395
mp-1094088,NbCoSn,1.031,1.315,-5e+20,300.0,2770000.0,-158.0,345.7,17.360303674641816,1094088,19.837,0.06915028,0.5577039718107945
mp-1094088,NbCoSn,1.031,1.315,-1e+21,300.0,5130000.0,-112.0,320.3,31.92995094540859,1094088,19.837,0.06435072,0.3729254987483912
mp-9437,NbFeSb,0.582,1.24,1e+21,300.0,630000.0,112.0,39.3,3.9160452041141234,9437,26.212,0.00790272,0.0786913317454879
mp-9437,NbFeSb,0.582,1.24,5e+20,300.0,345000.0,149.0,43.1,2.1007962507137123,9437,26.212,0.007659345,0.0811577733139684
mp-9437,NbFeSb,0.582,1.24,1e+20,300.0,81900.0,261.0,51.1,0.4663199248913655,9437,26.212,0.0055791099,0.0627375702335129
mp-9437,NbFeSb,0.582,1.24,5e+19,300.0,42300.0,318.0,52.9,0.2366667096391981,9437,26.212,0.0042775451999999,0.0485190264631481
mp-9437,NbFeSb,0.582,1.24,1e+19,300.0,9400.0,450.0,58.7,0.0502507274585714,9437,26.212,0.0019035,0.021744137847368
mp-9437,NbFeSb,0.582,1.24,5e+18,300.0,4880.0,507.0,61.0,0.0257498516906743,9437,26.212,0.0012543991199999,0.0143426832760859
mp-9437,NbFeSb,0.582,1.24,1e+18,300.0,1060.0,638.0,66.4,0.0055187474653796,9437,26.212,0.00043146664,0.0049371564581226
mp-9437,NbFeSb,0.582,1.24,-1e+18,300.0,5890.0,-435.0,367.6,0.0332826817161475,9437,26.212,0.00111453525,0.0127398351564692
mp-9437,NbFeSb,0.582,1.24,-5e+18,300.0,26200.0,-309.0,327.4,0.1514201524378626,9437,26.212,0.0025016021999999,0.0284667412521046
mp-9437,NbFeSb,0.582,1.24,-1e+19,300.0,49900.0,-257.0,311.4,0.2902919972508748,9437,26.212,0.0032958451,0.0373082271564499
mp-9437,NbFeSb,0.582,1.24,-5e+19,300.0,225000.0,-145.0,280.9,1.329242580691637,9437,26.212,0.004730625,0.0515295377774621
mp-9437,NbFeSb,0.582,1.24,-1e+20,300.0,432000.0,-103.0,269.7,2.5900168102826413,9437,26.212,0.004583088,0.04773715705593
mp-9437,NbFeSb,0.582,1.24,-5e+20,300.0,1600000.0,-44.9,199.3,11.015094674944615,9437,26.212,0.0032256159999999,0.0259940994173596
mp-9437,NbFeSb,0.582,1.24,-1e+21,300.0,2820000.0,-32.3,175.7,18.22567660866206,9437,26.212,0.0029420778,0.0198620496695354
mp-505297,NbSbRu,0.347,1.416,1e+21,300.0,949000.0,87.4,59.2,6.072463094653127,505297,21.576000000000004,0.0072491832399999,0.0786573548249248
mp-505297,NbSbRu,0.347,1.416,5e+20,300.0,507000.0,124.0,63.4,3.1344302959715926,505297,21.576000000000004,0.007795632,0.0946438233567006
mp-505297,NbSbRu,0.347,1.416,1e+20,300.0,113000.0,235.0,70.7,0.6644647349115298,505297,21.576000000000004,0.006240425,0.0841766357993978
mp-505297,NbSbRu,0.347,1.416,5e+19,300.0,58600.0,291.0,73.1,0.3382187119257495,505297,21.576000000000004,0.0049623065999999,0.0679326970114531
mp-505297,NbSbRu,0.347,1.416,1e+19,300.0,12800.0,422.0,80.2,0.0724826616172172,505297,21.576000000000004,0.0022794751999999,0.0315884753074368
mp-505297,NbSbRu,0.347,1.416,5e+18,300.0,6720.0,477.0,83.9,0.0382606655470045,505297,21.576000000000004,0.00152899488,0.0212220288770349
mp-505297,NbSbRu,0.347,1.416,1e+18,300.0,1480.0,601.0,91.9,0.0131212681071264,505297,21.576000000000004,0.00053457748,0.0074284285130638
mp-505297,NbSbRu,0.347,1.416,-1e+18,300.0,4960.0,-402.0,308.8,0.0307935491189376,505297,21.576000000000004,0.0008015558399999,0.0111292196805284
mp-505297,NbSbRu,0.347,1.416,-5e+18,300.0,21400.0,-279.0,267.4,0.1334670739411314,505297,21.576000000000004,0.0016657974,0.0230194144470667
mp-505297,NbSbRu,0.347,1.416,-1e+19,300.0,39300.0,-229.0,245.5,0.2523098871830209,505297,21.576000000000004,0.0020609313,0.0283246569796517
mp-505297,NbSbRu,0.347,1.416,-5e+19,300.0,153000.0,-137.0,190.8,1.0646015282036445,505297,21.576000000000004,0.0028716569999999,0.0380509810627952
mp-505297,NbSbRu,0.347,1.416,-1e+20,300.0,277000.0,-109.0,173.0,1.966814054012283,505297,21.576000000000004,0.0032910369999999,0.0419368346424036
mp-505297,NbSbRu,0.347,1.416,-5e+20,300.0,1280000.0,-52.3,160.2,8.930537830183264,505297,21.576000000000004,0.0035011711999999,0.0344303691833803
mp-505297,NbSbRu,0.347,1.416,-1e+21,300.0,2530000.0,-33.6,157.8,16.773476160718857,505297,21.576000000000004,0.0028562687999999,0.0223439985570824
mp-31049,Nd2O4,3.466,3.825,1e+21,300.0,41000.0,95.8,2.6,0.2218489096356477,31049,19.54733333333333,0.0003762832399999,0.0057101487867621
mp-31049,Nd2O4,3.466,3.825,5e+20,300.0,26400.0,123.0,3.3,0.1400288546381922,31049,19.54733333333333,0.0003994055999999,0.0060862231748435
mp-31049,Nd2O4,3.466,3.825,1e+20,300.0,7770.0,220.0,4.8,0.035922595813344,31049,19.54733333333333,0.0003760679999999,0.0057610644730457
mp-31049,Nd2O4,3.466,3.825,5e+19,300.0,4130.0,276.0,5.2,0.0184273372266278,31049,19.54733333333333,0.00031460688,0.0048238382135591
mp-31049,Nd2O4,3.466,3.825,1e+19,300.0,894.0,412.0,5.6,0.00383069606391,31049,19.54733333333333,0.000151751136,0.0023285232905594
mp-31049,Nd2O4,3.466,3.825,5e+18,300.0,467.0,470.0,5.8,0.0019654717756141,31049,19.54733333333333,0.0001031603,0.001583079286297
mp-31049,Nd2O4,3.466,3.825,1e+18,300.0,104.0,604.0,6.5,0.0004191654792511,31049,19.54733333333333,3.794086399999999e-05,0.0005822796866643
mp-31049,Nd2O4,3.466,3.825,-1e+18,300.0,42.7,-585.0,2.7,0.0001800654707479,31049,19.54733333333333,1.4613007500000004e-05,0.000224269049498
mp-31049,Nd2O4,3.466,3.825,-5e+18,300.0,200.0,-450.0,2.5,0.0008622599898562,31049,19.54733333333333,4.05e-05,0.0006215407423153
mp-31049,Nd2O4,3.466,3.825,-1e+19,300.0,389.0,-391.0,2.4,0.0016960107005717,31049,19.54733333333333,5.947070899999999e-05,0.0009126393124702
mp-31049,Nd2O4,3.466,3.825,-5e+19,300.0,1800.0,-257.0,2.2,0.008311492839563,31049,19.54733333333333,0.0001188882,0.0018238447423766
mp-31049,Nd2O4,3.466,3.825,-1e+20,300.0,3420.0,-203.0,2.1,0.0165007688898464,31049,19.54733333333333,0.00014093478,0.0021611527566161
mp-31049,Nd2O4,3.466,3.825,-5e+20,300.0,13200.0,-105.0,1.6,0.0725248557048708,31049,19.54733333333333,0.0001455299999999,0.0022252454415986
mp-31049,Nd2O4,3.466,3.825,-1e+21,300.0,21900.0,-73.5,1.4,0.1156970456614805,31049,19.54733333333333,0.000118309275,0.0018050515010095
mp-1206719,NdNiBi,0.317,0.69,1e+21,300.0,1180000.0,31.1,73.7,8.161410647077567,1206719,0.7214,0.0011413077999999,0.0385454957449325
mp-1206719,NdNiBi,0.317,0.69,5e+20,300.0,843000.0,59.6,105.2,5.390530654749427,1206719,0.7214,0.00299447088,0.1469815864651411
mp-1206719,NdNiBi,0.317,0.69,1e+20,300.0,263000.0,142.0,164.0,1.9277516841834976,1206719,0.7214,0.0053031319999999,0.6005468125885429
mp-1206719,NdNiBi,0.317,0.69,5e+19,300.0,155000.0,179.0,194.0,1.1416703013459688,1206719,0.7214,0.0049663549999999,0.7997049273575947
mp-1206719,NdNiBi,0.317,0.69,1e+19,300.0,44700.0,296.0,278.9,0.3044277799555793,1206719,0.7214,0.0039164351999999,1.145348744650732
mp-1206719,NdNiBi,0.317,0.69,5e+18,300.0,25300.0,351.0,316.2,0.1736704267526394,1206719,0.7214,0.0031169852999999,1.0447173340231382
mp-1206719,NdNiBi,0.317,0.69,1e+18,300.0,6720.0,468.0,411.9,0.0785784886951552,1206719,0.7214,0.00147184128,0.5519553215989795
mp-1206719,NdNiBi,0.317,0.69,-1e+18,300.0,5380.0,-603.0,328.4,0.0771158229379737,1206719,0.7214,0.00195621642,0.734944642475276
mp-1206719,NdNiBi,0.317,0.69,-5e+18,300.0,20900.0,-494.0,261.0,0.1362896074981112,1206719,0.7214,0.0051003523999999,1.7839853795865652
mp-1206719,NdNiBi,0.317,0.69,-1e+19,300.0,37600.0,-438.0,234.8,0.2399474217969749,1206719,0.7214,0.0072133343999999,2.2510075659795974
mp-1206719,NdNiBi,0.317,0.69,-5e+19,300.0,158000.0,-297.0,197.5,1.0288591104923024,1206719,0.7214,0.013937022,2.388850070789783
mp-1206719,NdNiBi,0.317,0.69,-1e+20,300.0,305000.0,-236.0,190.1,1.9927161651716168,1206719,0.7214,0.01698728,1.877658762508333
mp-1206719,NdNiBi,0.317,0.69,-5e+20,300.0,1310000.0,-117.0,163.1,8.966890634225877,1206719,0.7214,0.0179325899999999,0.5552865002825993
mp-1206719,NdNiBi,0.317,0.69,-1e+21,300.0,2430000.0,-80.6,151.5,16.895606393133562,1206719,0.7214,0.0157861547999999,0.268822428414729
mp-999319,NdTlTe2,0.631,1.336,1e+21,300.0,548000.0,9.96,34.2,3.9533140198431056,999319,0.6644766666666667,5.4362476800000014e-05,0.0035317198520157
mp-999319,NdTlTe2,0.631,1.336,5e+20,300.0,361000.0,22.3,45.1,2.659145848370139,999319,0.6644766666666667,0.00017952169,0.0162041587925046
mp-999319,NdTlTe2,0.631,1.336,1e+20,300.0,121000.0,42.9,75.4,0.8642015729915111,999319,0.6644766666666667,0.0002226896099999,0.043702383710851
mp-999319,NdTlTe2,0.631,1.336,5e+19,300.0,69600.0,58.6,86.9,0.4812634462999736,999319,0.6644766666666667,0.000239003616,0.0625805834923121
mp-999319,NdTlTe2,0.631,1.336,1e+19,300.0,17000.0,132.0,106.0,0.1067670769442831,999319,0.6644766666666667,0.0002962079999999,0.1152196056514089
mp-999319,NdTlTe2,0.631,1.336,5e+18,300.0,8960.0,175.0,111.9,0.0547056412698959,999319,0.6644766666666667,0.0002744,0.1144633274366661
mp-999319,NdTlTe2,0.631,1.336,1e+18,300.0,1960.0,294.0,122.2,0.0114138267234232,999319,0.6644766666666667,0.0001694145599999,0.075196157509256
mp-999319,NdTlTe2,0.631,1.336,-1e+18,300.0,376.0,-597.0,23.5,0.0020783980641948,999319,0.6644766666666667,0.000134009784,0.0603144996223724
mp-999319,NdTlTe2,0.631,1.336,-5e+18,300.0,1810.0,-461.0,22.6,0.0100737545983952,999319,0.6644766666666667,0.0003846630099999,0.1710752811977334
mp-999319,NdTlTe2,0.631,1.336,-1e+19,300.0,3560.0,-402.0,22.2,0.0198975532781432,999319,0.6644766666666667,0.0005753102399999,0.2521910775860149
mp-999319,NdTlTe2,0.631,1.336,-5e+19,300.0,17300.0,-264.0,21.6,0.0989541501883578,999319,0.6644766666666667,0.0012057407999999,0.473811420778238
mp-999319,NdTlTe2,0.631,1.336,-1e+20,300.0,34200.0,-207.0,21.3,0.1996151149233482,999319,0.6644766666666667,0.0014654357999999,0.5087778281966826
mp-999319,NdTlTe2,0.631,1.336,-5e+20,300.0,158000.0,-91.8,19.7,0.9981875021746686,999319,0.6644766666666667,0.0013315039199999,0.2402476600420976
mp-999319,NdTlTe2,0.631,1.336,-1e+21,300.0,298000.0,-56.5,18.6,1.9351561747492336,999319,0.6644766666666667,0.0009512904999999,0.109779790997152
mp-2319,P4Os2,0.762,1.066,1e+21,300.0,345000.0,76.7,21.5,2.060672248750192,2319,71.04433333333333,0.00202959705,0.0083288293346252
mp-2319,P4Os2,0.762,1.066,5e+20,300.0,234000.0,104.0,29.3,1.3424012336869608,2319,71.04433333333333,0.002530944,0.0104892589027759
mp-2319,P4Os2,0.762,1.066,1e+20,300.0,75200.0,197.0,46.9,0.3845596725021432,2319,71.04433333333333,0.0029184367999999,0.0122573793762762
mp-2319,P4Os2,0.762,1.066,5e+19,300.0,41400.0,250.0,51.7,0.204548654432266,2319,71.04433333333333,0.0025875,0.0108949077984591
mp-2319,P4Os2,0.762,1.066,1e+19,300.0,9520.0,385.0,59.4,0.0446017255483428,2319,71.04433333333333,0.001411102,0.0059549436160404
mp-2319,P4Os2,0.762,1.066,5e+18,300.0,5050.0,442.0,63.0,0.0231967225285947,2319,71.04433333333333,0.0009865881999999,0.004164721354004
mp-2319,P4Os2,0.762,1.066,1e+18,300.0,1160.0,574.0,72.3,0.0051178715730651,2319,71.04433333333333,0.0003821921599999,0.0016137724648892
mp-2319,P4Os2,0.762,1.066,-1e+18,300.0,1080.0,-498.0,67.6,0.0051442590756406,2319,71.04433333333333,0.0002678443199999,0.0011309484421677
mp-2319,P4Os2,0.762,1.066,-5e+18,300.0,4550.0,-372.0,56.8,0.0230250790802111,2319,71.04433333333333,0.0006296472,0.0026579594939187
mp-2319,P4Os2,0.762,1.066,-1e+19,300.0,8370.0,-318.0,52.2,0.0436373385314216,2319,71.04433333333333,0.0008464078799999,0.0035719455992357
mp-2319,P4Os2,0.762,1.066,-5e+19,300.0,33900.0,-198.0,42.3,0.1918158990755816,2319,71.04433333333333,0.0013290156,0.0055969431853934
mp-2319,P4Os2,0.762,1.066,-1e+20,300.0,60600.0,-152.0,37.8,0.358909722982851,2319,71.04433333333333,0.0014001023999999,0.0058825160037715
mp-2319,P4Os2,0.762,1.066,-5e+20,300.0,215000.0,-76.2,26.9,1.459179953475232,2319,71.04433333333333,0.0012483846,0.0051654790646971
mp-2319,P4Os2,0.762,1.066,-1e+21,300.0,380000.0,-57.7,23.7,2.642898352249071,2319,71.04433333333333,0.0012651302,0.0051506760576847
mp-1413,P4Ru2,0.511,0.951,1e+21,300.0,849000.0,46.5,53.0,5.431069107542046,1413,65.14833333333333,0.00183575025,0.0078029149575379
mp-1413,P4Ru2,0.511,0.951,5e+20,300.0,610000.0,60.7,76.1,3.907199794553905,1413,65.14833333333333,0.0022475389,0.0097640498807141
mp-1413,P4Ru2,0.511,0.951,1e+20,300.0,209000.0,124.0,130.6,1.2327941055443783,1413,65.14833333333333,0.003213584,0.0145233327181388
mp-1413,P4Ru2,0.511,0.951,5e+19,300.0,126000.0,162.0,156.8,0.7063138225753987,1413,65.14833333333333,0.0033067439999999,0.0150638298562497
mp-1413,P4Ru2,0.511,0.951,1e+19,300.0,34400.0,274.0,214.7,0.1739058950024119,1413,65.14833333333333,0.0025826143999999,0.0118609577557757
mp-1413,P4Ru2,0.511,0.951,5e+18,300.0,18800.0,328.0,235.2,0.0920097496865986,1413,65.14833333333333,0.0020225792,0.009300591188306
mp-1413,P4Ru2,0.511,0.951,1e+18,300.0,4460.0,458.0,278.3,0.0204809416942848,1413,65.14833333333333,0.0009355474399999,0.0043067260793713
mp-1413,P4Ru2,0.511,0.951,-1e+18,300.0,1500.0,-494.0,93.7,0.0070387919144992,1413,65.14833333333333,0.0003660539999999,0.0016854511979284
mp-1413,P4Ru2,0.511,0.951,-5e+18,300.0,6100.0,-370.0,76.2,0.0309670479080774,1413,65.14833333333333,0.0008350899999999,0.00384365893059
mp-1413,P4Ru2,0.511,0.951,-1e+19,300.0,11100.0,-317.0,69.0,0.0582227438829139,1413,65.14833333333333,0.0011154279,0.0051318209414976
mp-1413,P4Ru2,0.511,0.951,-5e+19,300.0,43700.0,-198.0,54.5,0.2507067045324438,1413,65.14833333333333,0.0017132147999999,0.0078588988416708
mp-1413,P4Ru2,0.511,0.951,-1e+20,300.0,78000.0,-153.0,48.7,0.4655362353708883,1413,65.14833333333333,0.001825902,0.0083483965143441
mp-1413,P4Ru2,0.511,0.951,-5e+20,300.0,284000.0,-74.1,35.5,1.9151212489478864,1413,65.14833333333333,0.0015593900399999,0.006975736858679
mp-1413,P4Ru2,0.511,0.951,-1e+21,300.0,508000.0,-55.9,31.7,3.5356692628518385,1413,65.14833333333333,0.0015874034799999,0.0069335074544187
mp-315,PbF2,4.43,4.599,1e+21,300.0,3910.0,305.0,0.2,0.0239005966071131,315,0.18065,0.0003637277499999,0.5334539561845281
mp-315,PbF2,4.43,4.599,5e+20,300.0,1950.0,363.0,0.2,0.0120163077115413,315,0.18065,0.00025694955,0.4000952004302223
mp-315,PbF2,4.43,4.599,1e+20,300.0,390.0,500.0,0.2,0.0024179806249548,315,0.18065,9.75e-05,0.1597767119085859
mp-315,PbF2,4.43,4.599,5e+19,300.0,196.0,559.0,0.2,0.0012125153862774,315,0.18065,6.124627599999998e-05,0.1010317203683987
mp-315,PbF2,4.43,4.599,1e+19,300.0,39.9,697.0,0.2,0.0002453951564354,315,0.18065,1.93837791e-05,0.0321463889391499
mp-315,PbF2,4.43,4.599,5e+18,300.0,20.1,756.0,0.3,0.0001234738232356,315,0.18065,1.1487873599999998e-05,0.0190645342323284
mp-315,PbF2,4.43,4.599,1e+18,300.0,4.06,893.0,0.3,2.4937709070627496e-05,315,0.18065,3.237642939999999e-06,0.0053759137504948
mp-315,PbF2,4.43,4.599,-1e+18,300.0,99.3,-570.0,6.2,0.0005916326194769,315,0.18065,3.226257e-05,0.0534025811846493
mp-315,PbF2,4.43,4.599,-5e+18,300.0,487.0,-434.0,6.1,0.0029062360909772,315,0.18065,9.172937199999998e-05,0.149920330608439
mp-315,PbF2,4.43,4.599,-1e+19,300.0,967.0,-376.0,6.0,0.0057819044085304,315,0.18065,0.0001367105919999,0.2199901230966205
mp-315,PbF2,4.43,4.599,-5e+19,300.0,4760.0,-245.0,5.9,0.0287403230779068,315,0.18065,0.000285719,0.4093584590731453
mp-315,PbF2,4.43,4.599,-1e+20,300.0,9550.0,-192.0,6.0,0.0578262905951357,315,0.18065,0.0003520512,0.4428757246115697
mp-315,PbF2,4.43,4.599,-5e+20,300.0,50600.0,-86.7,6.3,0.3205534951318123,315,0.18065,0.0003803546339999,0.2276647934587147
mp-315,PbF2,4.43,4.599,-1e+21,300.0,101000.0,-54.7,6.3,0.6728559454708565,315,0.18065,0.00030220109,0.1062210843182646
mp-999288,PrTlTe2,0.672,1.343,1e+21,300.0,519000.0,10.6,32.4,3.767454195490709,999288,0.6156366666666667,5.831483999999998e-05,0.0039913505218527
mp-999288,PrTlTe2,0.672,1.343,5e+20,300.0,359000.0,22.6,44.8,2.5903595849718126,999288,0.6156366666666667,0.00018336284,0.0171581148829749
mp-999288,PrTlTe2,0.672,1.343,1e+20,300.0,131000.0,39.9,82.0,0.8865341185617348,999288,0.6156366666666667,0.0002085533099999,0.0416503859715638
mp-999288,PrTlTe2,0.672,1.343,5e+19,300.0,74600.0,65.1,93.2,0.5015043719712836,999288,0.6156366666666667,0.0003161555459999,0.0849012439070448
mp-999288,PrTlTe2,0.672,1.343,1e+19,300.0,17400.0,136.0,108.5,0.112154881456031,999288,0.6156366666666667,0.0003218304,0.1326604028983898
mp-999288,PrTlTe2,0.672,1.343,5e+18,300.0,9300.0,178.0,116.1,0.0575175914439187,999288,0.6156366666666667,0.0002946611999999,0.1313196179551581
mp-999288,PrTlTe2,0.672,1.343,1e+18,300.0,2070.0,297.0,129.1,0.0119832017781935,999288,0.6156366666666667,0.00018259263,0.0872786088428501
mp-999288,PrTlTe2,0.672,1.343,-1e+18,300.0,423.0,-583.0,26.4,0.0023305504361958,999288,0.6156366666666667,0.0001437730469999,0.0697964437372258
mp-999288,PrTlTe2,0.672,1.343,-5e+18,300.0,2040.0,-446.0,25.4,0.0113125891691081,999288,0.6156366666666667,0.00040578864,0.1941729587631699
mp-999288,PrTlTe2,0.672,1.343,-1e+19,300.0,4010.0,-387.0,25.0,0.022398369571723,999288,0.6156366666666667,0.0006005736899999,0.2823859142002541
mp-999288,PrTlTe2,0.672,1.343,-5e+19,300.0,19100.0,-252.0,23.9,0.110373190316672,999288,0.6156366666666667,0.0012129264,0.5012024513165124
mp-999288,PrTlTe2,0.672,1.343,-1e+20,300.0,36900.0,-197.0,23.0,0.2188628804133387,999288,0.6156366666666667,0.0014320520999999,0.5148182901994813
mp-999288,PrTlTe2,0.672,1.343,-5e+20,300.0,160000.0,-88.9,19.9,1.0283386254201858,999288,0.6156366666666667,0.0012645136,0.2307541249713371
mp-999288,PrTlTe2,0.672,1.343,-1e+21,300.0,292000.0,-55.1,18.2,1.9148805699281428,999288,0.6156366666666667,0.0008865149199999,0.1050988596931477
mp-288,Pt2S2,,0.347,1e+21,300.0,488000.0,81.7,30.5,3.2709992117749778,288,78.34133333333334,0.0032573463199999,0.0119737283021515
mp-288,Pt2S2,,0.347,5e+20,300.0,299000.0,125.0,37.3,1.8958972812152968,288,78.34133333333334,0.004671875,0.0174677327378478
mp-288,Pt2S2,,0.347,1e+20,300.0,75700.0,251.0,47.2,0.471823740055832,288,78.34133333333334,0.0047691756999999,0.0181537291884866
mp-288,Pt2S2,,0.347,5e+19,300.0,40000.0,312.0,49.9,0.251517595809873,288,78.34133333333334,0.00389376,0.0148630312578067
mp-288,Pt2S2,,0.347,1e+19,300.0,10200.0,455.0,63.4,0.0640509494536641,288,78.34133333333334,0.002111655,0.0080797576058698
mp-288,Pt2S2,,0.347,5e+18,300.0,5890.0,512.0,73.6,0.0373438912004309,288,78.34133333333334,0.00154402816,0.005909878354709
mp-288,Pt2S2,,0.347,1e+18,300.0,1630.0,626.0,100.5,0.0174128859105128,288,78.34133333333334,0.0006387578799999,0.0024455134014498
mp-288,Pt2S2,,0.347,-1e+18,300.0,2540.0,-505.0,157.4,0.0195828406067126,288,78.34133333333334,0.0006477635,0.0024799231490433
mp-288,Pt2S2,,0.347,-5e+18,300.0,9620.0,-383.0,120.0,0.0587197262794236,288,78.34133333333334,0.00141114818,0.0053997980547041
mp-288,Pt2S2,,0.347,-1e+19,300.0,17000.0,-328.0,106.0,0.1055633051542691,288,78.34133333333334,0.001828928,0.0069942652101142
mp-288,Pt2S2,,0.347,-5e+19,300.0,64500.0,-197.0,80.5,0.4341745923520578,288,78.34133333333334,0.0025031804999999,0.0095328379311549
mp-288,Pt2S2,,0.347,-1e+20,300.0,113000.0,-149.0,70.8,0.7997916351564608,288,78.34133333333334,0.0025087129999999,0.0095097700506484
mp-288,Pt2S2,,0.347,-5e+20,300.0,538000.0,-74.7,67.2,4.050157555619748,288,78.34133333333334,0.00300208842,0.0109310623740728
mp-288,Pt2S2,,0.347,-1e+21,300.0,1230000.0,-56.0,76.7,8.66759947264114,288,78.34133333333334,0.00385728,0.0132995999684361
mp-8041,Rb2S,2.017,2.379,1e+21,300.0,76500.0,215.0,4.8,0.2850806038847477,8041,0.64028,0.0035362124999999,1.1464328020302224
mp-8041,Rb2S,2.017,2.379,5e+20,300.0,39700.0,278.0,5.0,0.1431567637578785,8041,0.64028,0.0030681747999999,1.1748905369016307
mp-8041,Rb2S,2.017,2.379,1e+20,300.0,8760.0,420.0,5.5,0.0300903970417595,8041,0.64028,0.0015452639999999,0.6915269559122436
mp-8041,Rb2S,2.017,2.379,5e+19,300.0,4660.0,479.0,5.8,0.0156757367093785,8041,0.64028,0.00106919506,0.4889941501374691
mp-8041,Rb2S,2.017,2.379,1e+19,300.0,1070.0,612.0,6.7,0.0034789137692805,8041,0.64028,0.00040076208,0.1867603250664879
mp-8041,Rb2S,2.017,2.379,5e+18,300.0,560.0,669.0,7.0,0.0018072032962079,8041,0.64028,0.0002506341599999,0.1171028601940275
mp-8041,Rb2S,2.017,2.379,1e+18,300.0,120.0,803.0,7.5,0.0003851502141246,8041,0.64028,7.737708e-05,0.0362328495505673
mp-8041,Rb2S,2.017,2.379,-1e+18,300.0,19000.0,-377.0,1185.9,0.107515899178352,8041,0.64028,0.002700451,1.0833641918739378
mp-8041,Rb2S,2.017,2.379,-5e+18,300.0,66900.0,-255.0,835.2,0.4069733659563441,8041,0.64028,0.0043501724999999,1.2461662023957367
mp-8041,Rb2S,2.017,2.379,-1e+19,300.0,111000.0,-205.0,693.8,0.6992739081346789,8041,0.64028,0.004664775,1.044700397275315
mp-8041,Rb2S,2.017,2.379,-5e+19,300.0,355000.0,-101.0,443.0,2.371951799187374,8041,0.64028,0.003621355,0.3606649728261569
mp-8041,Rb2S,2.017,2.379,-1e+20,300.0,585000.0,-66.4,365.2,3.9783833637067,8041,0.64028,0.0025792416,0.1675316902462036
mp-8041,Rb2S,2.017,2.379,-5e+20,300.0,1430000.0,-20.3,178.1,10.386849528471735,8041,0.64028,0.0005892887,0.0160319700193547
mp-8041,Rb2S,2.017,2.379,-1e+21,300.0,1910000.0,-8.34,119.3,13.842363408799278,8041,0.64028,0.000132851196,0.0027519395234011
mp-11327,Rb2Se,1.81,2.096,1e+21,300.0,42300.0,230.0,2.6,0.1653646529746479,11327,1.5551,0.0022376699999999,0.3901858714965776
mp-11327,Rb2Se,1.81,2.096,5e+20,300.0,21400.0,293.0,2.7,0.0817684193896263,11327,1.5551,0.0018371685999999,0.3367103754164242
mp-11327,Rb2Se,1.81,2.096,1e+20,300.0,4620.0,437.0,2.9,0.0169416116795459,11327,1.5551,0.00088227678,0.1683689744810358
mp-11327,Rb2Se,1.81,2.096,5e+19,300.0,2440.0,496.0,3.0,0.0088122522639679,11327,1.5551,0.00060027904,0.1151494987901688
mp-11327,Rb2Se,1.81,2.096,1e+19,300.0,558.0,630.0,3.5,0.0019535299776466,11327,1.5551,0.0002214701999999,0.0426710185107918
mp-11327,Rb2Se,1.81,2.096,5e+18,300.0,291.0,688.0,3.6,0.0010151617567386,11327,1.5551,0.0001377431039999,0.0265551883405078
mp-11327,Rb2Se,1.81,2.096,1e+18,300.0,62.2,822.0,3.9,0.0002148858091754,11327,1.5551,4.20275448e-05,0.0081065664291127
mp-11327,Rb2Se,1.81,2.096,-1e+18,300.0,11800.0,-371.0,733.7,0.0720888277996916,11327,1.5551,0.0016241637999999,0.299442284555773
mp-11327,Rb2Se,1.81,2.096,-5e+18,300.0,43700.0,-249.0,545.6,0.2863804991382536,11327,1.5551,0.0027094436999999,0.4414019645499078
mp-11327,Rb2Se,1.81,2.096,-1e+19,300.0,74800.0,-199.0,467.1,0.5061866938878351,11327,1.5551,0.0029621547999999,0.4311124903852533
mp-11327,Rb2Se,1.81,2.096,-5e+19,300.0,274000.0,-102.0,341.4,1.832646236529122,11327,1.5551,0.002850696,0.2524418124293143
mp-11327,Rb2Se,1.81,2.096,-1e+20,300.0,482000.0,-58.4,301.0,3.14811672488525,11327,1.5551,0.0016438899199999,0.1048573784385839
mp-11327,Rb2Se,1.81,2.096,-5e+20,300.0,1090000.0,-19.8,136.2,7.867711331472717,11327,1.5551,0.0004273236,0.0136049715409046
mp-11327,Rb2Se,1.81,2.096,-1e+21,300.0,1430000.0,-10.5,89.5,10.353849387490136,11327,1.5551,0.0001576575,0.0039715720053092
mp-441,Rb2Te,1.888,2.073,1e+21,300.0,10100.0,280.0,0.6,0.0595824469571773,441,0.49928,0.0007918399999999,0.4250634503952854
mp-441,Rb2Te,1.888,2.073,5e+20,300.0,4920.0,341.0,0.6,0.0284415741737495,441,0.49928,0.00057210252,0.3252297506857119
mp-441,Rb2Te,1.888,2.073,1e+20,300.0,1010.0,483.0,0.6,0.0056420369790829,441,0.49928,0.0002356218899999,0.1399950127407457
mp-441,Rb2Te,1.888,2.073,5e+19,300.0,528.0,543.0,0.7,0.0029231120910247,441,0.49928,0.0001556802719999,0.0929983914386911
mp-441,Rb2Te,1.888,2.073,1e+19,300.0,119.0,678.0,0.7,0.0006491460854474,441,0.49928,5.4702396e-05,0.0328260893138546
mp-441,Rb2Te,1.888,2.073,5e+18,300.0,61.9,737.0,0.8,0.0003377967125632,441,0.49928,3.362216109999999e-05,0.0201887290572296
mp-441,Rb2Te,1.888,2.073,1e+18,300.0,13.2,872.0,0.8,7.1807725841123e-05,441,0.49928,1.0037068799999998e-05,0.0060300585547358
mp-441,Rb2Te,1.888,2.073,-1e+18,300.0,2870.0,-358.0,179.1,0.0174297993526542,441,0.49928,0.00036783068,0.213561275861708
mp-441,Rb2Te,1.888,2.073,-5e+18,300.0,11700.0,-233.0,146.5,0.0747443487844082,441,0.49928,0.0006351813,0.3319622075327127
mp-441,Rb2Te,1.888,2.073,-1e+19,300.0,21000.0,-183.0,131.3,0.13754526013414,441,0.49928,0.000703269,0.3313007715107898
mp-441,Rb2Te,1.888,2.073,-5e+19,300.0,78600.0,-88.0,98.1,0.5470699312622457,441,0.49928,0.0006086784,0.174514772299664
mp-441,Rb2Te,1.888,2.073,-1e+20,300.0,137000.0,-60.7,85.6,0.9732003472029916,441,0.49928,0.00050477513,0.1028418065393194
mp-441,Rb2Te,1.888,2.073,-5e+20,300.0,434000.0,-21.9,54.2,3.1383278487466804,441,0.49928,0.0002081507399999,0.0171665623663873
mp-441,Rb2Te,1.888,2.073,-1e+21,300.0,618000.0,-11.1,38.6,4.464725295064059,441,0.49928,7.614377999999999e-05,0.0046017545595114
mp-30373,RbAu,0.253,1.649,1e+21,300.0,166000.0,7.69,10.4,1.2130356797313535,30373,0.7837900000000001,9.816592599999998e-06,0.0014748296808744
mp-30373,RbAu,0.253,1.649,5e+20,300.0,145000.0,11.2,18.1,1.0489130490776013,30373,0.7837900000000001,1.81888e-05,0.0029773726860695
mp-30373,RbAu,0.253,1.649,1e+20,300.0,83300.0,31.5,52.0,0.5682802604836158,30373,0.7837900000000001,8.2654425e-05,0.0183395258550622
mp-30373,RbAu,0.253,1.649,5e+19,300.0,48800.0,61.7,60.9,0.3328416188400326,30373,0.7837900000000001,0.0001857762319999,0.0499115990086917
mp-30373,RbAu,0.253,1.649,1e+19,300.0,12300.0,115.0,76.8,0.0868340628711037,30373,0.7837900000000001,0.0001626674999999,0.056052034490109
mp-30373,RbAu,0.253,1.649,5e+18,300.0,7170.0,148.0,89.5,0.0475040104967951,30373,0.7837900000000001,0.00015705168,0.0566773047863571
mp-30373,RbAu,0.253,1.649,1e+18,300.0,1860.0,254.0,116.2,0.011455198736583,30373,0.7837900000000001,0.0001199997599999,0.0452689661718971
mp-30373,RbAu,0.253,1.649,-1e+18,300.0,1030.0,-437.0,64.4,0.0069824130849835,30373,0.7837900000000001,0.00019669807,0.0746225083520437
mp-30373,RbAu,0.253,1.649,-5e+18,300.0,4760.0,-304.0,59.4,0.0302539696784538,30373,0.7837900000000001,0.0004399001599999,0.1621166090722322
mp-30373,RbAu,0.253,1.649,-1e+19,300.0,9120.0,-248.0,56.9,0.0587328919274874,30373,0.7837900000000001,0.00056091648,0.1997274443368866
mp-30373,RbAu,0.253,1.649,-5e+19,300.0,39700.0,-136.0,49.5,0.2690928374438269,30373,0.7837900000000001,0.0007342911999999,0.2092230513841219
mp-30373,RbAu,0.253,1.649,-1e+20,300.0,73700.0,-100.0,46.0,0.5154072172378372,30373,0.7837900000000001,0.0007369999999999,0.1701820147598841
mp-30373,RbAu,0.253,1.649,-5e+20,300.0,303000.0,-37.6,37.8,2.169793980706753,30373,0.7837900000000001,0.0004283692799999,0.0435101168070457
mp-30373,RbAu,0.253,1.649,-1e+21,300.0,511000.0,-26.6,31.9,3.743544466231158,30373,0.7837900000000001,0.00036156316,0.0239586778509643
mp-23295,RbCl,,4.977,1e+21,300.0,127000.0,177.0,7.9,0.6154916054030247,23295,1.9265,0.003978783,0.469566814250259
mp-23295,RbCl,,4.977,5e+20,300.0,71100.0,230.0,8.9,0.3220569126211796,23295,1.9265,0.0037611899999999,0.5018138494367153
mp-23295,RbCl,,4.977,1e+20,300.0,16400.0,359.0,10.3,0.0689079431922542,23295,1.9265,0.0021136484,0.3177768847534882
mp-23295,RbCl,,4.977,5e+19,300.0,8550.0,416.0,10.7,0.0353330789849345,23295,1.9265,0.0014796287999999,0.2262621854809589
mp-23295,RbCl,,4.977,1e+19,300.0,1820.0,550.0,11.4,0.0073977538953395,23295,1.9265,0.0005505499999999,0.0854052390656577
mp-23295,RbCl,,4.977,5e+18,300.0,927.0,609.0,11.6,0.003763084469569,23295,1.9265,0.0003438066869999,0.0534341701552631
mp-23295,RbCl,,4.977,1e+18,300.0,191.0,745.0,11.9,0.0007704069991525,23295,1.9265,0.000106009775,0.0165015414466507
mp-23295,RbCl,,4.977,-1e+18,300.0,52200.0,-359.0,3260.6,0.216021138326394,23295,1.9265,0.0067275882,0.9420100571687025
mp-23295,RbCl,,4.977,-5e+18,300.0,210000.0,-236.0,2615.9,0.9312275707829278,23295,1.9265,0.0116961599999999,1.227845521691438
mp-23295,RbCl,,4.977,-1e+19,300.0,367000.0,-185.0,2291.8,1.722272567830901,23295,1.9265,0.012560575,1.0327233144706738
mp-23295,RbCl,,4.977,-5e+19,300.0,1200000.0,-80.9,1492.1,6.724613694336649,23295,1.9265,0.007853772,0.2723500907799205
mp-23295,RbCl,,4.977,-1e+20,300.0,1820000.0,-44.9,1136.2,10.956074051027612,23295,1.9265,0.0036691381999999,0.0854442175639709
mp-23295,RbCl,,4.977,-5e+20,300.0,2690000.0,-4.47,336.4,19.35452426460504,23295,1.9265,5.374862099999999e-05,0.0007576978485391
mp-23295,RbCl,,4.977,-1e+21,300.0,2750000.0,-1.48,171.7,20.11381365395046,23295,1.9265,6.0236e-06,8.198975878349638e-05
mp-10782,RbTbSe2,1.922,2.628,1e+21,300.0,125000.0,68.6,7.8,0.7691636312981204,10782,2.3000666666666665,0.0005882449999999,0.0574976404074304
mp-10782,RbTbSe2,1.922,2.628,5e+20,300.0,70200.0,71.4,8.8,0.448467466895093,10782,2.3000666666666665,0.000357876792,0.0390619262424333
mp-10782,RbTbSe2,1.922,2.628,1e+20,300.0,17900.0,146.0,11.2,0.1135833639809181,10782,2.3000666666666665,0.0003815564,0.0474248207265112
mp-10782,RbTbSe2,1.922,2.628,5e+19,300.0,9560.0,195.0,11.9,0.0584906576914604,10782,2.3000666666666665,0.000363519,0.0462383080002853
mp-10782,RbTbSe2,1.922,2.628,1e+19,300.0,2100.0,324.0,13.1,0.0123076549407341,10782,2.3000666666666665,0.0002204495999999,0.0286004213859275
mp-10782,RbTbSe2,1.922,2.628,5e+18,300.0,1080.0,382.0,13.5,0.0062960426803197,10782,2.3000666666666665,0.0001575979199999,0.0204995406006007
mp-10782,RbTbSe2,1.922,2.628,1e+18,300.0,230.0,517.0,14.4,0.0013198285442769,10782,2.3000666666666665,6.147647e-05,0.008013839065441
mp-10782,RbTbSe2,1.922,2.628,-1e+18,300.0,583.0,-519.0,36.4,0.0031043036817658,10782,2.3000666666666665,0.0001570374629999,0.0204549464657601
mp-10782,RbTbSe2,1.922,2.628,-5e+18,300.0,2820.0,-382.0,35.3,0.0151702426467008,10782,2.3000666666666665,0.0004115056799999,0.0533214132443069
mp-10782,RbTbSe2,1.922,2.628,-1e+19,300.0,5570.0,-323.0,34.8,0.0301610657001631,10782,2.3000666666666665,0.00058111253,0.0748140435282383
mp-10782,RbTbSe2,1.922,2.628,-5e+19,300.0,26100.0,-195.0,32.6,0.1479174571850436,10782,2.3000666666666665,0.0009924525,0.1216248696627722
mp-10782,RbTbSe2,1.922,2.628,-1e+20,300.0,49300.0,-146.0,30.7,0.2912149319961026,10782,2.3000666666666665,0.0010508788,0.1216632110391598
mp-10782,RbTbSe2,1.922,2.628,-5e+20,300.0,196000.0,-64.7,24.5,1.328062771334542,10782,2.3000666666666665,0.00082047364,0.0678426986154064
mp-10782,RbTbSe2,1.922,2.628,-1e+21,300.0,344000.0,-44.0,21.5,2.40541870602697,10782,2.3000666666666665,0.000665984,0.0424600618587467
mp-2695,Sb4Os2,0.39,0.763,1e+21,300.0,784000.0,74.6,48.9,5.261135569226018,2695,29.221000000000004,0.0043630854399999,0.0379595291994657
mp-2695,Sb4Os2,0.39,0.763,5e+20,300.0,526000.0,93.0,65.7,3.638119555370235,2695,29.221000000000004,0.004549374,0.0415352638314055
mp-2695,Sb4Os2,0.39,0.763,1e+20,300.0,187000.0,149.0,116.4,1.2994280659242627,2695,29.221000000000004,0.004151587,0.0408079499183224
mp-2695,Sb4Os2,0.39,0.763,5e+19,300.0,113000.0,181.0,141.1,0.7705383454199858,2695,29.221000000000004,0.0037019929999999,0.0370303746079623
mp-2695,Sb4Os2,0.39,0.763,1e+19,300.0,31300.0,283.0,195.4,0.1967076320937741,2695,29.221000000000004,0.0025067857,0.0255640486813307
mp-2695,Sb4Os2,0.39,0.763,5e+18,300.0,17100.0,335.0,213.8,0.1050175143111562,2695,29.221000000000004,0.0019190475,0.0196315183171069
mp-2695,Sb4Os2,0.39,0.763,1e+18,300.0,3940.0,461.0,245.6,0.0255437013523093,2695,29.221000000000004,0.0008373327399999,0.0085890430187261
mp-2695,Sb4Os2,0.39,0.763,-1e+18,300.0,2350.0,-537.0,145.9,0.0178896109139892,2695,29.221000000000004,0.0006776671499999,0.0069530733795063
mp-2695,Sb4Os2,0.39,0.763,-5e+18,300.0,10600.0,-412.0,132.1,0.0636303778146529,2695,29.221000000000004,0.0017992864,0.0184323965519103
mp-2695,Sb4Os2,0.39,0.763,-1e+19,300.0,20000.0,-357.0,124.7,0.1204330964434888,2695,29.221000000000004,0.0025489799999999,0.0260619172037871
mp-2695,Sb4Os2,0.39,0.763,-5e+19,300.0,84100.0,-234.0,105.0,0.5255084867937149,2695,29.221000000000004,0.0046049796,0.0464422196175839
mp-2695,Sb4Os2,0.39,0.763,-1e+20,300.0,154000.0,-185.0,96.3,0.9829535599647424,2695,29.221000000000004,0.0052706499999999,0.0523505969793252
mp-2695,Sb4Os2,0.39,0.763,-5e+20,300.0,636000.0,-86.0,79.4,4.368550959915685,2695,29.221000000000004,0.0047038559999999,0.0420117792489689
mp-2695,Sb4Os2,0.39,0.763,-1e+21,300.0,1130000.0,-58.8,70.3,7.728938618619328,2695,29.221000000000004,0.0039069071999999,0.0317205441691682
mp-1094066,ScAgS2,1.21,1.902,1e+21,300.0,236000.0,48.0,14.7,1.6887517691543172,1094066,0.3386499999999999,0.000543744,0.0804592372769029
mp-1094066,ScAgS2,1.21,1.902,5e+20,300.0,152000.0,57.1,19.0,1.0268339325480986,1094066,0.3386499999999999,0.00049558232,0.1088805898452144
mp-1094066,ScAgS2,1.21,1.902,1e+20,300.0,44400.0,127.0,27.7,0.2721621404530739,1094066,0.3386499999999999,0.0007161275999999,0.3517256219573703
mp-1094066,ScAgS2,1.21,1.902,5e+19,300.0,24500.0,169.0,30.6,0.1479621944174831,1094066,0.3386499999999999,0.0006997444999999,0.4313976353413552
mp-1094066,ScAgS2,1.21,1.902,1e+19,300.0,5920.0,284.0,37.0,0.0336831606647449,1094066,0.3386499999999999,0.0004774835199999,0.3847227997211624
mp-1094066,ScAgS2,1.21,1.902,5e+18,300.0,3150.0,338.0,39.4,0.0175516695252184,1094066,0.3386499999999999,0.0003598685999999,0.3030883604332085
mp-1094066,ScAgS2,1.21,1.902,1e+18,300.0,717.0,466.0,44.8,0.0038394607496949,1094066,0.3386499999999999,0.000155700852,0.1363845050815673
mp-1094066,ScAgS2,1.21,1.902,-1e+18,300.0,733.0,-575.0,45.8,0.0036420966887737,1094066,0.3386499999999999,0.000242348125,0.2124046631614341
mp-1094066,ScAgS2,1.21,1.902,-5e+18,300.0,3430.0,-441.0,42.8,0.0174516777265192,1094066,0.3386499999999999,0.0006670698299999,0.5619769900484995
mp-1094066,ScAgS2,1.21,1.902,-1e+19,300.0,6640.0,-383.0,41.5,0.0343176760130199,1094066,0.3386499999999999,0.00097401496,0.7834579423172305
mp-1094066,ScAgS2,1.21,1.902,-5e+19,300.0,30700.0,-249.0,38.3,0.1657253425192955,1094066,0.3386499999999999,0.0019034306999999,1.132151320379276
mp-1094066,ScAgS2,1.21,1.902,-1e+20,300.0,57800.0,-197.0,36.1,0.3227612703217182,1094066,0.3386499999999999,0.0022431601999999,1.017442686866585
mp-1094066,ScAgS2,1.21,1.902,-5e+20,300.0,232000.0,-98.8,28.9,1.412591498627087,1094066,0.3386499999999999,0.0022646540799999,0.3879511903598637
mp-1094066,ScAgS2,1.21,1.902,-1e+21,300.0,414000.0,-65.8,25.8,2.601619198497902,1094066,0.3386499999999999,0.00179247096,0.1828884539805798
mp-149,Si2,0.62,2.56,1e+21,300.0,908000.0,38.8,56.7,6.521691498386757,149,126.96999999999998,0.0013669395199999,0.0030719653889839
mp-149,Si2,0.62,2.56,5e+20,300.0,646000.0,68.4,80.7,4.196698062383897,149,126.96999999999998,0.00302234976,0.0069126153314369
mp-149,Si2,0.62,2.56,1e+20,300.0,236000.0,165.0,147.4,1.7246776025392012,149,126.96999999999998,0.0064251,0.0149775424742349
mp-149,Si2,0.62,2.56,5e+19,300.0,129000.0,210.0,160.6,1.0195526243051984,149,126.96999999999998,0.0056888999999999,0.0133344477342588
mp-149,Si2,0.62,2.56,1e+19,300.0,35100.0,333.0,219.3,0.3001596978218421,149,126.96999999999998,0.0038922038999999,0.0091746657093253
mp-149,Si2,0.62,2.56,5e+18,300.0,20900.0,393.0,261.5,0.1827765756664332,149,126.96999999999998,0.0032279840999999,0.0076159975116524
mp-149,Si2,0.62,2.56,1e+18,300.0,7540.0,521.0,470.4,0.0627560644873895,149,126.96999999999998,0.00204666514,0.0048333954251004
mp-149,Si2,0.62,2.56,-1e+18,300.0,7870.0,-518.0,491.3,0.0425657212397346,149,126.96999999999998,0.00211170988,0.0049877975490267
mp-149,Si2,0.62,2.56,-5e+18,300.0,25900.0,-382.0,323.8,0.1515598867197896,149,126.96999999999998,0.0037794315999999,0.0089192539881538
mp-149,Si2,0.62,2.56,-1e+19,300.0,45900.0,-319.0,286.5,0.2731057088648145,149,126.96999999999998,0.0046708299,0.0110123763656483
mp-149,Si2,0.62,2.56,-5e+19,300.0,187000.0,-175.0,233.6,1.1223509519306998,149,126.96999999999998,0.0057268749999999,0.0134126861380248
mp-149,Si2,0.62,2.56,-1e+20,300.0,320000.0,-124.0,200.0,2.010929028398951,149,126.96999999999998,0.00492032,0.0114442965415064
mp-149,Si2,0.62,2.56,-5e+20,300.0,870000.0,-67.1,108.6,7.155894979807019,149,126.96999999999998,0.0039170966999999,0.0087613880241163
mp-149,Si2,0.62,2.56,-1e+21,300.0,1560000.0,-64.8,97.3,11.640519784659409,149,126.96999999999998,0.0065505023999999,0.0141775005465166
mp-1207095,SiPAu,1.002,1.152,1e+21,300.0,2010000.0,128.0,125.6,11.013100456454398,1207095,54.79666666666666,0.03293184,0.1501228834546202
mp-1207095,SiPAu,1.002,1.152,5e+20,300.0,1170000.0,174.0,146.0,6.157662570898453,1207095,54.79666666666666,0.03542292,0.1743416117103432
mp-1207095,SiPAu,1.002,1.152,1e+20,300.0,245000.0,307.0,152.6,1.2902607626786773,1207095,54.79666666666666,0.0230910049999999,0.1235100908090666
mp-1207095,SiPAu,1.002,1.152,5e+19,300.0,119000.0,371.0,149.0,0.6365244260035715,1207095,54.79666666666666,0.0163792789999999,0.0886433489240294
mp-1207095,SiPAu,1.002,1.152,1e+19,300.0,25800.0,520.0,161.2,0.1342431858986811,1207095,54.79666666666666,0.0069763199999999,0.0381005158228273
mp-1207095,SiPAu,1.002,1.152,5e+18,300.0,14500.0,582.0,180.4,0.0721201689390324,1207095,54.79666666666666,0.0049114979999999,0.0268540546452142
mp-1207095,SiPAu,1.002,1.152,1e+18,300.0,4180.0,714.0,260.7,0.0182753314811363,1207095,54.79666666666666,0.00213094728,0.0116625898103039
mp-1207095,SiPAu,1.002,1.152,-1e+18,300.0,24800.0,-443.0,1546.6,0.1571884663346605,1207095,54.79666666666666,0.0048669751999999,0.0265694291413441
mp-1207095,SiPAu,1.002,1.152,-5e+18,300.0,81500.0,-306.0,1017.1,0.5391139731370634,1207095,54.79666666666666,0.007631334,0.0413728725524332
mp-1207095,SiPAu,1.002,1.152,-1e+19,300.0,138000.0,-247.0,863.6,0.9135470374586092,1207095,54.79666666666666,0.0084192419999999,0.0453376936124181
mp-1207095,SiPAu,1.002,1.152,-5e+19,300.0,430000.0,-129.0,537.3,2.911496062611297,1207095,54.79666666666666,0.0071556299999999,0.0371990529324347
mp-1207095,SiPAu,1.002,1.152,-1e+20,300.0,651000.0,-92.2,406.4,4.488516184337937,1207095,54.79666666666666,0.00553404684,0.0280038615411281
mp-1207095,SiPAu,1.002,1.152,-5e+20,300.0,1580000.0,-35.3,196.7,11.369482106058848,1207095,54.79666666666666,0.0019688221999999,0.0089267196437378
mp-1207095,SiPAu,1.002,1.152,-1e+21,300.0,2240000.0,-22.4,139.7,16.01192863981726,1207095,54.79666666666666,0.0011239423999999,0.0047618896906587
mp-867193,Sr2BiAu,,0.46,1e+21,300.0,2440000.0,54.4,152.3,17.297175765133886,867193,0.69145,0.0072208383999999,0.1204234024479327
mp-867193,Sr2BiAu,,0.46,5e+20,300.0,1510000.0,63.6,188.4,11.81999608632296,867193,0.69145,0.0061078896,0.1464552432514635
mp-867193,Sr2BiAu,,0.46,1e+20,300.0,555000.0,106.0,346.5,3.348232606583391,867193,0.69145,0.00623598,0.4631042045113158
mp-867193,Sr2BiAu,,0.46,5e+19,300.0,317000.0,152.0,395.9,1.7971187169889908,867193,0.69145,0.0073239679999999,0.8829132926891528
mp-867193,Sr2BiAu,,0.46,1e+19,300.0,74500.0,273.0,465.1,0.4070774693929775,867193,0.69145,0.0055524104999999,1.5163236208562103
mp-867193,Sr2BiAu,,0.46,5e+18,300.0,39100.0,328.0,488.4,0.2119763173488623,867193,0.69145,0.0042065344,1.3968602593992046
mp-867193,Sr2BiAu,,0.46,1e+18,300.0,8620.0,460.0,537.8,0.0461754698241494,867193,0.69145,0.0018239919999999,0.7418366398470789
mp-867193,Sr2BiAu,,0.46,-1e+18,300.0,8680.0,-566.0,541.7,0.0430692848291085,867193,0.69145,0.00278069008,1.1357183415464502
mp-867193,Sr2BiAu,,0.46,-5e+18,300.0,40100.0,-431.0,500.0,0.1984518052677752,867193,0.69145,0.0074490160999999,2.5111813649232206
mp-867193,Sr2BiAu,,0.46,-1e+19,300.0,77500.0,-373.0,483.8,0.3849757917728365,867193,0.69145,0.0107824974999999,3.00508337381293
mp-867193,Sr2BiAu,,0.46,-5e+19,300.0,365000.0,-235.0,455.7,1.827663714850408,867193,0.69145,0.020157125,2.400501995742219
mp-867193,Sr2BiAu,,0.46,-1e+20,300.0,704000.0,-178.0,439.5,3.562080019933202,867193,0.69145,0.0223055359999999,1.573201733299406
mp-867193,Sr2BiAu,,0.46,-5e+20,300.0,2530000.0,-54.5,315.6,14.79630681143908,867193,0.69145,0.0075147324999999,0.1455614119880085
mp-867193,Sr2BiAu,,0.46,-1e+21,300.0,3380000.0,-25.7,211.2,23.850004254725672,867193,0.69145,0.0022324561999999,0.0272900233640802
mp-863251,Sr2SbAu,0.644,0.73,1e+21,300.0,2370000.0,55.3,147.7,16.237298055954412,863251,0.8108400000000001,0.0072476732999999,0.1275389712861077
mp-863251,Sr2SbAu,0.644,0.73,5e+20,300.0,1400000.0,68.0,174.2,10.828704818653904,863251,0.8108400000000001,0.0064735999999999,0.1668518855554841
mp-863251,Sr2SbAu,0.644,0.73,1e+20,300.0,476000.0,115.0,296.9,2.926371138178631,863251,0.8108400000000001,0.0062950999999999,0.5053313634616761
mp-863251,Sr2SbAu,0.644,0.73,5e+19,300.0,275000.0,160.0,342.8,1.57745622377671,863251,0.8108400000000001,0.0070399999999999,0.8843124144207616
mp-863251,Sr2SbAu,0.644,0.73,1e+19,300.0,66400.0,283.0,414.2,0.3525153066075914,863251,0.8108400000000001,0.0053179096,1.3713547967148538
mp-863251,Sr2SbAu,0.644,0.73,5e+18,300.0,35100.0,340.0,437.9,0.1830454482059755,863251,0.8108400000000001,0.0040575599999999,1.2247568391279031
mp-863251,Sr2SbAu,0.644,0.73,1e+18,300.0,7790.0,472.0,486.2,0.0394098086284586,863251,0.8108400000000001,0.0017354873599999,0.6123449869866204
mp-863251,Sr2SbAu,0.644,0.73,-1e+18,300.0,8470.0,-536.0,528.6,0.0422324853818809,863251,0.8108400000000001,0.00243339712,0.8557527625254543
mp-863251,Sr2SbAu,0.644,0.73,-5e+18,300.0,39100.0,-401.0,487.6,0.1981809018139272,863251,0.8108400000000001,0.0062873190999999,1.8693326635842096
mp-863251,Sr2SbAu,0.644,0.73,-1e+19,300.0,75100.0,-342.0,468.9,0.3856245140542882,863251,0.8108400000000001,0.0087839963999999,2.2024881549311046
mp-863251,Sr2SbAu,0.644,0.73,-5e+19,300.0,340000.0,-208.0,424.1,1.8135019297184003,863251,0.8108400000000001,0.0147097599999999,1.68153697886216
mp-863251,Sr2SbAu,0.644,0.73,-1e+20,300.0,635000.0,-154.0,396.5,3.49000547618051,863251,0.8108400000000001,0.01505966,1.0504674080995466
mp-863251,Sr2SbAu,0.644,0.73,-5e+20,300.0,2210000.0,-47.1,275.3,13.43298052430685,863251,0.8108400000000001,0.0049026861,0.1032592223055671
mp-863251,Sr2SbAu,0.644,0.73,-1e+21,300.0,3180000.0,-18.3,198.7,21.74147151961631,863251,0.8108400000000001,0.0010649502,0.0141663997378764
mp-23209,SrCl2,5.343,5.506,1e+21,300.0,53200.0,111.0,3.3,0.315376170780667,23209,0.15813,0.0006554772,0.4152916522202773
mp-23209,SrCl2,5.343,5.506,5e+20,300.0,27100.0,156.0,3.4,0.1581444469215378,23209,0.15813,0.0006595056,0.6255696023684252
mp-23209,SrCl2,5.343,5.506,1e+20,300.0,5430.0,280.0,3.4,0.0311628050815789,23209,0.15813,0.0004257119999999,0.6746880841293978
mp-23209,SrCl2,5.343,5.506,5e+19,300.0,2690.0,339.0,3.4,0.0154372701178453,23209,0.15813,0.00030913749,0.5343245125479728
mp-23209,SrCl2,5.343,5.506,1e+19,300.0,536.0,480.0,3.3,0.0030648918880814,23209,0.15813,0.0001234943999999,0.2298355708795839
mp-23209,SrCl2,5.343,5.506,5e+18,300.0,271.0,539.0,3.4,0.0015477975383145,23209,0.15813,7.873119099999998e-05,0.1479188569990925
mp-23209,SrCl2,5.343,5.506,1e+18,300.0,56.7,675.0,3.5,0.0003226177690222,23209,0.15813,2.58339375e-05,0.0489116643140443
mp-23209,SrCl2,5.343,5.506,-1e+18,300.0,218.0,-365.0,13.6,0.0014535177780567,23209,0.15813,2.904305e-05,0.0545978376796883
mp-23209,SrCl2,5.343,5.506,-5e+18,300.0,998.0,-240.0,12.5,0.0069420407319121,23209,0.15813,5.74848e-05,0.1044722045207385
mp-23209,SrCl2,5.343,5.506,-1e+19,300.0,1890.0,-192.0,11.8,0.0136815150233176,23209,0.15813,6.967296e-05,0.1216559204263071
mp-23209,SrCl2,5.343,5.506,-5e+19,300.0,8110.0,-118.0,10.1,0.0683905487645632,23209,0.15813,0.00011292364,0.1495541670932934
mp-23209,SrCl2,5.343,5.506,-1e+20,300.0,15000.0,-108.0,9.3,0.12646917668774,23209,0.15813,0.00017496,0.1844277998653152
mp-23209,SrCl2,5.343,5.506,-5e+20,300.0,61600.0,-74.8,7.7,0.4206416921797207,23209,0.15813,0.0003446544639999,0.1786478858538632
mp-23209,SrCl2,5.343,5.506,-1e+21,300.0,114000.0,-50.8,7.1,0.7749345127447825,23209,0.15813,0.0002941929599999,0.0945892666524665
mp-981,SrF2,7.173,7.276,1e+21,300.0,18300.0,188.0,1.1,0.0971896963341774,981,0.16284,0.0006467951999999,0.746216923434011
mp-981,SrF2,7.173,7.276,5e+20,300.0,10100.0,234.0,1.3,0.051757499239936,981,0.16284,0.0005530356,0.7731249459458961
mp-981,SrF2,7.173,7.276,1e+20,300.0,2040.0,369.0,1.3,0.0102908872839619,981,0.16284,0.0002777684399999,0.4813152251873739
mp-981,SrF2,7.173,7.276,5e+19,300.0,997.0,432.0,1.2,0.0050677062428525,981,0.16284,0.000186064128,0.3324400031959588
mp-981,SrF2,7.173,7.276,1e+19,300.0,203.0,574.0,1.3,0.0010374291554049,981,0.16284,6.688362799999999e-05,0.1224396093068575
mp-981,SrF2,7.173,7.276,5e+18,300.0,106.0,632.0,1.3,0.0005374702997998,981,0.16284,4.2338944e-05,0.0777443987637478
mp-981,SrF2,7.173,7.276,1e+18,300.0,23.9,763.0,1.5,0.0001180616618203,981,0.16284,1.39138391e-05,0.0256148832861207
mp-981,SrF2,7.173,7.276,-1e+18,300.0,212.0,-372.0,13.2,0.0011049685331224,981,0.16284,2.9337408e-05,0.0536840043262557
mp-981,SrF2,7.173,7.276,-5e+18,300.0,914.0,-245.0,11.4,0.0051768583552191,981,0.16284,5.486285e-05,0.0979595450190057
mp-981,SrF2,7.173,7.276,-1e+19,300.0,1670.0,-196.0,10.4,0.0099647415591003,981,0.16284,6.415471999999999e-05,0.1113766660934914
mp-981,SrF2,7.173,7.276,-5e+19,300.0,6660.0,-107.0,8.3,0.0426570544581061,981,0.16284,7.625034000000001e-05,0.1113159605149642
mp-981,SrF2,7.173,7.276,-1e+20,300.0,12500.0,-76.2,7.8,0.0816637794606462,981,0.16284,7.25805e-05,0.0890544516245591
mp-981,SrF2,7.173,7.276,-5e+20,300.0,52400.0,-30.9,6.5,0.3651010639591054,981,0.16284,5.0032044e-05,0.0284304711731282
mp-981,SrF2,7.173,7.276,-1e+21,300.0,91900.0,-18.7,5.7,0.6469522013358476,981,0.16284,3.213651099999999e-05,0.01190546572824
mp-8276,SrZn2P2,0.844,0.873,1e+21,300.0,506000.0,35.9,31.6,3.578157622837741,8276,0.4252066666666667,0.0006521378599999,0.0488692369347654
mp-8276,SrZn2P2,0.844,0.873,5e+20,300.0,321000.0,50.2,40.1,2.170568000996288,8276,0.4252066666666667,0.00080893284,0.0934903383653447
mp-8276,SrZn2P2,0.844,0.873,1e+20,300.0,83000.0,127.0,51.8,0.5543634704812864,8276,0.4252066666666667,0.001338707,0.4099881006676105
mp-8276,SrZn2P2,0.844,0.873,5e+19,300.0,44600.0,162.0,55.7,0.3072938220523126,8276,0.4252066666666667,0.0011704823999999,0.4793781375000354
mp-8276,SrZn2P2,0.844,0.873,1e+19,300.0,10900.0,263.0,68.1,0.0743546586936049,8276,0.4252066666666667,0.0007539421,0.452762490845108
mp-8276,SrZn2P2,0.844,0.873,5e+18,300.0,5850.0,315.0,73.1,0.0392395815899383,8276,0.4252066666666667,0.0005804662499999,0.3749408583956486
mp-8276,SrZn2P2,0.844,0.873,1e+18,300.0,1350.0,441.0,84.2,0.0087325565254493,8276,0.4252066666666667,0.0002625493499999,0.1815111443961331
mp-8276,SrZn2P2,0.844,0.873,-1e+18,300.0,2340.0,-514.0,146.0,0.0114585120300803,8276,0.4252066666666667,0.00061821864,0.4247318106599042
mp-8276,SrZn2P2,0.844,0.873,-5e+18,300.0,10500.0,-380.0,130.9,0.053460401207922,8276,0.4252066666666667,0.0015161999999999,0.95026382746503
mp-8276,SrZn2P2,0.844,0.873,-1e+19,300.0,20000.0,-322.0,125.0,0.103891983551455,8276,0.4252066666666667,0.0020736799999999,1.1757807353005092
mp-8276,SrZn2P2,0.844,0.873,-5e+19,300.0,90700.0,-192.0,113.2,0.5011278666053124,8276,0.4252066666666667,0.0033435648,1.082837143571642
mp-8276,SrZn2P2,0.844,0.873,-1e+20,300.0,164000.0,-144.0,102.2,0.968678739308826,8276,0.4252066666666667,0.003400704,0.7319189910637012
mp-8276,SrZn2P2,0.844,0.873,-5e+20,300.0,575000.0,-58.6,71.8,3.839836489355081,8276,0.4252066666666667,0.001974527,0.1388867775379151
mp-8276,SrZn2P2,0.844,0.873,-1e+21,300.0,945000.0,-36.5,59.0,6.499261082100492,8276,0.4252066666666667,0.00125897625,0.0545446796350874
mp-867249,TaAlFe2,0.246,0.282,1e+21,300.0,10600000.0,57.6,664.2,71.21641635824868,867249,23.986,0.0351682559999999,0.1108215232720386
mp-867249,TaAlFe2,0.246,0.282,5e+20,300.0,6810000.0,80.4,849.7,43.02457562726419,867249,23.986,0.0440209296,0.1970775322608457
mp-867249,TaAlFe2,0.246,0.282,1e+20,300.0,2130000.0,155.0,1328.0,13.002761054137826,867249,23.986,0.0511732499999999,0.4150443151510366
mp-867249,TaAlFe2,0.246,0.282,5e+19,300.0,1280000.0,194.0,1592.2,7.41907769047701,867249,23.986,0.04817408,0.4601874939600089
mp-867249,TaAlFe2,0.246,0.282,1e+19,300.0,354000.0,302.0,2195.7,2.0310960099092887,867249,23.986,0.0322862159999999,0.3722884674104618
mp-867249,TaAlFe2,0.246,0.282,5e+18,300.0,199000.0,349.0,2413.5,1.4096046716666966,867249,23.986,0.0242383989999999,0.2863298509333247
mp-867249,TaAlFe2,0.246,0.282,1e+18,300.0,71100.0,388.0,2892.8,1.827639569744503,867249,23.986,0.0107036784,0.1243956130759511
mp-867249,TaAlFe2,0.246,0.282,-1e+18,300.0,33100.0,126.0,498.7,3.3988350343880014,867249,23.986,0.0005254955999999,0.0057567876454981
mp-867249,TaAlFe2,0.246,0.282,-5e+18,300.0,42900.0,-401.0,459.1,2.22750463775679,867249,23.986,0.0068983629,0.0789481947796926
mp-867249,TaAlFe2,0.246,0.282,-1e+19,300.0,74000.0,-452.0,443.8,1.4264206099859382,867249,23.986,0.0151184959999999,0.1784776377507974
mp-867249,TaAlFe2,0.246,0.282,-5e+19,300.0,326000.0,-361.0,406.0,1.8303704709011548,867249,23.986,0.042484646,0.4936942555254207
mp-867249,TaAlFe2,0.246,0.282,-1e+20,300.0,621000.0,-306.0,387.3,3.270365054694737,867249,23.986,0.058147956,0.6400114896096651
mp-867249,TaAlFe2,0.246,0.282,-5e+20,300.0,2630000.0,-184.0,328.5,14.410666209706564,867249,23.986,0.08904128,0.6956953985043417
mp-867249,TaAlFe2,0.246,0.282,-1e+21,300.0,4720000.0,-137.0,294.5,26.93542729647277,867249,23.986,0.0885896799999999,0.5219198559628925
mp-755340,Tb2SeO2,2.177,2.482,1e+21,300.0,116000.0,53.7,7.2,0.7371532974111322,755340,17.968333333333334,0.0003345080399999,0.0053648650784112
mp-755340,Tb2SeO2,2.177,2.482,5e+20,300.0,65000.0,78.2,8.1,0.4023244392880031,755340,17.968333333333334,0.0003974906,0.0064911763898688
mp-755340,Tb2SeO2,2.177,2.482,1e+20,300.0,16200.0,167.0,10.1,0.092188768113072,755340,17.968333333333334,0.0004518018,0.0075047963308405
mp-755340,Tb2SeO2,2.177,2.482,5e+19,300.0,8560.0,217.0,10.7,0.0478658896366874,755340,17.968333333333334,0.0004030818399999,0.0067119901652616
mp-755340,Tb2SeO2,2.177,2.482,1e+19,300.0,1870.0,346.0,11.7,0.0101380719263179,755340,17.968333333333334,0.00022386892,0.0037356165875343
mp-755340,Tb2SeO2,2.177,2.482,5e+18,300.0,979.0,402.0,12.2,0.0052235657688263,755340,17.968333333333334,0.0001582103159999,0.0026407179762143
mp-755340,Tb2SeO2,2.177,2.482,1e+18,300.0,221.0,533.0,13.8,0.0011354284633991,755340,17.968333333333334,6.278366899999998e-05,0.001048172372243
mp-755340,Tb2SeO2,2.177,2.482,-1e+18,300.0,392.0,-451.0,24.5,0.0019711270063254,755340,17.968333333333334,7.973319199999998e-05,0.0013310824896034
mp-755340,Tb2SeO2,2.177,2.482,-5e+18,300.0,1710.0,-323.0,21.3,0.0091417771069659,755340,17.968333333333334,0.0001784025899999,0.0029771019940886
mp-755340,Tb2SeO2,2.177,2.482,-1e+19,300.0,3190.0,-270.0,19.9,0.0176823164727774,755340,17.968333333333334,0.000232551,0.0038788635214354
mp-755340,Tb2SeO2,2.177,2.482,-5e+19,300.0,13200.0,-159.0,16.5,0.0802867649527296,755340,17.968333333333334,0.0003337091999999,0.0055468373457246
mp-755340,Tb2SeO2,2.177,2.482,-1e+20,300.0,24300.0,-122.0,15.2,0.1514289911671144,755340,17.968333333333334,0.0003616812,0.0059881778831771
mp-755340,Tb2SeO2,2.177,2.482,-5e+20,300.0,101000.0,-51.3,12.6,0.6768018439941453,755340,17.968333333333334,0.0002658006899999,0.0042767298945053
mp-755340,Tb2SeO2,2.177,2.482,-1e+21,300.0,180000.0,-44.5,11.2,1.232999082383787,755340,17.968333333333334,0.0003564449999999,0.0055690666504185
mp-1207080,TbHSe,1.526,1.974,1e+21,300.0,764000.0,21.4,47.7,4.929798870054218,1207080,25.778666666666663,0.0003498814399999,0.0034180943321461
mp-1207080,TbHSe,1.526,1.974,5e+20,300.0,499000.0,23.1,62.3,3.26260597633287,1207080,25.778666666666663,0.00026627139,0.002750616957527
mp-1207080,TbHSe,1.526,1.974,1e+20,300.0,189000.0,54.1,117.8,1.2381405758676551,1207080,25.778666666666663,0.00055316709,0.0061424773664126
mp-1207080,TbHSe,1.526,1.974,5e+19,300.0,122000.0,70.1,152.1,0.7309864495204271,1207080,25.778666666666663,0.0005995092199999,0.0067844254774556
mp-1207080,TbHSe,1.526,1.974,1e+19,300.0,41200.0,145.0,257.0,0.199169370202246,1207080,25.778666666666663,0.00086623,0.0100034891139963
mp-1207080,TbHSe,1.526,1.974,5e+18,300.0,24400.0,192.0,304.9,0.110877274841152,1207080,25.778666666666663,0.0008994816,0.0104229136136835
mp-1207080,TbHSe,1.526,1.974,1e+18,300.0,7180.0,311.0,447.9,0.0288604510080279,1207080,25.778666666666663,0.0006944567799999,0.0080727236302034
mp-1207080,TbHSe,1.526,1.974,-1e+18,300.0,5950.0,-293.0,371.3,0.0223135135512719,1207080,25.778666666666663,0.0005108015499999,0.0059393272631348
mp-1207080,TbHSe,1.526,1.974,-5e+18,300.0,18300.0,-176.0,228.1,0.0849573871207971,1207080,25.778666666666663,0.0005668608,0.0065751899133059
mp-1207080,TbHSe,1.526,1.974,-1e+19,300.0,28800.0,-135.0,179.7,0.1512174187055599,1207080,25.778666666666663,0.00052488,0.0060726843005376
mp-1207080,TbHSe,1.526,1.974,-5e+19,300.0,92100.0,-74.6,115.0,0.5650911532667019,1207080,25.778666666666663,0.0005125512359999,0.005836880670214
mp-1207080,TbHSe,1.526,1.974,-1e+20,300.0,170000.0,-53.6,106.3,1.063931999904636,1207080,25.778666666666663,0.0004884032,0.0054585236630785
mp-1207080,TbHSe,1.526,1.974,-5e+20,300.0,759000.0,-18.9,94.8,4.686985355849181,1207080,25.778666666666663,0.0002711223899999,0.0026697842192859
mp-1207080,TbHSe,1.526,1.974,-1e+21,300.0,893000.0,-19.4,55.8,6.109002150327626,1207080,25.778666666666663,0.0003360894799999,0.0031619383837251
mp-999121,TbTlTe2,0.625,1.414,1e+21,300.0,630000.0,6.0,39.3,4.63359006523544,999121,0.90647,2.2680000000000003e-05,0.0012281455290883
mp-999121,TbTlTe2,0.625,1.414,5e+20,300.0,450000.0,21.2,56.2,3.2580108983887626,999121,0.90647,0.0002022479999999,0.0145694989316543
mp-999121,TbTlTe2,0.625,1.414,1e+20,300.0,147000.0,38.2,91.9,1.032007526904409,999121,0.90647,0.00021450828,0.033197436187339
mp-999121,TbTlTe2,0.625,1.414,5e+19,300.0,84700.0,60.2,105.7,0.5668250150984797,999121,0.90647,0.000306956188,0.0625040168169201
mp-999121,TbTlTe2,0.625,1.414,1e+19,300.0,18600.0,138.0,116.3,0.1190954901144905,999121,0.90647,0.0003542184,0.1036165130596748
mp-999121,TbTlTe2,0.625,1.414,5e+18,300.0,9560.0,182.0,119.4,0.0598702540058079,999121,0.90647,0.0003166654399999,0.0983086771001873
mp-999121,TbTlTe2,0.625,1.414,1e+18,300.0,2020.0,301.0,126.2,0.0122899305979436,999121,0.90647,0.00018301402,0.0597590340757105
mp-999121,TbTlTe2,0.625,1.414,-1e+18,300.0,396.0,-615.0,24.7,0.0022096959358112,999121,0.90647,0.0001497771,0.0494488104014751
mp-999121,TbTlTe2,0.625,1.414,-5e+18,300.0,1910.0,-479.0,23.8,0.0106953488792507,999121,0.90647,0.00043823231,0.1433435019766633
mp-999121,TbTlTe2,0.625,1.414,-1e+19,300.0,3750.0,-420.0,23.4,0.0210789145301307,999121,0.90647,0.0006614999999999,0.213950980795982
mp-999121,TbTlTe2,0.625,1.414,-5e+19,300.0,18200.0,-283.0,22.7,0.1037542230566406,999121,0.90647,0.0014576198,0.4328602799454775
mp-999121,TbTlTe2,0.625,1.414,-1e+20,300.0,36100.0,-226.0,22.6,0.207972771939031,999121,0.90647,0.0018438435999999,0.4963494707202712
mp-999121,TbTlTe2,0.625,1.414,-5e+20,300.0,179000.0,-104.0,22.3,1.0702914653059326,999121,0.90647,0.001936064,0.2938236151371505
mp-999121,TbTlTe2,0.625,1.414,-1e+21,300.0,351000.0,-61.1,21.9,2.2235172754945864,999121,0.90647,0.0013103567099999,0.1255938054693378
mp-267,Te4Ru2,0.288,1.066,1e+21,300.0,271000.0,25.2,16.9,2.1819322809152006,267,29.785666666666668,0.00017209584,0.0016150337748123
mp-267,Te4Ru2,0.288,1.066,5e+20,300.0,231000.0,31.8,28.8,1.5851830184030555,267,29.785666666666668,0.00023359644,0.0022338869588652
mp-267,Te4Ru2,0.288,1.066,1e+20,300.0,138000.0,88.2,85.9,0.7829384745673456,267,29.785666666666668,0.00107353512,0.010535663453141
mp-267,Te4Ru2,0.288,1.066,5e+19,300.0,92900.0,127.0,115.9,0.4974176933256825,267,29.785666666666668,0.0014983840999999,0.0148437730006734
mp-267,Te4Ru2,0.288,1.066,1e+19,300.0,28400.0,237.0,177.2,0.1399100745129805,267,29.785666666666668,0.0015951995999999,0.0159916677342241
mp-267,Te4Ru2,0.288,1.066,5e+18,300.0,15900.0,290.0,199.0,0.0769232219712229,267,29.785666666666668,0.00133719,0.0134334296354058
mp-267,Te4Ru2,0.288,1.066,1e+18,300.0,3950.0,413.0,244.6,0.0224416774004896,267,29.785666666666668,0.0006737475499999,0.0067808484411993
mp-267,Te4Ru2,0.288,1.066,-1e+18,300.0,1350.0,-528.0,82.4,0.0215506831890155,267,29.785666666666668,0.0003763583999999,0.0037879255441641
mp-267,Te4Ru2,0.288,1.066,-5e+18,300.0,5640.0,-428.0,70.3,0.0366365045665471,267,29.785666666666668,0.00103315776,0.0103931385252289
mp-267,Te4Ru2,0.288,1.066,-1e+19,300.0,10400.0,-373.0,65.0,0.0649061948024114,267,29.785666666666668,0.0014469415999999,0.0145418475556387
mp-267,Te4Ru2,0.288,1.066,-5e+19,300.0,43300.0,-247.0,54.0,0.2651148856474618,267,29.785666666666668,0.0026416896999999,0.0263722561964096
mp-267,Te4Ru2,0.288,1.066,-1e+20,300.0,79300.0,-195.0,49.5,0.4827807031150138,267,29.785666666666668,0.0030153824999999,0.029886394202799
mp-267,Te4Ru2,0.288,1.066,-5e+20,300.0,284000.0,-90.9,35.5,1.860580792870908,267,29.785666666666668,0.00234663804,0.0222456521235294
mp-267,Te4Ru2,0.288,1.066,-1e+21,300.0,469000.0,-62.0,29.3,3.3103335663440245,267,29.785666666666668,0.001802836,0.0163418780575346
mp-7769,Th2SN2,1.415,1.714,1e+21,300.0,131000.0,95.9,8.2,0.7881852599123446,7769,16.304466666666666,0.00120478211,0.0211456147678272
mp-7769,Th2SN2,1.415,1.714,5e+20,300.0,68300.0,87.8,8.5,0.3894984178637607,7769,16.304466666666666,0.0005265137719999,0.0094617504469527
mp-7769,Th2SN2,1.415,1.714,1e+20,300.0,16800.0,178.0,10.5,0.0836236828668235,7769,16.304466666666666,0.0005322911999999,0.0097441103016933
mp-7769,Th2SN2,1.415,1.714,5e+19,300.0,8940.0,233.0,11.2,0.0426933549559462,7769,16.304466666666666,0.0004853436599999,0.0089069353824993
mp-7769,Th2SN2,1.415,1.714,1e+19,300.0,2040.0,367.0,12.7,0.0089842609188184,7769,16.304466666666666,0.0002747655599999,0.0050528651703352
mp-7769,Th2SN2,1.415,1.714,5e+18,300.0,1090.0,424.0,13.5,0.004633866829569,7769,16.304466666666666,0.00019595584,0.0036045367357483
mp-7769,Th2SN2,1.415,1.714,1e+18,300.0,245.0,557.0,15.3,0.0009951839443394,7769,16.304466666666666,7.6011005e-05,0.0013985069364438
mp-7769,Th2SN2,1.415,1.714,-1e+18,300.0,462.0,-401.0,28.9,0.0018859161172985,7769,16.304466666666666,7.429006199999999e-05,0.0013667690850454
mp-7769,Th2SN2,1.415,1.714,-5e+18,300.0,1990.0,-273.0,24.8,0.0087840809398995,7769,16.304466666666666,0.0001483127099999,0.0027274645432945
mp-7769,Th2SN2,1.415,1.714,-1e+19,300.0,3620.0,-222.0,22.6,0.0168521883987338,7769,16.304466666666666,0.00017840808,0.0032792952870588
mp-7769,Th2SN2,1.415,1.714,-5e+19,300.0,13700.0,-120.0,17.1,0.0732215236997769,7769,16.304466666666666,0.0001972799999999,0.0036136968363326
mp-7769,Th2SN2,1.415,1.714,-1e+20,300.0,23000.0,-88.1,14.4,0.1360637723544389,7769,16.304466666666666,0.0001785170299999,0.0032575049326181
mp-7769,Th2SN2,1.415,1.714,-5e+20,300.0,82800.0,-49.2,10.3,0.5404728467364192,7769,16.304466666666666,0.000200428992,0.0035695407248068
mp-7769,Th2SN2,1.415,1.714,-1e+21,300.0,146000.0,-38.8,9.1,0.94025039345933,7769,16.304466666666666,0.0002197942399999,0.0038236795518341
mp-22786,ThNiSn,0.289,0.341,1e+21,300.0,2600000.0,87.8,162.4,18.03109054531645,22786,1.053,0.0200429839999999,0.3150737094713499
mp-22786,ThNiSn,0.289,0.341,5e+20,300.0,1620000.0,117.0,202.6,10.584462897586684,22786,1.053,0.02217618,0.5716756357074733
mp-22786,ThNiSn,0.289,0.341,1e+20,300.0,414000.0,224.0,258.3,2.5744456228731134,22786,1.053,0.020772864,1.7179745330170006
mp-22786,ThNiSn,0.289,0.341,5e+19,300.0,216000.0,280.0,269.9,1.361208695622943,22786,1.053,0.0169344,2.104341687282804
mp-22786,ThNiSn,0.289,0.341,1e+19,300.0,48600.0,413.0,301.8,0.3842917271898385,22786,1.053,0.0082896534,1.730265312848022
mp-22786,ThNiSn,0.289,0.341,5e+18,300.0,26300.0,459.0,322.5,0.3424494302360043,22786,1.053,0.0055409102999999,1.1912098381944514
mp-22786,ThNiSn,0.289,0.341,1e+18,300.0,8790.0,311.0,387.8,0.866636211372922,22786,1.053,0.0008501775899999,0.1328654228800758
mp-22786,ThNiSn,0.289,0.341,-1e+18,300.0,18100.0,-521.0,971.7,0.4956155047172774,22786,1.053,0.0049130821,0.9517692580955314
mp-22786,ThNiSn,0.289,0.341,-5e+18,300.0,60900.0,-457.0,754.3,0.4316833623727076,22786,1.053,0.0127189041,2.570023566440514
mp-22786,ThNiSn,0.289,0.341,-1e+19,300.0,108000.0,-404.0,671.9,0.6782659308415081,22786,1.053,0.017627328,3.054526924947684
mp-22786,ThNiSn,0.289,0.341,-5e+19,300.0,413000.0,-272.0,515.9,2.6013528383776823,22786,1.053,0.0305553919999999,2.508410655843897
mp-22786,ThNiSn,0.289,0.341,-1e+20,300.0,740000.0,-216.0,461.8,4.727224293768035,22786,1.053,0.03452544,1.7919083193998386
mp-22786,ThNiSn,0.289,0.341,-5e+20,300.0,2620000.0,-108.0,327.5,17.48601329587655,22786,1.053,0.03055968,0.4945195223544678
mp-22786,ThNiSn,0.289,0.341,-1e+21,300.0,4500000.0,-73.9,280.9,30.29550239895316,22786,1.053,0.024575445,0.2351829572645294
mp-1217120,Ti2FeNiSb2,0.95,1.011,1e+21,300.0,506000.0,80.3,31.6,2.685750005212661,1217120,20.05133333333333,0.00326273354,0.043049499684096
mp-1217120,Ti2FeNiSb2,0.95,1.011,5e+20,300.0,311000.0,115.0,38.8,1.6846874947860055,1217120,20.05133333333333,0.004112975,0.0567671750849513
mp-1217120,Ti2FeNiSb2,0.95,1.011,1e+20,300.0,85800.0,218.0,53.5,0.4441185374395021,1217120,20.05133333333333,0.0040775592,0.0596848397250718
mp-1217120,Ti2FeNiSb2,0.95,1.011,5e+19,300.0,46400.0,273.0,57.9,0.2325010674976866,1217120,20.05133333333333,0.0034581455999999,0.0511463296090342
mp-1217120,Ti2FeNiSb2,0.95,1.011,1e+19,300.0,10800.0,404.0,67.5,0.0511327492875461,1217120,20.05133333333333,0.0017627328,0.0263062172484986
mp-1217120,Ti2FeNiSb2,0.95,1.011,5e+18,300.0,5790.0,460.0,72.2,0.0267422515242172,1217120,20.05133333333333,0.0012251639999999,0.0183059974272219
mp-1217120,Ti2FeNiSb2,0.95,1.011,1e+18,300.0,1330.0,589.0,82.9,0.005876700483659,1217120,20.05133333333333,0.00046140493,0.0069013326762105
mp-1217120,Ti2FeNiSb2,0.95,1.011,-1e+18,300.0,727.0,-704.0,45.4,0.0032578780330261,1217120,20.05133333333333,0.000360312832,0.005389980202575
mp-1217120,Ti2FeNiSb2,0.95,1.011,-5e+18,300.0,3120.0,-574.0,39.0,0.014467779596792,1217120,20.05133333333333,0.0010279651199999,0.0153689122235567
mp-1217120,Ti2FeNiSb2,0.95,1.011,-1e+19,300.0,5770.0,-518.0,36.0,0.0272609918701635,1217120,20.05133333333333,0.00154822948,0.0231325378897156
mp-1217120,Ti2FeNiSb2,0.95,1.011,-5e+19,300.0,24600.0,-383.0,30.7,0.1214186522623147,1217120,20.05133333333333,0.0036085494,0.0536647067674755
mp-1217120,Ti2FeNiSb2,0.95,1.011,-1e+20,300.0,47200.0,-323.0,29.5,0.2367735110350273,1217120,20.05133333333333,0.0049243288,0.0728159927060948
mp-1217120,Ti2FeNiSb2,0.95,1.011,-5e+20,300.0,210000.0,-192.0,26.2,1.090093295456571,1217120,20.05133333333333,0.00774144,0.1098521892953698
mp-1217120,Ti2FeNiSb2,0.95,1.011,-1e+21,300.0,368000.0,-149.0,23.0,1.944677099557417,1217120,20.05133333333333,0.008169968,0.1114288614964021
mp-5967,TiCoSb,1.067,1.73,1e+21,300.0,746000.0,163.0,46.5,4.727297400109751,5967,20.623,0.019820474,0.2345590706945417
mp-5967,TiCoSb,1.067,1.73,5e+20,300.0,411000.0,210.0,51.3,2.58436728689429,5967,20.623,0.0181250999999999,0.2343018892569801
mp-5967,TiCoSb,1.067,1.73,1e+20,300.0,96600.0,336.0,60.3,0.5977251652497891,5967,20.623,0.0109057536,0.1541759791205273
mp-5967,TiCoSb,1.067,1.73,5e+19,300.0,51800.0,393.0,64.6,0.3152480597802565,5967,20.623,0.0080004581999999,0.1146293354223046
mp-5967,TiCoSb,1.067,1.73,1e+19,300.0,12300.0,523.0,76.5,0.0719534469103155,5967,20.623,0.0033644067,0.0487714076085872
mp-5967,TiCoSb,1.067,1.73,5e+18,300.0,6540.0,578.0,81.7,0.0379469639999632,5967,20.623,0.0021849093599999,0.0317252064555452
mp-5967,TiCoSb,1.067,1.73,1e+18,300.0,1470.0,707.0,91.8,0.0083672513388458,5967,20.623,0.0007347780299999,0.010684382005059
mp-5967,TiCoSb,1.067,1.73,-1e+18,300.0,5060.0,-662.0,315.9,0.0258282070910639,5967,20.623,0.0022175146399999,0.0322175372533494
mp-5967,TiCoSb,1.067,1.73,-5e+18,300.0,21700.0,-535.0,271.1,0.1151591265805325,5967,20.623,0.0062110825,0.0898500555727599
mp-5967,TiCoSb,1.067,1.73,-1e+19,300.0,40100.0,-481.0,250.4,0.2170893073103366,5967,20.623,0.0092775760999999,0.1335537861166289
mp-5967,TiCoSb,1.067,1.73,-5e+19,300.0,164000.0,-353.0,204.9,0.9361515692596536,5967,20.623,0.0204358759999999,0.2843693908966985
mp-5967,TiCoSb,1.067,1.73,-1e+20,300.0,303000.0,-297.0,188.9,1.7672005227998422,5967,20.623,0.026727327,0.3581119379362013
mp-5967,TiCoSb,1.067,1.73,-5e+20,300.0,1250000.0,-172.0,155.5,7.7698433378569,5967,20.623,0.0369799999999999,0.3907322654511342
mp-5967,TiCoSb,1.067,1.73,-1e+21,300.0,2220000.0,-127.0,138.5,14.48282597463742,5967,20.623,0.03580638,0.305986647565581
mp-568560,TlBr,,2.245,1e+21,300.0,128000.0,41.1,8.0,0.8926399015922778,568560,0.29934,0.00021621888,0.0544184209090696
mp-568560,TlBr,,2.245,5e+20,300.0,73200.0,60.2,9.1,0.5065312602144288,568560,0.29934,0.000265279728,0.0987551266921022
mp-568560,TlBr,,2.245,1e+20,300.0,17400.0,137.0,10.8,0.1073324304716304,568560,0.29934,0.0003265805999999,0.2409167001715517
mp-568560,TlBr,,2.245,5e+19,300.0,8960.0,184.0,11.2,0.0534777142749725,568560,0.29934,0.00030334976,0.2579375250106469
mp-568560,TlBr,,2.245,1e+19,300.0,1870.0,311.0,11.6,0.0106866541067741,568560,0.29934,0.0001808682699999,0.1750187613910206
mp-568560,TlBr,,2.245,5e+18,300.0,941.0,368.0,11.8,0.0053568801559198,568560,0.29934,0.000127433984,0.1254695984430061
mp-568560,TlBr,,2.245,1e+18,300.0,191.0,505.0,11.9,0.0010813053381035,568560,0.29934,4.870977500000001e-05,0.0486414653033817
mp-568560,TlBr,,2.245,-1e+18,300.0,293.0,-475.0,18.3,0.0017994884702584,568560,0.29934,6.6108125e-05,0.0658579769818488
mp-568560,TlBr,,2.245,-5e+18,300.0,1440.0,-340.0,18.0,0.0089206085860652,568560,0.29934,0.0001664639999999,0.1620031836991172
mp-568560,TlBr,,2.245,-1e+19,300.0,2850.0,-283.0,17.8,0.0178122598470515,568560,0.29934,0.00022825365,0.2159092135525788
mp-568560,TlBr,,2.245,-5e+19,300.0,14100.0,-163.0,17.6,0.090613143383679,568560,0.29934,0.0003746229,0.2882060881079278
mp-568560,TlBr,,2.245,-1e+20,300.0,28600.0,-120.0,17.8,0.1858186272312268,568560,0.29934,0.0004118399999999,0.254663099994891
mp-568560,TlBr,,2.245,-5e+20,300.0,136000.0,-45.1,17.0,0.9636901799224472,568560,0.29934,0.0002766253599999,0.0657051662891108
mp-568560,TlBr,,2.245,-1e+21,300.0,245000.0,-28.9,15.3,1.7386368696566372,568560,0.29934,0.0002046264499999,0.0301219979058509
mp-569639,TlCl,,2.516,1e+21,300.0,104000.0,40.9,6.5,0.7237717856297708,569639,0.6218,0.0001739722399999,0.0387877276837687
mp-569639,TlCl,,2.516,5e+20,300.0,60200.0,62.3,7.5,0.4025733643057716,569639,0.6218,0.000233653658,0.0684282702406117
mp-569639,TlCl,,2.516,1e+20,300.0,13900.0,146.0,8.7,0.0851606388537819,569639,0.6218,0.0002962924,0.1257322050406038
mp-569639,TlCl,,2.516,5e+19,300.0,7230.0,194.0,9.0,0.0429264987248503,569639,0.6218,0.00027210828,0.122806122753638
mp-569639,TlCl,,2.516,1e+19,300.0,1530.0,319.0,9.5,0.0087218651699971,569639,0.6218,0.00015569433,0.0740787934251999
mp-569639,TlCl,,2.516,5e+18,300.0,773.0,377.0,9.7,0.0043820628309004,569639,0.6218,0.0001098657169999,0.0526359936772425
mp-569639,TlCl,,2.516,1e+18,300.0,157.0,514.0,9.8,0.0008848077021415,569639,0.6218,4.147877200000001e-05,0.0199838368402146
mp-569639,TlCl,,2.516,-1e+18,300.0,240.0,-485.0,15.0,0.0014986158242458,569639,0.6218,5.645399999999999e-05,0.0271718877116447
mp-569639,TlCl,,2.516,-5e+18,300.0,1180.0,-350.0,14.7,0.0074044502194509,569639,0.6218,0.00014455,0.0689203644139442
mp-569639,TlCl,,2.516,-1e+19,300.0,2340.0,-294.0,14.6,0.0147307260993559,569639,0.6218,0.00020226024,0.0953262262323669
mp-569639,TlCl,,2.516,-5e+19,300.0,11600.0,-173.0,14.4,0.0739149299135904,569639,0.6218,0.0003471764,0.1497063172310188
mp-569639,TlCl,,2.516,-1e+20,300.0,23600.0,-128.0,14.7,0.151412318781528,569639,0.6218,0.0003866624,0.1500218208923486
mp-569639,TlCl,,2.516,-5e+20,300.0,117000.0,-47.3,14.6,0.818278792607809,569639,0.6218,0.00026176293,0.0545309599746231
mp-569639,TlCl,,2.516,-1e+21,300.0,216000.0,-33.0,13.5,1.5290880468588464,569639,0.6218,0.0002352239999999,0.0328084021402351
mp-571102,TlI,,2.117,1e+21,300.0,141000.0,38.8,8.8,1.0227928737019836,571102,0.16121,0.0002122670399999,0.0537837478391107
mp-571102,TlI,,2.117,5e+20,300.0,90100.0,58.2,11.2,0.6005637688694603,571102,0.16121,0.000305190324,0.1201893540333882
mp-571102,TlI,,2.117,1e+20,300.0,22700.0,137.0,14.1,0.1381505771472447,571102,0.16121,0.0004260562999999,0.4269663401173276
mp-571102,TlI,,2.117,5e+19,300.0,11700.0,186.0,14.6,0.069084468654785,571102,0.16121,0.0004047732,0.5272899549403786
mp-571102,TlI,,2.117,1e+19,300.0,2420.0,313.0,15.1,0.0138589777019635,571102,0.16121,0.0002370849799999,0.4062712590979635
mp-571102,TlI,,2.117,5e+18,300.0,1220.0,371.0,15.2,0.0069580388350835,571102,0.16121,0.0001679220199999,0.2995611196332768
mp-571102,TlI,,2.117,1e+18,300.0,249.0,507.0,15.5,0.0014103535217014,571102,0.16121,6.400520099999999e-05,0.1180759965414635
mp-571102,TlI,,2.117,-1e+18,300.0,378.0,-467.0,23.6,0.0022274368650929,571102,0.16121,8.243764199999998e-05,0.1513196307674237
mp-571102,TlI,,2.117,-5e+18,300.0,1850.0,-331.0,23.1,0.010993216771987,571102,0.16121,0.0002026878499999,0.3531081250385888
mp-571102,TlI,,2.117,-1e+19,300.0,3650.0,-275.0,22.8,0.0219043603849379,571102,0.16121,0.0002760312499999,0.4522276397432208
mp-571102,TlI,,2.117,-5e+19,300.0,17600.0,-155.0,22.0,0.1101646410445324,571102,0.16121,0.0004228399999999,0.467442350220018
mp-571102,TlI,,2.117,-1e+20,300.0,34400.0,-112.0,21.5,0.2224177877519043,571102,0.16121,0.0004315136,0.3374470883838038
mp-571102,TlI,,2.117,-5e+20,300.0,149000.0,-51.6,18.6,1.0870808617527905,571102,0.16121,0.00039672144,0.095343509791366
mp-571102,TlI,,2.117,-1e+21,300.0,283000.0,-32.2,17.7,1.9450568560020305,571102,0.16121,0.00029342572,0.0417932398970034
mp-4025,TmNiSb,0.238,1.17,1e+21,300.0,1100000.0,29.2,68.9,7.668837290910574,4025,0.21672,0.0009379039999999,0.0356818408160318
mp-4025,TmNiSb,0.238,1.17,5e+20,300.0,773000.0,61.6,96.5,4.931347946286223,4025,0.21672,0.0029331948799999,0.1709298465329629
mp-4025,TmNiSb,0.238,1.17,1e+20,300.0,229000.0,143.0,142.6,1.7674177217739775,4025,0.21672,0.004682821,0.7080387034544937
mp-4025,TmNiSb,0.238,1.17,5e+19,300.0,130000.0,173.0,162.1,1.05770939554063,4025,0.21672,0.00389077,0.915885182878134
mp-4025,TmNiSb,0.238,1.17,1e+19,300.0,36700.0,277.0,228.5,0.2893194622098947,4025,0.21672,0.0028159543,1.6694079278141356
mp-4025,TmNiSb,0.238,1.17,5e+18,300.0,21000.0,327.0,259.5,0.1849729305035752,4025,0.21672,0.0022455089999999,1.6770339949858148
mp-4025,TmNiSb,0.238,1.17,1e+18,300.0,6820.0,375.0,350.7,0.2189471228975838,4025,0.21672,0.0009590625,0.6604095991600372
mp-4025,TmNiSb,0.238,1.17,-1e+18,300.0,3980.0,-362.0,171.9,0.3255525972863283,4025,0.21672,0.0005215551199999,0.2885385261637207
mp-4025,TmNiSb,0.238,1.17,-5e+18,300.0,11100.0,-489.0,135.7,0.1336557495436079,4025,0.21672,0.0026542430999999,2.2726256912391296
mp-4025,TmNiSb,0.238,1.17,-1e+19,300.0,19700.0,-445.0,122.6,0.1526057840921077,4025,0.21672,0.0039010924999999,3.1688222171569183
mp-4025,TmNiSb,0.238,1.17,-5e+19,300.0,83200.0,-309.0,103.9,0.539790990582763,4025,0.21672,0.0079440191999999,3.150259268757108
mp-4025,TmNiSb,0.238,1.17,-1e+20,300.0,162000.0,-248.0,100.9,1.0462868888106882,4025,0.21672,0.009963648,2.3666493243078697
mp-4025,TmNiSb,0.238,1.17,-5e+20,300.0,747000.0,-121.0,93.3,4.949809521958489,4025,0.21672,0.010936827,0.6350584248198092
mp-4025,TmNiSb,0.238,1.17,-1e+21,300.0,1410000.0,-81.9,88.1,9.953631649070916,4025,0.21672,0.0094577301,0.2789794421964943
mp-567636,VFeSb,0.372,1.014,1e+21,300.0,1500000.0,125.0,93.8,8.670645442085961,567636,21.318,0.0234375,0.234463741070891
mp-567636,VFeSb,0.372,1.014,5e+20,300.0,835000.0,169.0,104.2,4.7159020659158175,567636,21.318,0.0238484349999999,0.2748159104956781
mp-567636,VFeSb,0.372,1.014,1e+20,300.0,197000.0,291.0,123.1,1.057991958517553,567636,21.318,0.016682157,0.2236614631109102
mp-567636,VFeSb,0.372,1.014,5e+19,300.0,105000.0,346.0,131.4,0.554439904848019,567636,21.318,0.01257018,0.1724112177884711
mp-567636,VFeSb,0.372,1.014,1e+19,300.0,24400.0,474.0,152.1,0.1354043832261632,567636,21.318,0.0054820943999999,0.0766604819739407
mp-567636,VFeSb,0.372,1.014,5e+18,300.0,12900.0,526.0,160.8,0.0914224606669561,567636,21.318,0.0035691204,0.0500123775859502
mp-567636,VFeSb,0.372,1.014,1e+18,300.0,3130.0,552.0,178.0,0.1558573954420887,567636,21.318,0.0009537235199999,0.0133239711306222
mp-567636,VFeSb,0.372,1.014,-1e+18,300.0,11900.0,-498.0,725.9,0.0962780016631156,567636,21.318,0.0029512475999999,0.0413450446441018
mp-567636,VFeSb,0.372,1.014,-5e+18,300.0,50500.0,-381.0,629.8,0.2669551708687412,567636,21.318,0.0073306304999999,0.1018852776200349
mp-567636,VFeSb,0.372,1.014,-1e+19,300.0,94600.0,-327.0,590.0,0.4964247611936447,567636,21.318,0.0101154834,0.1391118515945661
mp-567636,VFeSb,0.372,1.014,-5e+19,300.0,409000.0,-205.0,510.4,2.192511700387925,567636,21.318,0.017188225,0.2193260429935652
mp-567636,VFeSb,0.372,1.014,-1e+20,300.0,767000.0,-155.0,478.9,4.18691648409798,567636,21.318,0.018427175,0.2167485042911918
mp-567636,VFeSb,0.372,1.014,-5e+20,300.0,2790000.0,-64.1,348.2,17.745411103117135,567636,21.318,0.0114635798999999,0.0880382402069732
mp-567636,VFeSb,0.372,1.014,-1e+21,300.0,4490000.0,-46.0,280.3,28.440849563267463,567636,21.318,0.00950084,0.057281308250022
mp-752658,Y2SeO2,2.187,2.521,1e+21,300.0,119000.0,53.5,7.4,0.7492916798625888,752658,22.606,0.00034060775,0.0043751251922108
mp-752658,Y2SeO2,2.187,2.521,5e+20,300.0,66500.0,82.0,8.3,0.3992288167135313,752658,22.606,0.000447146,0.0058310135086569
mp-752658,Y2SeO2,2.187,2.521,1e+20,300.0,15600.0,177.0,9.8,0.0890256556817246,752658,22.606,0.0004887323999999,0.0064604342037068
mp-752658,Y2SeO2,2.187,2.521,5e+19,300.0,8100.0,229.0,10.1,0.0459279336412762,752658,22.606,0.0004247720999999,0.0056256416837136
mp-752658,Y2SeO2,2.187,2.521,1e+19,300.0,1720.0,359.0,10.7,0.0096271780013136,752658,22.606,0.00022167532,0.0029405594404513
mp-752658,Y2SeO2,2.187,2.521,5e+18,300.0,892.0,416.0,11.1,0.0049453939406957,752658,22.606,0.000154365952,0.0020481136366996
mp-752658,Y2SeO2,2.187,2.521,1e+18,300.0,198.0,547.0,12.4,0.0010677704621257,752658,22.606,5.924338199999999e-05,0.0007861707135333
mp-752658,Y2SeO2,2.187,2.521,-1e+18,300.0,356.0,-458.0,22.2,0.0017479065154778,752658,22.606,7.467598399999998e-05,0.0009909344041094
mp-752658,Y2SeO2,2.187,2.521,-5e+18,300.0,1570.0,-328.0,19.6,0.0081491621279281,752658,22.606,0.00016890688,0.0022407238776359
mp-752658,Y2SeO2,2.187,2.521,-1e+19,300.0,2960.0,-274.0,18.5,0.0157904300802042,752658,22.606,0.0002222249599999,0.0029470473703673
mp-752658,Y2SeO2,2.187,2.521,-5e+19,300.0,12300.0,-160.0,15.3,0.0717500636512222,752658,22.606,0.0003148799999999,0.0041654925967007
mp-752658,Y2SeO2,2.187,2.521,-1e+20,300.0,22200.0,-121.0,13.8,0.1352026174396116,752658,22.606,0.0003250302,0.0042877706003649
mp-752658,Y2SeO2,2.187,2.521,-5e+20,300.0,89300.0,-60.6,11.1,0.6075508744036447,752658,22.606,0.0003279417479999,0.0042381505928268
mp-752658,Y2SeO2,2.187,2.521,-1e+21,300.0,175000.0,-46.7,10.9,1.1863900197591848,752658,22.606,0.00038165575,0.0048123254916766
mp-28797,YHSe,1.541,1.912,1e+21,300.0,752000.0,22.3,46.9,4.855438129574137,28797,29.935,0.00037396208,0.0032246970728613
mp-28797,YHSe,1.541,1.912,5e+20,300.0,517000.0,18.1,64.5,3.3258191208482444,28797,29.935,0.0001693743699999,0.0015276927130192
mp-28797,YHSe,1.541,1.912,1e+20,300.0,231000.0,48.7,144.2,1.411365393869471,28797,29.935,0.0005478603899999,0.0052432910461802
mp-28797,YHSe,1.541,1.912,5e+19,300.0,162000.0,72.7,202.3,0.8910539786322547,28797,29.935,0.00085621698,0.0083327270554334
mp-28797,YHSe,1.541,1.912,1e+19,300.0,48800.0,148.0,304.6,0.2408909390942669,28797,29.935,0.0010689152,0.0106268464665131
mp-28797,YHSe,1.541,1.912,5e+18,300.0,28300.0,194.0,353.0,0.133086707143141,28797,29.935,0.0010650988,0.0106268697144634
mp-28797,YHSe,1.541,1.912,1e+18,300.0,8000.0,310.0,499.1,0.0340282368370183,28797,29.935,0.0007687999999999,0.0076959452331014
mp-28797,YHSe,1.541,1.912,-1e+18,300.0,5510.0,-297.0,344.1,0.0205902732049622,28797,29.935,0.00048603159,0.004867521409866
mp-28797,YHSe,1.541,1.912,-5e+18,300.0,17200.0,-180.0,214.8,0.0788059900125591,28797,29.935,0.0005572799999999,0.0055702365789797
mp-28797,YHSe,1.541,1.912,-1e+19,300.0,27300.0,-138.0,170.5,0.1402725588104622,28797,29.935,0.0005199012,0.0051859998839581
mp-28797,YHSe,1.541,1.912,-5e+19,300.0,86100.0,-75.2,107.5,0.5225960072455827,28797,29.935,0.0004868989439999,0.0047958375692297
mp-28797,YHSe,1.541,1.912,-1e+20,300.0,159000.0,-55.2,99.0,0.9825839485323566,28797,29.935,0.00048447936,0.0047010079520427
mp-28797,YHSe,1.541,1.912,-5e+20,300.0,575000.0,-32.8,71.7,3.733563347573423,28797,29.935,0.0006186079999999,0.0055120379828545
mp-28797,YHSe,1.541,1.912,-1e+21,300.0,826000.0,-25.1,51.5,5.349444663133191,28797,29.935,0.0005203882599999,0.0044245128268403
mp-570418,YbI2,3.97,4.215,1e+21,300.0,47300.0,114.0,3.0,0.282467349751302,570418,0.371051,0.0006147107999999,0.2821852516767875
mp-570418,YbI2,3.97,4.215,5e+20,300.0,24700.0,161.0,3.1,0.1478675378583885,570418,0.371051,0.0006402486999999,0.3701440514973212
mp-570418,YbI2,3.97,4.215,1e+20,300.0,5240.0,288.0,3.3,0.0296705377730913,570418,0.371051,0.00043462656,0.3253829797235211
mp-570418,YbI2,3.97,4.215,5e+19,300.0,2620.0,349.0,3.3,0.0147237424713022,570418,0.371051,0.00031911862,0.248164473875896
mp-570418,YbI2,3.97,4.215,1e+19,300.0,550.0,492.0,3.4,0.0030409829599398,570418,0.371051,0.0001331351999999,0.1067666825788327
mp-570418,YbI2,3.97,4.215,5e+18,300.0,290.0,551.0,3.6,0.0015756751195879,570418,0.371051,8.804428999999999e-05,0.0708840476638531
mp-570418,YbI2,3.97,4.215,1e+18,300.0,66.7,684.0,4.2,0.000348403771089,570418,0.371051,3.1205995199999995e-05,0.0252068217259985
mp-570418,YbI2,3.97,4.215,-1e+18,300.0,296.0,-604.0,18.5,0.0018382351498577,570418,0.371051,0.0001079855359999,0.0868774363704834
mp-570418,YbI2,3.97,4.215,-5e+18,300.0,1300.0,-469.0,16.3,0.0083109920105384,570418,0.371051,0.0002859492999999,0.2261291109985181
mp-570418,YbI2,3.97,4.215,-1e+19,300.0,2500.0,-408.0,15.6,0.0161220121513471,570418,0.371051,0.00041616,0.3224604920324264
mp-570418,YbI2,3.97,4.215,-5e+19,300.0,12200.0,-266.0,15.3,0.0792501765022174,570418,0.371051,0.0008632232,0.5750972316163264
mp-570418,YbI2,3.97,4.215,-1e+20,300.0,24400.0,-208.0,15.2,0.1587851353437025,570418,0.371051,0.0010556416,0.5977177826773987
mp-570418,YbI2,3.97,4.215,-5e+20,300.0,114000.0,-97.3,14.2,0.7495746643675517,570418,0.371051,0.00107927106,0.2889290583780559
mp-570418,YbI2,3.97,4.215,-1e+21,300.0,211000.0,-62.4,13.2,1.3846604841170056,570418,0.371051,0.0008215833599999,0.1403846874783808
mp-1216,YbO,3.415,3.557,1e+21,300.0,1020000.0,94.3,63.4,6.340322572684403,1216,18.451,0.0090703397999999,0.1097602571231168
mp-1216,YbO,3.415,3.557,5e+20,300.0,621000.0,135.0,77.5,3.48702807362932,1216,18.451,0.0113177249999999,0.1547685821444145
mp-1216,YbO,3.415,3.557,1e+20,300.0,170000.0,245.0,106.1,0.9105165883142908,1216,18.451,0.01020425,0.1581113228417056
mp-1216,YbO,3.415,3.557,5e+19,300.0,94900.0,296.0,118.4,0.5004375122893707,1216,18.451,0.0083147584,0.1316220744934228
mp-1216,YbO,3.415,3.557,1e+19,300.0,23700.0,418.0,147.9,0.1203673802195734,1216,18.451,0.0041409587999999,0.066892631789899
mp-1216,YbO,3.415,3.557,5e+18,300.0,12900.0,471.0,160.5,0.064345815124659,1216,18.451,0.0028617488999999,0.0463682762705228
mp-1216,YbO,3.415,3.557,1e+18,300.0,2990.0,597.0,186.7,0.0145558378249652,1216,18.451,0.0010656629099999,0.0173132547867904
mp-1216,YbO,3.415,3.557,-1e+18,300.0,27800.0,-497.0,1734.7,0.1574255118549398,1216,18.451,0.0068668501999999,0.110705500510377
mp-1216,YbO,3.415,3.557,-5e+18,300.0,121000.0,-371.0,1506.1,0.6973152564486064,1216,18.451,0.016654561,0.2609299164487781
mp-1216,YbO,3.415,3.557,-1e+19,300.0,224000.0,-318.0,1396.8,1.3099895213293389,1216,18.451,0.022651776,0.3438862609924029
mp-1216,YbO,3.415,3.557,-5e+19,300.0,920000.0,-199.0,1148.6,5.5839156059773885,1216,18.451,0.0364329199999999,0.4547499221208729
mp-1216,YbO,3.415,3.557,-1e+20,300.0,1700000.0,-152.0,1061.2,10.511817544404645,1216,18.451,0.0392767999999999,0.4068333469951493
mp-1216,YbO,3.415,3.557,-5e+20,300.0,7140000.0,-63.9,891.4,49.78808498173554,1216,18.451,0.0291541193999999,0.1281704733048653
mp-1216,YbO,3.415,3.557,-1e+21,300.0,13900000.0,-46.1,868.2,99.86454127562934,1216,18.451,0.029540419,0.0749024650899807
mp-1190,ZnSe,,1.202,1e+21,300.0,244000.0,62.8,15.2,1.6352008218724976,1190,0.14804,0.0009622969599999,0.1618901297340373
mp-1190,ZnSe,,1.202,5e+20,300.0,141000.0,99.3,17.6,0.8852210891550945,1190,0.14804,0.0013903290899999,0.4036721515769406
mp-1190,ZnSe,,1.202,1e+20,300.0,31500.0,209.0,19.7,0.2018333863195465,1190,0.14804,0.0013759514999999,1.1798138016218376
mp-1190,ZnSe,,1.202,5e+19,300.0,15900.0,263.0,19.9,0.1048553142621273,1190,0.14804,0.0010997871,1.3046352043439584
mp-1190,ZnSe,,1.202,1e+19,300.0,3380.0,397.0,21.1,0.0226509294585116,1190,0.14804,0.00053271842,0.9362859907494088
mp-1190,ZnSe,,1.202,5e+18,300.0,1780.0,455.0,22.3,0.0119397686235377,1190,0.14804,0.0003685045,0.691033315969771
mp-1190,ZnSe,,1.202,1e+18,300.0,417.0,587.0,26.0,0.0027414661392573,1190,0.14804,0.0001436852729999,0.2858811696402989
mp-1190,ZnSe,,1.202,-1e+18,300.0,7620.0,-201.0,475.6,0.0458854351203847,1190,0.14804,0.0003078556199999,0.4762484402452776
mp-1190,ZnSe,,1.202,-5e+18,300.0,26200.0,-112.0,327.3,0.171046554826821,1190,0.14804,0.0003286527999999,0.3089940284493694
mp-1190,ZnSe,,1.202,-1e+19,300.0,44600.0,-79.8,278.6,0.3050477726215968,1190,0.14804,0.0002840145839999,0.1880526916605399
mp-1190,ZnSe,,1.202,-5e+19,300.0,146000.0,-36.9,182.9,1.0454281834835717,1190,0.14804,0.0001987950599999,0.0499707648895115
mp-1190,ZnSe,,1.202,-1e+20,300.0,230000.0,-25.2,143.4,1.6376303921994808,1190,0.14804,0.0001460592,0.024538548766566
mp-1190,ZnSe,,1.202,-5e+20,300.0,378000.0,-8.42,47.1,2.698532923597664,1190,0.14804,2.6798839199999995e-05,0.002824326646738
mp-1190,ZnSe,,1.202,-1e+21,300.0,531000.0,-8.98,33.1,3.9093546387812346,1190,0.14804,4.28200524e-05,0.003166074997294
mp-23162,ZrCl2,0.86,1.512,1e+21,300.0,546000.0,62.5,34.1,3.633865760420852,23162,25.45703333333333,0.0021328124999999,0.0219946364647541
mp-23162,ZrCl2,0.86,1.512,5e+20,300.0,357000.0,106.0,44.6,2.241680263196985,23162,25.45703333333333,0.004011252,0.0434451800732991
mp-23162,ZrCl2,0.86,1.512,1e+20,300.0,97400.0,236.0,60.8,0.5899122705397395,23162,25.45703333333333,0.0054247904,0.0624809198264692
mp-23162,ZrCl2,0.86,1.512,5e+19,300.0,50400.0,298.0,62.9,0.3111459342809598,23162,25.45703333333333,0.0044757215999999,0.052107541866084
mp-23162,ZrCl2,0.86,1.512,1e+19,300.0,12700.0,446.0,79.2,0.0784037080718365,23162,25.45703333333333,0.0025262332,0.0296791458384334
mp-23162,ZrCl2,0.86,1.512,5e+18,300.0,7510.0,507.0,93.8,0.0451900186650781,23162,25.45703333333333,0.0019304379899999,0.0227090551677168
mp-23162,ZrCl2,0.86,1.512,1e+18,300.0,2230.0,638.0,139.2,0.0124319296805739,23162,25.45703333333333,0.00090770812,0.0106917217612513
mp-23162,ZrCl2,0.86,1.512,-1e+18,300.0,786.0,-626.0,49.1,0.0038491836669537,23162,25.45703333333333,0.0003080145359999,0.0036292677890592
mp-23162,ZrCl2,0.86,1.512,-5e+18,300.0,2640.0,-496.0,33.0,0.0145187379385816,23162,25.45703333333333,0.00064948224,0.0076495013517356
mp-23162,ZrCl2,0.86,1.512,-1e+19,300.0,4590.0,-433.0,28.6,0.0262033050751112,23162,25.45703333333333,0.0008605745099999,0.0101310660283573
mp-23162,ZrCl2,0.86,1.512,-5e+19,300.0,20500.0,-275.0,25.6,0.1171115367744633,23162,25.45703333333333,0.0015503124999999,0.0181860919441178
mp-23162,ZrCl2,0.86,1.512,-1e+20,300.0,40900.0,-209.0,25.5,0.2295237260241844,23162,25.45703333333333,0.0017865528999999,0.0208656173251027
mp-23162,ZrCl2,0.86,1.512,-5e+20,300.0,147000.0,-96.4,18.4,0.9503352710286448,23162,25.45703333333333,0.00136606512,0.0155191356677736
mp-23162,ZrCl2,0.86,1.512,-1e+21,300.0,210000.0,-72.6,13.1,1.5013678233875616,23162,25.45703333333333,0.0011068595999999,0.0123174174191404
